item_id,category,price,rating
0,Books,483.34,1.63
1,Gaming,97.22,4.71
2,Gaming,354.32,1.61
3,Books,199.78,1.23
4,Fashion,219.17,4.11
5,Fashion,279.22,3.59
6,Electronics,166.78,1.65
7,Books,11.49,4.29
8,Electronics,320.14,1.92
9,Education,212.12,4.21
10,Fashion,271.66,2.2
11,Music,137.26,1.87
12,Education,412.75,3.33
13,Sports,356.03,4.44
14,Sports,493.5,2.0
15,Sports,94.55,2.85
16,Electronics,22.36,4.17
17,Movies,442.46,3.74
18,Sports,137.66,1.49
19,Gaming,194.16,4.33
20,Gaming,177.17,1.14
21,Music,140.77,4.96
22,Sports,339.95,4.6
23,Electronics,388.56,3.16
24,Fashion,78.6,2.39
25,Education,293.95,4.48
26,Movies,137.99,1.48
27,Books,281.62,1.71
28,Fashion,307.13,2.05
29,Movies,119.33,2.6
30,Fashion,298.63,3.18
31,Books,126.14,4.56
32,Books,59.39,1.16
33,Movies,303.34,1.49
34,Electronics,254.92,4.81
35,Gaming,350.8,3.47
36,Fashion,289.53,1.72
37,Music,219.16,2.37
38,Electronics,476.77,1.97
39,Music,238.4,4.75
40,Fashion,395.64,4.86
41,Fashion,306.12,2.34
42,Movies,414.19,2.17
43,Gaming,86.56,3.83
44,Fashion,321.28,4.52
45,Electronics,481.15,4.43
46,Sports,34.71,3.66
47,Music,393.44,4.93
48,Music,190.46,1.68
49,Gaming,427.2,2.27
50,Books,301.11,2.56
51,Electronics,204.15,3.93
52,Sports,183.93,3.77
53,Music,12.09,2.3
54,Fashion,162.93,4.0
55,Education,160.71,3.53
56,Electronics,345.82,3.63
57,Books,303.63,2.65
58,Sports,189.79,3.26
59,Education,36.53,4.5
60,Books,413.53,2.39
61,Fashion,285.58,4.73
62,Movies,139.46,3.97
63,Sports,45.95,3.09
64,Gaming,442.56,3.21
65,Music,310.05,4.63
66,Music,359.1,3.78
67,Music,295.26,3.53
68,Gaming,402.83,4.92
69,Movies,398.69,3.83
70,Fashion,72.09,4.27
71,Sports,369.32,4.08
72,Electronics,119.39,4.61
73,Movies,53.15,2.01
74,Books,333.2,3.69
75,Fashion,160.1,3.81
76,Electronics,197.03,1.0
77,Fashion,85.49,4.53
78,Education,115.23,1.45
79,Electronics,342.69,2.76
80,Gaming,399.31,4.45
81,Books,423.76,2.25
82,Music,255.25,3.6
83,Fashion,164.38,1.16
84,Education,250.35,1.05
85,Sports,475.57,4.19
86,Education,100.04,2.15
87,Movies,491.51,2.49
88,Electronics,392.94,2.79
89,Fashion,432.73,3.82
90,Electronics,16.34,2.18
91,Education,281.21,4.7
92,Books,55.5,3.4
93,Gaming,154.58,4.56
94,Gaming,383.76,2.48
95,Electronics,87.72,1.05
96,Gaming,312.46,2.62
97,Sports,160.8,4.94
98,Fashion,235.74,4.0
99,Fashion,92.82,1.05
100,Movies,211.69,3.66
101,Books,255.77,4.56
102,Music,219.82,2.24
103,Music,458.44,2.63
104,Movies,138.48,1.39
105,Fashion,397.69,4.3
106,Electronics,21.48,2.43
107,Sports,376.19,4.79
108,Movies,192.02,4.49
109,Electronics,199.89,1.72
110,Sports,6.71,2.32
111,Electronics,192.35,4.78
112,Books,107.0,2.53
113,Electronics,17.45,4.05
114,Music,457.99,1.95
115,Gaming,217.35,1.49
116,Education,231.13,1.53
117,Education,264.06,3.94
118,Music,278.9,1.98
119,Gaming,180.13,3.55
120,Movies,296.93,1.55
121,Books,423.25,2.9
122,Music,85.37,1.49
123,Education,482.95,2.13
124,Music,454.75,2.64
125,Music,196.03,3.8
126,Movies,9.89,2.35
127,Gaming,154.81,4.47
128,Fashion,266.92,2.46
129,Sports,136.71,3.36
130,Movies,80.08,1.98
131,Education,150.34,3.43
132,Books,189.76,3.02
133,Fashion,326.97,4.83
134,Movies,383.59,2.62
135,Education,375.4,4.8
136,Gaming,252.19,2.64
137,Electronics,43.62,4.57
138,Books,126.98,1.26
139,Electronics,270.92,4.38
140,Electronics,206.28,4.13
141,Books,419.02,2.82
142,Books,297.52,3.14
143,Electronics,469.9,3.9
144,Sports,463.04,1.88
145,Electronics,158.57,1.28
146,Gaming,252.45,4.5
147,Sports,166.79,1.51
148,Books,38.88,2.79
149,Education,86.19,2.38
150,Gaming,410.89,2.54
151,Movies,306.89,3.01
152,Books,360.67,1.62
153,Education,460.62,3.57
154,Fashion,139.12,1.49
155,Gaming,79.11,4.13
156,Electronics,296.11,2.52
157,Electronics,169.79,4.42
158,Books,438.01,3.33
159,Music,264.65,4.27
160,Education,375.92,2.6
161,Books,45.96,4.07
162,Fashion,88.51,1.07
163,Electronics,422.43,3.31
164,Books,446.37,2.94
165,Music,463.61,2.42
166,Electronics,363.64,2.2
167,Education,5.58,2.52
168,Books,370.19,1.6
169,Sports,254.88,1.85
170,Electronics,41.94,3.47
171,Gaming,476.22,2.24
172,Education,292.42,4.81
173,Books,326.99,3.69
174,Sports,93.57,2.97
175,Electronics,186.71,2.88
176,Education,401.41,2.84
177,Sports,36.11,4.62
178,Music,274.68,4.7
179,Books,288.32,1.28
180,Electronics,278.67,3.3
181,Movies,111.1,2.88
182,Music,232.42,3.49
183,Movies,133.51,3.33
184,Education,124.27,2.79
185,Movies,65.74,1.15
186,Sports,163.69,2.1
187,Gaming,206.43,4.85
188,Fashion,263.5,3.21
189,Books,471.09,4.68
190,Sports,442.64,1.39
191,Electronics,318.98,4.23
192,Electronics,418.61,3.31
193,Gaming,13.66,4.89
194,Fashion,238.74,2.57
195,Music,200.5,2.7
196,Music,124.88,2.31
197,Education,492.75,2.47
198,Gaming,265.73,4.39
199,Gaming,266.08,2.3
200,Movies,264.26,1.46
201,Education,69.35,3.78
202,Electronics,459.14,3.9
203,Sports,41.93,2.61
204,Books,6.26,3.04
205,Electronics,100.64,4.47
206,Music,56.65,1.01
207,Sports,228.32,1.62
208,Sports,370.3,4.68
209,Gaming,25.76,2.58
210,Fashion,498.42,3.93
211,Education,476.83,1.66
212,Movies,114.58,1.62
213,Gaming,154.67,3.9
214,Gaming,86.65,3.1
215,Gaming,138.26,4.32
216,Fashion,8.26,1.89
217,Books,304.59,1.39
218,Music,235.82,2.74
219,Books,427.0,3.5
220,Sports,321.65,4.81
221,Fashion,491.27,3.61
222,Education,263.39,3.43
223,Electronics,194.31,4.95
224,Electronics,353.99,2.16
225,Electronics,33.59,1.18
226,Movies,106.43,1.93
227,Gaming,210.45,1.86
228,Gaming,317.3,1.85
229,Gaming,98.0,2.88
230,Books,444.89,2.87
231,Movies,209.86,3.31
232,Music,132.32,2.41
233,Electronics,110.85,3.29
234,Books,350.21,3.69
235,Books,131.13,4.12
236,Electronics,131.7,1.6
237,Education,178.16,3.39
238,Education,75.29,3.59
239,Education,432.22,2.17
240,Books,227.85,1.91
241,Movies,183.82,1.09
242,Electronics,477.12,2.66
243,Electronics,395.49,1.57
244,Movies,407.12,4.44
245,Sports,359.16,4.61
246,Books,87.76,2.91
247,Movies,311.95,3.38
248,Electronics,431.22,1.86
249,Music,91.94,2.01
250,Sports,446.32,4.76
251,Books,286.97,3.01
252,Music,304.67,3.47
253,Fashion,89.3,3.75
254,Electronics,228.91,3.07
255,Movies,20.01,4.06
256,Electronics,418.54,3.48
257,Movies,375.62,3.09
258,Education,311.08,2.58
259,Gaming,396.98,2.87
260,Education,341.71,3.49
261,Sports,352.65,4.14
262,Books,258.79,4.25
263,Sports,251.14,4.83
264,Education,377.57,1.68
265,Education,415.64,3.21
266,Books,492.31,3.88
267,Gaming,46.77,2.58
268,Gaming,261.05,4.36
269,Movies,366.03,2.48
270,Books,328.45,3.31
271,Gaming,67.4,1.94
272,Gaming,173.86,1.78
273,Books,79.32,1.23
274,Fashion,437.19,2.16
275,Sports,148.71,1.82
276,Education,240.32,3.06
277,Movies,108.1,3.43
278,Electronics,362.88,2.5
279,Education,294.8,3.01
280,Education,101.8,3.92
281,Movies,401.72,3.6
282,Sports,165.33,4.71
283,Sports,230.4,2.06
284,Fashion,207.08,3.77
285,Music,423.74,2.43
286,Gaming,120.15,3.51
287,Fashion,461.0,1.73
288,Sports,402.49,2.91
289,Movies,400.76,3.02
290,Books,191.78,3.79
291,Education,450.81,2.28
292,Electronics,233.07,1.92
293,Books,95.79,4.11
294,Movies,104.33,4.17
295,Fashion,217.46,4.98
296,Gaming,102.68,1.37
297,Fashion,42.34,4.34
298,Electronics,221.7,1.01
299,Sports,438.01,4.51
300,Education,404.18,1.99
301,Electronics,189.51,3.98
302,Education,247.23,1.62
303,Fashion,125.19,4.89
304,Books,79.75,3.9
305,Books,241.62,3.99
306,Gaming,332.25,2.76
307,Electronics,180.19,4.02
308,Fashion,164.95,4.15
309,Electronics,341.52,3.31
310,Movies,187.56,1.82
311,Books,356.66,1.37
312,Books,485.42,4.91
313,Sports,69.46,1.42
314,Music,209.29,4.85
315,Education,203.15,2.46
316,Fashion,353.27,1.71
317,Books,184.85,2.17
318,Books,302.76,1.65
319,Education,276.61,4.43
320,Electronics,259.51,3.73
321,Movies,42.25,2.8
322,Electronics,51.97,3.4
323,Books,144.12,2.15
324,Gaming,43.0,2.24
325,Movies,255.81,3.34
326,Movies,38.0,3.61
327,Fashion,246.99,3.15
328,Fashion,417.23,2.37
329,Books,91.16,3.21
330,Education,472.79,3.07
331,Music,416.8,4.03
332,Sports,261.57,3.59
333,Education,206.31,3.12
334,Music,256.11,3.84
335,Education,207.94,1.4
336,Electronics,395.41,3.74
337,Fashion,475.31,2.71
338,Electronics,43.71,1.49
339,Electronics,387.79,1.27
340,Movies,454.37,2.13
341,Electronics,449.95,4.09
342,Gaming,436.24,1.86
343,Education,299.87,1.37
344,Music,105.13,2.24
345,Education,371.7,1.1
346,Books,452.04,1.28
347,Fashion,191.36,1.32
348,Sports,385.64,1.57
349,Gaming,442.95,3.12
350,Books,474.49,2.16
351,Movies,229.89,3.78
352,Gaming,416.8,2.69
353,Books,446.75,1.47
354,Books,355.8,2.39
355,Fashion,55.16,2.55
356,Education,440.71,4.92
357,Movies,199.44,4.55
358,Fashion,257.28,3.87
359,Gaming,27.46,3.23
360,Fashion,39.73,2.07
361,Education,285.57,4.23
362,Gaming,282.64,4.74
363,Education,406.11,1.62
364,Electronics,197.53,3.67
365,Movies,469.51,4.95
366,Electronics,382.78,3.3
367,Music,379.52,2.09
368,Sports,145.38,3.62
369,Books,436.56,4.88
370,Movies,173.96,4.19
371,Books,426.51,3.49
372,Gaming,177.06,3.48
373,Books,294.3,3.43
374,Music,311.53,4.39
375,Gaming,89.19,2.47
376,Electronics,295.07,2.13
377,Education,489.19,2.05
378,Sports,237.47,4.51
379,Fashion,44.63,4.28
380,Education,287.65,1.13
381,Movies,451.94,1.16
382,Sports,260.03,1.2
383,Music,40.24,4.55
384,Gaming,384.08,1.79
385,Music,312.13,4.18
386,Books,445.35,2.87
387,Education,449.26,3.03
388,Gaming,345.67,4.92
389,Fashion,121.8,1.67
390,Movies,174.3,1.66
391,Electronics,145.66,3.97
392,Gaming,241.37,2.5
393,Movies,187.52,1.78
394,Gaming,226.47,3.5
395,Gaming,73.88,4.89
396,Sports,224.42,4.79
397,Movies,71.66,4.07
398,Gaming,310.73,4.28
399,Electronics,302.34,4.85
400,Movies,315.33,4.14
401,Education,439.4,3.86
402,Movies,264.5,2.09
403,Fashion,427.97,2.92
404,Books,312.25,1.32
405,Education,251.19,3.79
406,Electronics,294.12,2.79
407,Fashion,115.6,2.24
408,Music,351.81,1.9
409,Books,312.75,3.36
410,Gaming,485.36,1.24
411,Fashion,58.52,3.02
412,Fashion,265.92,1.16
413,Music,413.8,2.98
414,Sports,176.59,2.28
415,Gaming,431.4,1.79
416,Movies,84.41,1.85
417,Fashion,314.39,4.24
418,Electronics,168.83,1.69
419,Sports,108.55,3.48
420,Movies,126.79,4.51
421,Gaming,56.43,1.13
422,Sports,48.75,4.38
423,Electronics,327.36,4.83
424,Gaming,171.47,1.85
425,Fashion,283.18,3.15
426,Movies,297.56,2.39
427,Gaming,7.92,1.14
428,Education,333.59,3.09
429,Fashion,411.4,2.2
430,Education,408.66,2.7
431,Books,52.87,4.91
432,Gaming,258.41,3.52
433,Electronics,337.04,2.45
434,Books,375.03,4.48
435,Books,196.66,3.63
436,Movies,379.78,1.76
437,Books,169.64,1.44
438,Sports,303.09,4.2
439,Books,307.37,1.72
440,Sports,275.45,4.34
441,Music,154.85,4.33
442,Fashion,393.39,1.09
443,Sports,123.53,3.17
444,Gaming,360.22,4.52
445,Books,322.32,2.52
446,Sports,96.39,4.04
447,Sports,107.36,3.78
448,Education,94.7,1.36
449,Gaming,129.29,2.14
450,Electronics,325.37,1.64
451,Music,465.5,3.22
452,Fashion,248.01,2.74
453,Sports,285.47,1.09
454,Electronics,495.09,3.23
455,Movies,22.42,3.36
456,Music,221.35,1.1
457,Books,462.59,1.04
458,Gaming,291.05,4.85
459,Music,122.61,2.02
460,Electronics,5.21,1.27
461,Fashion,27.22,4.29
462,Music,419.19,3.91
463,Movies,179.61,4.29
464,Movies,272.19,2.22
465,Education,221.45,1.26
466,Fashion,472.73,3.48
467,Movies,366.96,3.71
468,Books,335.54,1.07
469,Books,265.06,4.29
470,Gaming,27.04,4.82
471,Music,214.96,2.16
472,Electronics,268.25,4.2
473,Sports,240.0,3.58
474,Movies,252.46,3.53
475,Movies,73.33,1.15
476,Electronics,72.77,2.14
477,Gaming,130.41,3.46
478,Gaming,230.67,1.16
479,Books,22.26,1.36
480,Education,179.78,1.02
481,Education,249.52,2.44
482,Books,279.94,3.88
483,Fashion,129.23,1.63
484,Movies,142.64,1.01
485,Electronics,64.41,4.0
486,Electronics,115.29,4.98
487,Gaming,88.08,4.16
488,Education,354.0,2.29
489,Fashion,168.72,3.25
490,Books,426.93,2.54
491,Movies,35.28,2.5
492,Books,107.62,4.76
493,Education,350.15,1.2
494,Movies,150.03,1.2
495,Gaming,415.86,4.63
496,Books,60.58,2.76
497,Sports,466.28,1.58
498,Music,149.49,2.22
499,Fashion,19.88,1.15
500,Gaming,476.63,3.28
501,Gaming,156.79,2.51
502,Movies,358.85,2.47
503,Gaming,117.74,1.41
504,Sports,365.82,1.72
505,Gaming,39.48,2.71
506,Education,24.59,4.86
507,Movies,315.51,1.61
508,Gaming,90.36,3.28
509,Movies,181.5,4.1
510,Books,275.17,2.73
511,Music,481.68,2.56
512,Music,203.3,3.66
513,Movies,405.69,3.5
514,Music,350.81,2.49
515,Electronics,242.35,1.79
516,Books,341.72,1.89
517,Books,5.62,4.74
518,Fashion,156.48,1.79
519,Fashion,137.73,2.32
520,Electronics,239.9,1.28
521,Education,31.07,2.17
522,Music,151.4,1.47
523,Sports,205.37,2.14
524,Gaming,17.9,4.54
525,Electronics,443.58,1.84
526,Music,85.62,3.19
527,Books,317.22,4.83
528,Books,191.79,3.47
529,Education,439.7,2.8
530,Books,65.56,2.51
531,Gaming,72.6,1.07
532,Electronics,377.02,1.95
533,Sports,5.99,4.49
534,Gaming,224.68,1.96
535,Sports,135.08,1.96
536,Gaming,101.31,4.36
537,Music,89.31,3.25
538,Sports,43.27,4.8
539,Gaming,303.64,4.61
540,Fashion,201.95,4.24
541,Books,427.56,3.81
542,Movies,51.01,1.06
543,Music,88.44,1.47
544,Music,363.94,3.23
545,Electronics,265.35,2.01
546,Gaming,81.53,1.83
547,Education,203.14,3.96
548,Electronics,130.99,3.79
549,Electronics,248.3,4.54
550,Electronics,120.29,2.8
551,Movies,52.85,2.34
552,Fashion,255.91,3.93
553,Movies,103.05,1.87
554,Movies,317.63,2.53
555,Fashion,243.64,4.34
556,Electronics,252.05,3.61
557,Movies,330.1,4.21
558,Gaming,320.88,1.26
559,Gaming,174.38,4.96
560,Movies,102.27,3.35
561,Gaming,422.26,3.35
562,Gaming,189.27,1.32
563,Education,184.02,1.73
564,Gaming,480.63,3.86
565,Electronics,375.94,2.74
566,Music,59.43,2.07
567,Gaming,133.56,2.95
568,Movies,233.18,2.73
569,Fashion,250.51,4.95
570,Electronics,152.69,3.46
571,Movies,123.56,2.87
572,Music,104.02,3.23
573,Gaming,136.18,1.15
574,Music,408.56,1.51
575,Education,187.18,2.91
576,Education,219.08,3.9
577,Music,300.4,2.18
578,Electronics,30.59,4.07
579,Education,179.5,4.56
580,Movies,200.55,3.87
581,Music,470.08,3.6
582,Sports,209.68,3.27
583,Sports,274.01,3.34
584,Electronics,77.68,3.79
585,Gaming,76.8,1.06
586,Fashion,314.27,1.47
587,Sports,386.35,4.46
588,Music,472.64,3.66
589,Movies,243.6,2.41
590,Gaming,248.01,1.76
591,Gaming,177.47,3.87
592,Fashion,112.62,2.06
593,Fashion,375.92,1.71
594,Gaming,126.71,1.07
595,Music,361.43,3.47
596,Movies,348.72,1.86
597,Electronics,345.25,3.39
598,Books,186.23,2.75
599,Gaming,286.12,2.97
600,Music,322.7,1.72
601,Music,272.65,2.8
602,Sports,233.21,2.88
603,Electronics,441.33,4.27
604,Electronics,316.64,3.87
605,Gaming,26.19,3.98
606,Fashion,245.65,2.27
607,Fashion,74.19,1.3
608,Books,27.22,1.65
609,Fashion,19.92,3.93
610,Fashion,128.06,2.47
611,Movies,412.24,1.46
612,Fashion,418.62,3.56
613,Education,174.3,1.47
614,Gaming,50.29,2.34
615,Education,74.47,2.07
616,Education,31.21,3.38
617,Movies,76.91,4.03
618,Gaming,113.0,4.19
619,Fashion,98.99,3.89
620,Music,169.87,3.33
621,Books,24.14,2.98
622,Gaming,78.6,2.95
623,Electronics,74.97,2.75
624,Books,59.76,1.88
625,Books,299.56,4.91
626,Fashion,227.35,3.75
627,Movies,272.02,2.99
628,Books,37.03,1.58
629,Books,442.11,2.64
630,Music,309.09,3.11
631,Movies,192.55,2.55
632,Gaming,279.96,1.56
633,Electronics,196.69,2.79
634,Electronics,492.64,2.41
635,Electronics,324.07,1.55
636,Books,37.41,4.49
637,Education,366.71,2.27
638,Gaming,254.77,1.54
639,Education,355.04,1.28
640,Education,379.73,3.19
641,Fashion,143.03,4.45
642,Sports,493.11,2.02
643,Books,404.09,4.0
644,Fashion,374.86,4.83
645,Music,245.88,3.7
646,Education,412.82,2.92
647,Electronics,243.31,2.27
648,Movies,391.51,3.74
649,Education,228.31,2.68
650,Fashion,40.93,1.03
651,Gaming,266.8,2.67
652,Movies,399.04,3.17
653,Fashion,468.67,1.78
654,Gaming,495.12,2.19
655,Books,323.0,3.01
656,Fashion,182.99,1.56
657,Books,71.74,3.85
658,Fashion,191.93,4.85
659,Electronics,166.2,4.93
660,Sports,106.68,1.41
661,Movies,159.72,4.54
662,Sports,263.32,1.54
663,Education,105.24,2.25
664,Music,297.13,2.33
665,Sports,374.79,3.47
666,Gaming,437.54,3.0
667,Music,168.93,4.99
668,Gaming,181.04,2.71
669,Electronics,405.52,1.35
670,Education,196.31,1.34
671,Music,73.96,1.02
672,Fashion,9.72,2.52
673,Music,405.54,3.35
674,Movies,319.28,3.08
675,Fashion,410.8,4.52
676,Movies,425.62,4.25
677,Fashion,95.44,3.38
678,Books,293.17,3.11
679,Sports,243.0,1.36
680,Music,55.57,4.61
681,Movies,316.94,2.05
682,Music,143.25,3.44
683,Movies,206.43,2.77
684,Electronics,35.02,1.55
685,Electronics,199.71,3.8
686,Gaming,28.77,2.34
687,Movies,349.06,4.17
688,Movies,99.16,3.93
689,Music,477.93,4.63
690,Movies,395.74,3.85
691,Education,121.39,3.54
692,Music,323.42,2.63
693,Fashion,249.04,3.78
694,Sports,476.29,2.18
695,Books,126.95,3.41
696,Books,69.75,3.33
697,Fashion,48.98,2.96
698,Sports,312.11,1.28
699,Fashion,107.44,2.34
700,Education,187.46,3.7
701,Movies,266.87,2.53
702,Education,228.08,1.05
703,Books,386.41,1.16
704,Education,415.51,3.16
705,Education,266.27,3.82
706,Gaming,430.48,4.77
707,Sports,273.97,1.6
708,Sports,439.92,1.16
709,Movies,404.63,3.72
710,Fashion,452.84,4.59
711,Education,31.31,3.44
712,Fashion,66.71,1.31
713,Electronics,226.9,1.39
714,Sports,365.31,4.88
715,Gaming,286.94,1.94
716,Fashion,422.39,4.41
717,Books,367.73,3.46
718,Education,434.56,1.65
719,Music,466.14,4.79
720,Electronics,436.64,2.0
721,Electronics,429.8,2.99
722,Books,299.49,4.36
723,Gaming,19.64,2.45
724,Sports,408.77,4.26
725,Electronics,425.1,1.68
726,Movies,354.41,1.59
727,Music,393.62,1.98
728,Sports,370.22,2.82
729,Electronics,493.2,3.32
730,Gaming,318.13,2.47
731,Sports,368.59,2.98
732,Music,13.94,3.43
733,Fashion,416.08,1.95
734,Movies,114.43,3.44
735,Sports,409.9,2.0
736,Music,466.47,4.71
737,Sports,104.27,2.06
738,Movies,351.8,4.81
739,Electronics,356.39,2.78
740,Electronics,88.66,2.84
741,Books,305.35,2.32
742,Books,257.58,1.52
743,Gaming,228.83,1.36
744,Education,29.3,4.43
745,Education,106.52,3.3
746,Movies,78.75,2.05
747,Books,183.86,1.57
748,Gaming,27.75,4.51
749,Music,10.86,1.25
750,Fashion,403.51,2.13
751,Movies,362.8,1.58
752,Movies,122.45,3.29
753,Movies,494.37,1.29
754,Music,203.27,1.17
755,Movies,103.62,4.63
756,Movies,52.75,4.43
757,Gaming,93.01,4.45
758,Electronics,271.32,4.51
759,Sports,80.09,4.05
760,Music,341.95,3.17
761,Books,406.24,3.59
762,Education,439.14,2.52
763,Sports,297.01,4.48
764,Education,111.33,2.94
765,Books,480.57,2.89
766,Electronics,130.15,2.4
767,Music,443.12,4.82
768,Sports,475.3,3.8
769,Books,257.25,1.73
770,Fashion,65.99,1.24
771,Education,13.77,4.51
772,Movies,405.5,3.27
773,Gaming,499.37,4.81
774,Gaming,329.28,2.86
775,Fashion,80.32,3.06
776,Electronics,83.08,2.59
777,Movies,471.61,2.37
778,Music,80.63,3.33
779,Education,303.17,1.78
780,Fashion,102.31,4.96
781,Education,125.42,4.35
782,Books,237.81,2.74
783,Movies,151.01,4.1
784,Education,440.93,2.04
785,Fashion,52.07,1.55
786,Movies,397.44,2.74
787,Gaming,70.3,2.36
788,Sports,259.55,4.41
789,Electronics,322.66,1.7
790,Books,83.56,2.65
791,Gaming,42.22,4.02
792,Movies,203.72,2.37
793,Fashion,257.01,3.84
794,Movies,286.83,4.21
795,Fashion,316.53,4.15
796,Sports,349.91,1.77
797,Sports,30.92,4.61
798,Education,473.1,3.91
799,Fashion,363.48,2.08
800,Sports,273.51,4.97
801,Sports,428.79,2.22
802,Books,154.02,2.93
803,Fashion,205.28,2.48
804,Books,315.35,1.05
805,Education,382.85,3.96
806,Electronics,416.01,4.37
807,Gaming,285.37,4.12
808,Fashion,248.74,4.81
809,Sports,99.4,4.66
810,Fashion,132.97,1.41
811,Electronics,222.36,3.46
812,Sports,119.34,3.22
813,Fashion,404.91,2.03
814,Fashion,292.26,2.36
815,Books,267.24,3.67
816,Electronics,178.46,4.98
817,Books,284.07,4.3
818,Electronics,363.94,4.41
819,Fashion,91.03,1.89
820,Sports,246.27,4.41
821,Fashion,102.82,4.88
822,Electronics,68.16,1.7
823,Electronics,87.78,3.34
824,Books,459.18,2.02
825,Gaming,278.75,1.7
826,Education,317.41,1.49
827,Gaming,248.2,3.62
828,Gaming,291.67,1.56
829,Books,84.88,3.69
830,Electronics,405.41,4.63
831,Electronics,407.74,4.9
832,Education,207.08,2.32
833,Gaming,18.95,2.8
834,Books,327.43,4.26
835,Electronics,137.39,3.05
836,Books,332.69,3.21
837,Movies,140.64,4.19
838,Sports,90.81,4.62
839,Music,476.54,2.46
840,Gaming,191.21,3.97
841,Books,230.86,1.11
842,Movies,460.34,2.72
843,Electronics,105.73,3.22
844,Sports,113.36,1.82
845,Movies,275.14,2.56
846,Music,288.63,4.99
847,Sports,430.21,1.03
848,Books,30.03,3.44
849,Electronics,315.0,4.51
850,Education,316.38,1.91
851,Movies,236.92,4.24
852,Gaming,461.8,1.95
853,Fashion,272.1,1.64
854,Sports,251.01,1.36
855,Music,471.16,3.55
856,Movies,427.84,4.99
857,Gaming,95.42,3.78
858,Music,444.06,3.3
859,Books,321.65,2.63
860,Electronics,339.01,2.58
861,Electronics,240.93,1.41
862,Sports,8.87,1.22
863,Electronics,100.3,2.83
864,Education,15.39,1.62
865,Gaming,391.82,4.05
866,Fashion,395.92,4.69
867,Electronics,63.94,1.65
868,Music,170.11,4.66
869,Movies,388.86,2.3
870,Music,48.38,3.47
871,Gaming,132.13,3.12
872,Education,471.19,3.29
873,Books,462.3,2.57
874,Music,318.51,4.58
875,Electronics,296.05,3.46
876,Electronics,359.57,4.53
877,Gaming,48.65,2.35
878,Gaming,201.85,4.64
879,Gaming,478.22,1.48
880,Gaming,63.96,4.74
881,Movies,151.41,1.97
882,Books,22.63,2.1
883,Books,348.3,2.7
884,Electronics,260.85,4.67
885,Gaming,61.77,1.28
886,Music,426.71,4.1
887,Movies,135.55,2.3
888,Books,158.59,3.59
889,Books,35.3,2.96
890,Sports,71.27,4.28
891,Movies,193.43,3.11
892,Electronics,19.51,1.23
893,Education,339.15,4.07
894,Music,356.47,3.95
895,Books,56.79,3.77
896,Gaming,94.97,1.39
897,Movies,379.79,4.56
898,Education,359.77,4.22
899,Electronics,495.59,1.54
900,Electronics,482.75,3.4
901,Music,407.56,3.6
902,Sports,287.17,3.81
903,Gaming,163.53,4.7
904,Gaming,62.07,2.27
905,Sports,20.43,2.09
906,Movies,113.02,1.2
907,Fashion,248.43,2.87
908,Gaming,43.48,2.05
909,Gaming,476.89,1.44
910,Fashion,155.98,1.14
911,Gaming,78.7,3.8
912,Education,186.52,2.81
913,Electronics,82.7,3.73
914,Sports,377.0,1.72
915,Gaming,27.27,1.32
916,Books,330.24,1.54
917,Education,249.49,1.61
918,Education,89.22,1.02
919,Books,163.81,1.36
920,Music,200.01,3.39
921,Electronics,186.93,3.82
922,Music,372.02,3.79
923,Gaming,468.67,1.95
924,Fashion,98.78,3.44
925,Music,299.46,3.04
926,Education,7.15,3.22
927,Books,466.74,2.34
928,Education,483.96,2.43
929,Gaming,74.23,2.59
930,Electronics,249.83,3.52
931,Sports,254.91,3.15
932,Fashion,16.91,2.01
933,Electronics,158.79,4.95
934,Books,151.31,4.59
935,Fashion,155.84,1.38
936,Gaming,127.57,2.09
937,Music,489.23,3.7
938,Education,466.18,4.34
939,Fashion,291.41,3.7
940,Gaming,314.29,3.67
941,Electronics,136.06,2.63
942,Movies,298.34,1.14
943,Books,244.0,4.44
944,Electronics,248.72,3.21
945,Music,104.94,4.18
946,Fashion,182.64,4.83
947,Books,496.89,4.66
948,Education,47.01,2.33
949,Music,472.84,4.22
950,Music,456.04,3.29
951,Music,242.8,1.43
952,Books,420.54,3.98
953,Education,34.14,1.84
954,Education,280.85,3.74
955,Education,73.15,1.98
956,Movies,100.59,1.88
957,Books,460.75,3.86
958,Fashion,369.87,4.18
959,Education,181.5,4.07
960,Movies,489.31,3.79
961,Gaming,211.29,3.87
962,Fashion,450.89,1.52
963,Books,136.32,4.68
964,Books,473.39,2.94
965,Fashion,190.4,2.13
966,Movies,251.88,4.74
967,Books,79.16,2.68
968,Gaming,456.25,2.4
969,Fashion,385.2,2.56
970,Gaming,403.44,4.92
971,Movies,196.97,4.38
972,Fashion,494.27,4.94
973,Fashion,219.72,2.94
974,Fashion,155.18,2.26
975,Education,248.77,1.8
976,Music,357.01,3.15
977,Books,449.54,4.24
978,Education,164.62,3.02
979,Electronics,376.5,1.77
980,Movies,20.64,4.41
981,Music,73.09,4.56
982,Movies,457.24,2.84
983,Fashion,404.36,2.45
984,Books,429.84,4.3
985,Music,43.87,3.33
986,Movies,321.8,1.0
987,Music,490.06,2.63
988,Education,261.08,1.78
989,Electronics,307.4,4.24
990,Music,295.02,4.15
991,Gaming,366.9,1.95
992,Fashion,220.73,1.59
993,Electronics,25.76,1.25
994,Fashion,471.54,4.94
995,Fashion,52.01,2.34
996,Music,61.64,4.34
997,Education,250.67,3.49
998,Electronics,272.26,3.84
999,Electronics,162.97,1.55
1000,Electronics,13.72,2.78
1001,Books,454.38,2.22
1002,Gaming,102.0,4.7
1003,Sports,57.2,1.21
1004,Music,440.31,3.8
1005,Gaming,213.92,4.01
1006,Movies,372.01,1.16
1007,Electronics,339.74,3.56
1008,Education,482.07,4.87
1009,Fashion,192.01,3.36
1010,Sports,74.97,1.27
1011,Fashion,219.23,3.76
1012,Movies,286.04,2.72
1013,Education,409.97,4.18
1014,Fashion,367.31,1.31
1015,Fashion,399.25,4.68
1016,Music,34.42,2.61
1017,Movies,494.24,3.4
1018,Electronics,259.22,1.71
1019,Electronics,284.92,2.76
1020,Books,68.08,2.86
1021,Education,86.38,3.92
1022,Fashion,486.96,2.88
1023,Fashion,318.02,2.72
1024,Movies,73.53,4.88
1025,Education,69.14,1.45
1026,Sports,232.29,3.64
1027,Books,180.69,1.77
1028,Fashion,410.39,2.45
1029,Gaming,101.19,2.46
1030,Books,111.2,3.08
1031,Gaming,335.8,4.2
1032,Music,117.64,1.67
1033,Electronics,14.7,1.91
1034,Education,16.83,2.38
1035,Books,77.12,3.32
1036,Electronics,194.94,1.37
1037,Music,202.93,1.84
1038,Electronics,341.69,2.46
1039,Books,77.78,2.4
1040,Books,116.07,4.18
1041,Music,491.77,1.1
1042,Electronics,346.56,2.06
1043,Fashion,37.87,1.06
1044,Education,441.1,2.41
1045,Books,497.3,2.77
1046,Books,97.86,4.11
1047,Music,463.61,4.26
1048,Fashion,373.87,2.34
1049,Gaming,36.92,1.81
1050,Books,226.17,4.82
1051,Electronics,362.81,4.31
1052,Music,142.26,3.74
1053,Sports,431.91,2.92
1054,Education,217.8,3.88
1055,Electronics,282.16,4.97
1056,Fashion,215.43,1.7
1057,Sports,238.61,1.94
1058,Electronics,282.82,1.5
1059,Electronics,475.24,4.44
1060,Education,82.0,1.69
1061,Books,258.66,4.09
1062,Gaming,113.44,1.24
1063,Music,275.04,3.77
1064,Electronics,125.96,3.96
1065,Electronics,475.57,1.55
1066,Education,257.96,1.23
1067,Movies,107.3,1.36
1068,Books,204.98,4.28
1069,Movies,290.68,1.89
1070,Music,24.85,3.21
1071,Movies,70.73,2.37
1072,Sports,257.55,4.61
1073,Fashion,45.5,3.67
1074,Education,11.97,3.52
1075,Gaming,278.01,4.25
1076,Sports,268.17,2.41
1077,Gaming,125.16,1.34
1078,Music,269.63,4.55
1079,Fashion,259.8,3.96
1080,Movies,152.73,2.79
1081,Movies,165.68,1.44
1082,Education,211.41,4.06
1083,Books,200.51,3.6
1084,Gaming,380.51,2.29
1085,Books,399.77,2.36
1086,Fashion,131.77,1.89
1087,Education,103.95,3.95
1088,Sports,444.32,1.92
1089,Movies,47.19,2.26
1090,Books,330.63,2.47
1091,Sports,276.84,3.98
1092,Books,207.2,5.0
1093,Electronics,152.48,4.91
1094,Movies,105.5,1.44
1095,Music,376.66,3.81
1096,Electronics,406.53,2.37
1097,Fashion,465.75,1.48
1098,Music,19.99,2.2
1099,Gaming,399.68,3.69
1100,Sports,220.92,2.03
1101,Fashion,34.34,2.35
1102,Books,232.71,3.75
1103,Education,324.76,4.79
1104,Movies,54.7,2.35
1105,Sports,243.38,3.68
1106,Music,250.25,4.65
1107,Education,306.29,1.16
1108,Movies,61.26,4.01
1109,Sports,359.31,1.61
1110,Music,34.16,3.31
1111,Fashion,319.69,1.54
1112,Gaming,239.44,2.22
1113,Electronics,466.0,1.88
1114,Gaming,367.96,3.07
1115,Movies,10.7,3.07
1116,Gaming,54.24,3.64
1117,Electronics,284.93,1.04
1118,Gaming,106.32,4.1
1119,Education,141.51,3.0
1120,Sports,159.44,4.69
1121,Sports,270.61,3.78
1122,Movies,46.32,1.16
1123,Movies,133.32,2.24
1124,Sports,345.4,3.28
1125,Movies,190.42,3.62
1126,Fashion,85.97,1.25
1127,Music,427.98,3.26
1128,Sports,326.3,2.23
1129,Gaming,189.12,1.33
1130,Movies,429.21,3.37
1131,Gaming,46.4,4.22
1132,Fashion,224.84,4.06
1133,Electronics,11.25,1.11
1134,Music,89.54,1.84
1135,Music,383.16,3.83
1136,Electronics,309.96,4.54
1137,Education,127.34,4.62
1138,Education,455.19,2.74
1139,Movies,51.72,3.91
1140,Electronics,171.78,4.18
1141,Gaming,86.03,3.16
1142,Music,256.5,1.4
1143,Education,184.85,1.34
1144,Music,235.05,4.37
1145,Music,138.75,4.06
1146,Books,95.8,3.69
1147,Music,458.19,2.3
1148,Gaming,450.7,3.02
1149,Fashion,161.82,4.59
1150,Sports,20.86,1.11
1151,Fashion,301.92,4.19
1152,Electronics,377.02,1.32
1153,Electronics,475.37,3.81
1154,Music,474.81,2.32
1155,Music,348.5,4.44
1156,Books,193.33,4.86
1157,Electronics,136.17,2.26
1158,Education,460.56,4.88
1159,Movies,146.17,1.55
1160,Electronics,380.73,4.72
1161,Books,302.35,3.54
1162,Sports,382.66,1.61
1163,Books,486.87,2.46
1164,Books,315.98,2.87
1165,Books,236.75,3.81
1166,Education,497.36,3.64
1167,Gaming,398.06,1.11
1168,Books,406.16,2.2
1169,Electronics,67.72,1.45
1170,Fashion,341.54,4.99
1171,Music,334.77,2.05
1172,Movies,105.64,3.1
1173,Education,37.19,2.6
1174,Gaming,334.79,4.87
1175,Electronics,215.7,1.8
1176,Fashion,409.59,3.98
1177,Fashion,430.55,1.86
1178,Electronics,205.39,4.93
1179,Gaming,83.23,3.69
1180,Music,122.41,3.0
1181,Sports,401.25,2.95
1182,Music,403.71,2.71
1183,Movies,499.68,2.74
1184,Books,78.94,2.61
1185,Fashion,372.58,4.39
1186,Electronics,232.75,3.38
1187,Books,423.22,4.25
1188,Fashion,330.57,4.26
1189,Fashion,290.08,1.02
1190,Education,25.43,4.92
1191,Music,76.77,2.62
1192,Music,467.24,1.78
1193,Electronics,422.68,4.27
1194,Electronics,493.23,2.13
1195,Fashion,161.09,4.61
1196,Gaming,120.87,3.19
1197,Electronics,355.14,2.09
1198,Books,469.51,3.66
1199,Music,28.33,1.54
1200,Books,99.44,1.98
1201,Music,366.69,1.36
1202,Sports,178.54,4.65
1203,Fashion,280.55,2.06
1204,Music,478.74,1.98
1205,Movies,453.02,3.9
1206,Education,371.56,4.06
1207,Music,255.75,4.26
1208,Electronics,418.92,2.44
1209,Education,203.17,4.56
1210,Movies,264.74,4.47
1211,Electronics,315.25,3.37
1212,Education,20.34,2.11
1213,Books,253.52,3.35
1214,Education,317.07,3.86
1215,Sports,329.84,4.39
1216,Fashion,151.26,3.57
1217,Education,30.32,2.92
1218,Electronics,137.68,2.52
1219,Music,180.56,1.24
1220,Music,235.99,4.98
1221,Electronics,152.97,3.94
1222,Sports,276.16,2.3
1223,Books,49.36,1.86
1224,Electronics,392.02,2.12
1225,Electronics,76.43,2.33
1226,Gaming,294.1,3.81
1227,Movies,196.75,2.99
1228,Sports,230.18,1.04
1229,Movies,200.82,3.35
1230,Electronics,287.12,4.0
1231,Sports,336.84,2.11
1232,Books,131.54,2.86
1233,Electronics,367.82,1.38
1234,Movies,474.42,3.17
1235,Music,156.67,3.77
1236,Fashion,27.14,2.94
1237,Electronics,245.55,1.65
1238,Sports,419.51,4.19
1239,Gaming,80.6,2.46
1240,Electronics,54.71,4.39
1241,Movies,165.04,2.76
1242,Books,165.32,2.24
1243,Books,374.91,3.99
1244,Movies,261.31,3.63
1245,Books,258.27,1.11
1246,Sports,37.67,2.53
1247,Music,376.12,4.65
1248,Fashion,19.71,2.47
1249,Music,115.77,4.26
1250,Music,423.75,1.83
1251,Sports,356.86,3.93
1252,Music,92.64,2.73
1253,Music,312.07,1.1
1254,Fashion,205.27,1.62
1255,Electronics,273.24,4.37
1256,Music,264.75,1.14
1257,Gaming,19.68,3.42
1258,Books,167.35,3.29
1259,Electronics,86.0,4.11
1260,Electronics,431.06,4.56
1261,Gaming,155.52,3.64
1262,Education,143.13,4.05
1263,Electronics,64.66,4.05
1264,Electronics,222.67,4.42
1265,Gaming,370.77,2.51
1266,Gaming,452.25,2.13
1267,Electronics,483.66,4.07
1268,Books,495.38,1.22
1269,Gaming,140.65,3.97
1270,Education,461.51,1.12
1271,Education,5.0,2.02
1272,Movies,427.13,4.07
1273,Electronics,173.44,1.01
1274,Sports,279.58,1.95
1275,Education,374.08,2.79
1276,Movies,340.91,4.41
1277,Fashion,270.2,2.34
1278,Sports,385.92,2.06
1279,Sports,446.3,1.29
1280,Movies,418.56,1.37
1281,Movies,32.79,2.45
1282,Music,478.49,4.93
1283,Sports,105.02,1.59
1284,Electronics,179.71,2.35
1285,Electronics,381.0,2.78
1286,Gaming,391.04,3.99
1287,Education,291.26,4.33
1288,Education,101.85,1.65
1289,Gaming,376.57,1.98
1290,Fashion,6.38,4.65
1291,Music,313.35,2.78
1292,Music,364.24,2.33
1293,Electronics,477.06,1.27
1294,Sports,322.27,4.11
1295,Fashion,237.22,4.02
1296,Music,463.82,3.98
1297,Electronics,158.14,3.25
1298,Books,456.24,2.8
1299,Education,342.44,2.86
1300,Sports,65.07,1.23
1301,Gaming,476.38,3.45
1302,Music,56.39,4.43
1303,Movies,263.73,4.09
1304,Fashion,67.74,4.63
1305,Gaming,297.32,3.95
1306,Fashion,20.53,2.26
1307,Movies,137.39,4.8
1308,Books,96.74,3.83
1309,Education,26.16,1.79
1310,Movies,172.61,4.18
1311,Fashion,396.04,4.81
1312,Electronics,458.8,1.33
1313,Fashion,415.78,2.8
1314,Fashion,433.61,1.36
1315,Sports,412.27,1.64
1316,Sports,170.25,1.12
1317,Movies,66.25,2.78
1318,Music,410.08,4.09
1319,Books,121.47,1.61
1320,Books,197.69,4.53
1321,Electronics,50.26,3.17
1322,Electronics,48.96,2.88
1323,Electronics,67.76,1.32
1324,Gaming,99.47,2.02
1325,Electronics,141.75,3.58
1326,Music,32.22,1.32
1327,Sports,98.41,4.49
1328,Electronics,316.16,3.92
1329,Gaming,188.33,1.85
1330,Movies,23.79,2.95
1331,Sports,289.27,4.59
1332,Electronics,441.64,2.7
1333,Fashion,214.67,1.64
1334,Books,132.44,4.7
1335,Books,74.81,4.87
1336,Gaming,254.85,2.83
1337,Gaming,91.45,3.65
1338,Education,232.62,2.48
1339,Sports,135.94,1.27
1340,Fashion,262.07,2.25
1341,Electronics,355.39,3.89
1342,Movies,169.39,3.68
1343,Music,133.04,3.91
1344,Education,12.96,1.61
1345,Music,126.28,4.09
1346,Education,37.86,1.75
1347,Music,182.52,1.04
1348,Fashion,382.25,3.24
1349,Books,450.84,1.12
1350,Fashion,139.34,3.93
1351,Gaming,339.2,1.97
1352,Movies,299.87,4.18
1353,Fashion,21.52,3.87
1354,Gaming,129.79,4.79
1355,Electronics,271.42,1.13
1356,Sports,204.7,4.87
1357,Sports,366.53,2.2
1358,Gaming,289.76,3.4
1359,Fashion,16.56,1.72
1360,Electronics,278.13,2.61
1361,Fashion,99.07,4.09
1362,Education,247.05,2.24
1363,Music,85.03,3.44
1364,Music,334.8,3.68
1365,Fashion,114.04,3.38
1366,Books,453.18,2.41
1367,Movies,109.33,4.09
1368,Education,92.56,2.01
1369,Education,54.82,2.07
1370,Electronics,208.12,1.26
1371,Fashion,436.5,3.05
1372,Electronics,296.11,2.49
1373,Education,336.57,2.73
1374,Books,381.85,4.29
1375,Books,337.57,2.97
1376,Music,392.22,2.98
1377,Fashion,60.2,1.47
1378,Sports,474.55,1.85
1379,Electronics,408.88,1.99
1380,Fashion,218.24,3.62
1381,Sports,83.64,3.95
1382,Gaming,346.51,3.17
1383,Fashion,285.12,1.42
1384,Books,220.79,1.35
1385,Fashion,157.39,4.6
1386,Books,289.39,3.97
1387,Music,289.07,1.78
1388,Books,299.43,4.02
1389,Education,73.51,4.27
1390,Electronics,279.92,1.02
1391,Music,262.29,2.58
1392,Books,151.74,4.09
1393,Gaming,450.25,4.05
1394,Books,424.15,4.64
1395,Books,456.75,1.46
1396,Gaming,230.91,1.0
1397,Sports,255.7,4.7
1398,Music,103.56,3.56
1399,Music,323.97,1.64
1400,Books,123.07,2.85
1401,Music,98.16,3.34
1402,Education,244.85,3.08
1403,Education,71.56,3.07
1404,Fashion,29.49,4.53
1405,Books,174.91,4.43
1406,Gaming,352.32,4.06
1407,Electronics,160.7,1.91
1408,Electronics,206.34,1.1
1409,Music,459.78,2.55
1410,Sports,494.34,4.05
1411,Education,44.85,3.64
1412,Sports,139.07,1.97
1413,Books,132.0,4.66
1414,Gaming,252.49,3.68
1415,Fashion,144.07,3.09
1416,Education,178.3,2.28
1417,Fashion,127.25,2.64
1418,Movies,331.71,1.89
1419,Music,482.89,1.5
1420,Movies,242.7,1.34
1421,Electronics,16.22,4.69
1422,Books,406.14,3.78
1423,Fashion,433.27,4.21
1424,Fashion,325.38,4.39
1425,Education,198.45,3.21
1426,Fashion,389.27,1.34
1427,Electronics,430.03,1.63
1428,Electronics,432.95,2.25
1429,Fashion,166.76,1.3
1430,Sports,443.52,1.7
1431,Movies,316.87,3.58
1432,Fashion,144.17,4.94
1433,Sports,36.76,3.43
1434,Fashion,242.37,1.98
1435,Fashion,85.96,3.95
1436,Electronics,458.58,1.43
1437,Movies,101.02,4.95
1438,Books,12.44,3.03
1439,Movies,260.48,2.05
1440,Movies,333.2,4.78
1441,Education,227.86,4.0
1442,Movies,324.8,2.89
1443,Sports,29.66,3.97
1444,Fashion,184.81,1.9
1445,Books,474.39,4.09
1446,Books,481.32,2.02
1447,Gaming,418.72,3.43
1448,Music,490.84,4.79
1449,Sports,486.62,4.81
1450,Electronics,8.79,3.96
1451,Fashion,139.61,3.82
1452,Electronics,490.4,1.16
1453,Fashion,285.66,3.94
1454,Electronics,130.41,1.9
1455,Sports,34.87,1.38
1456,Electronics,330.09,3.02
1457,Movies,19.89,4.88
1458,Fashion,329.74,3.06
1459,Sports,140.0,3.63
1460,Fashion,185.26,3.81
1461,Fashion,342.87,1.37
1462,Education,455.08,2.95
1463,Education,199.51,4.82
1464,Music,221.91,3.88
1465,Fashion,329.29,1.66
1466,Books,495.62,2.85
1467,Sports,200.42,4.68
1468,Music,266.97,3.82
1469,Sports,423.89,1.94
1470,Electronics,88.89,1.27
1471,Fashion,449.08,1.8
1472,Books,157.34,2.14
1473,Gaming,155.77,3.67
1474,Music,477.29,2.32
1475,Electronics,206.79,4.08
1476,Gaming,219.01,4.7
1477,Movies,254.09,2.39
1478,Gaming,485.93,2.7
1479,Sports,119.43,1.71
1480,Electronics,497.61,4.01
1481,Electronics,207.29,4.31
1482,Music,275.67,2.27
1483,Sports,372.98,3.98
1484,Education,252.58,1.18
1485,Education,43.13,4.15
1486,Education,412.62,3.71
1487,Music,420.34,3.88
1488,Gaming,448.98,1.6
1489,Books,196.93,2.86
1490,Sports,152.34,3.9
1491,Fashion,456.66,2.65
1492,Books,471.06,3.07
1493,Electronics,263.65,3.4
1494,Fashion,137.82,2.53
1495,Books,278.85,4.77
1496,Gaming,323.13,2.33
1497,Books,10.18,4.93
1498,Education,249.03,4.75
1499,Movies,276.93,3.42
1500,Gaming,357.4,2.28
1501,Electronics,351.0,3.11
1502,Fashion,337.88,4.34
1503,Sports,96.19,3.45
1504,Books,30.8,1.41
1505,Electronics,338.92,1.28
1506,Movies,299.7,1.88
1507,Sports,155.52,1.52
1508,Movies,128.09,4.29
1509,Books,321.24,4.8
1510,Gaming,29.13,4.17
1511,Gaming,351.04,2.04
1512,Fashion,365.94,3.87
1513,Fashion,232.38,3.75
1514,Books,225.07,2.34
1515,Sports,235.91,4.58
1516,Books,195.37,2.61
1517,Gaming,306.16,4.01
1518,Education,368.64,1.08
1519,Electronics,345.27,2.8
1520,Electronics,264.42,3.25
1521,Music,367.2,4.33
1522,Gaming,324.9,3.26
1523,Music,190.02,1.55
1524,Gaming,479.5,2.85
1525,Gaming,285.28,4.0
1526,Education,38.86,4.42
1527,Electronics,399.53,4.1
1528,Gaming,15.88,3.11
1529,Sports,31.86,3.2
1530,Gaming,360.63,1.49
1531,Fashion,348.97,2.8
1532,Books,406.72,3.13
1533,Gaming,171.38,2.33
1534,Music,449.26,2.81
1535,Music,205.85,1.16
1536,Electronics,185.34,4.4
1537,Movies,381.69,1.88
1538,Movies,209.46,1.79
1539,Movies,477.34,3.39
1540,Movies,378.41,3.86
1541,Electronics,437.48,4.8
1542,Education,21.06,4.9
1543,Gaming,435.92,2.53
1544,Gaming,419.35,3.95
1545,Sports,397.59,1.88
1546,Movies,326.04,1.1
1547,Sports,424.87,4.8
1548,Sports,332.75,3.05
1549,Gaming,364.24,2.31
1550,Music,315.06,3.88
1551,Electronics,75.63,1.56
1552,Movies,359.49,2.73
1553,Gaming,445.15,2.25
1554,Fashion,26.0,3.6
1555,Education,343.7,3.21
1556,Sports,343.25,3.1
1557,Fashion,347.85,1.18
1558,Fashion,187.36,1.84
1559,Gaming,54.17,1.94
1560,Fashion,99.7,4.89
1561,Gaming,146.84,1.92
1562,Books,418.26,2.68
1563,Books,213.63,2.77
1564,Movies,211.18,2.31
1565,Fashion,146.74,4.53
1566,Movies,85.05,1.72
1567,Sports,288.0,2.37
1568,Gaming,213.66,4.23
1569,Fashion,452.3,4.16
1570,Music,121.29,4.92
1571,Music,184.77,1.68
1572,Movies,252.25,3.9
1573,Fashion,46.22,3.54
1574,Books,429.75,2.05
1575,Electronics,348.1,2.6
1576,Education,210.0,2.12
1577,Books,314.07,2.44
1578,Gaming,416.3,4.85
1579,Fashion,467.87,1.65
1580,Sports,12.02,2.75
1581,Movies,365.8,4.91
1582,Books,392.79,3.32
1583,Gaming,18.04,4.3
1584,Movies,92.69,1.22
1585,Sports,425.93,3.27
1586,Sports,68.63,2.55
1587,Music,47.34,3.55
1588,Sports,144.8,4.46
1589,Fashion,182.11,2.98
1590,Movies,36.44,2.1
1591,Education,340.0,3.95
1592,Fashion,125.2,3.02
1593,Music,409.68,2.52
1594,Electronics,71.22,2.73
1595,Music,302.31,1.03
1596,Sports,177.54,3.43
1597,Sports,476.2,2.63
1598,Sports,85.67,3.14
1599,Movies,146.45,1.86
1600,Sports,297.25,4.66
1601,Electronics,418.44,1.73
1602,Sports,384.11,1.92
1603,Books,148.9,4.68
1604,Books,455.97,1.67
1605,Music,36.77,2.17
1606,Education,292.98,4.51
1607,Gaming,63.82,2.66
1608,Electronics,139.52,1.06
1609,Music,395.28,4.25
1610,Movies,114.51,1.6
1611,Music,76.56,2.86
1612,Education,127.02,3.05
1613,Gaming,195.5,1.84
1614,Movies,376.84,1.6
1615,Education,400.46,3.25
1616,Music,416.86,1.02
1617,Education,375.85,1.21
1618,Gaming,475.3,3.81
1619,Movies,163.49,2.28
1620,Music,431.44,4.61
1621,Sports,446.33,4.23
1622,Music,410.42,3.29
1623,Sports,18.97,1.35
1624,Gaming,326.53,2.6
1625,Music,285.82,1.92
1626,Education,326.46,1.97
1627,Movies,233.1,2.91
1628,Gaming,92.95,4.5
1629,Gaming,265.28,4.47
1630,Gaming,134.96,1.69
1631,Books,13.92,1.38
1632,Gaming,78.0,1.32
1633,Sports,448.96,4.65
1634,Movies,468.99,4.84
1635,Fashion,248.46,3.12
1636,Books,69.76,1.55
1637,Fashion,387.51,4.42
1638,Music,393.43,4.34
1639,Movies,141.9,2.86
1640,Music,232.3,4.98
1641,Electronics,474.84,3.39
1642,Electronics,73.3,2.03
1643,Music,185.06,4.49
1644,Movies,89.46,1.88
1645,Books,177.95,4.71
1646,Music,254.39,3.59
1647,Fashion,196.68,1.75
1648,Gaming,115.29,4.21
1649,Fashion,447.27,2.97
1650,Music,181.71,4.23
1651,Music,338.18,1.16
1652,Gaming,178.62,3.73
1653,Gaming,288.97,4.91
1654,Movies,433.73,1.24
1655,Education,364.26,2.35
1656,Fashion,342.63,3.47
1657,Books,254.01,4.41
1658,Sports,355.8,4.56
1659,Electronics,144.39,2.39
1660,Education,312.87,4.87
1661,Movies,188.93,1.13
1662,Fashion,225.71,3.18
1663,Sports,401.49,3.91
1664,Music,482.51,4.13
1665,Books,152.82,3.57
1666,Movies,337.76,4.99
1667,Fashion,73.68,1.77
1668,Gaming,81.98,3.36
1669,Books,71.97,3.62
1670,Movies,402.87,2.73
1671,Electronics,282.54,4.65
1672,Movies,286.94,1.83
1673,Sports,174.88,3.12
1674,Sports,81.67,3.45
1675,Fashion,499.63,3.61
1676,Gaming,189.34,2.33
1677,Books,466.14,4.49
1678,Movies,238.82,2.41
1679,Music,356.68,2.26
1680,Movies,64.1,2.24
1681,Sports,219.98,2.02
1682,Electronics,112.32,1.02
1683,Education,317.27,3.46
1684,Gaming,98.07,4.77
1685,Sports,207.74,1.1
1686,Education,113.79,3.77
1687,Sports,104.8,1.22
1688,Books,310.76,3.07
1689,Electronics,381.83,4.09
1690,Electronics,480.17,1.23
1691,Books,24.3,4.95
1692,Education,324.2,3.86
1693,Music,52.76,1.28
1694,Fashion,84.33,2.71
1695,Fashion,59.54,2.79
1696,Books,282.96,1.0
1697,Books,61.55,2.5
1698,Music,31.4,1.53
1699,Education,119.74,2.72
1700,Books,358.84,1.53
1701,Movies,370.29,4.42
1702,Music,327.48,1.17
1703,Fashion,223.12,3.64
1704,Sports,489.36,4.81
1705,Music,200.87,3.46
1706,Movies,445.95,4.32
1707,Fashion,242.31,2.04
1708,Gaming,72.86,2.95
1709,Education,362.81,4.88
1710,Movies,431.6,1.82
1711,Movies,361.29,2.16
1712,Education,343.32,3.66
1713,Electronics,139.85,1.94
1714,Books,56.45,1.2
1715,Education,429.93,1.2
1716,Sports,48.93,1.96
1717,Fashion,444.39,2.33
1718,Electronics,99.94,3.86
1719,Gaming,162.94,2.33
1720,Music,370.79,2.01
1721,Fashion,448.9,3.25
1722,Sports,271.23,2.06
1723,Education,418.37,3.29
1724,Education,81.98,1.83
1725,Education,236.79,4.12
1726,Fashion,469.95,3.65
1727,Gaming,255.54,2.0
1728,Gaming,338.07,4.93
1729,Music,240.73,1.65
1730,Gaming,56.15,2.08
1731,Sports,286.87,4.79
1732,Sports,153.09,2.22
1733,Education,243.18,4.67
1734,Electronics,212.43,1.89
1735,Books,85.75,2.83
1736,Movies,401.34,2.17
1737,Electronics,258.7,3.41
1738,Electronics,227.98,1.77
1739,Music,461.26,3.26
1740,Fashion,365.92,3.54
1741,Education,499.03,2.83
1742,Books,215.36,2.44
1743,Electronics,184.01,2.1
1744,Music,490.41,4.48
1745,Music,161.75,2.22
1746,Electronics,56.25,4.51
1747,Electronics,189.02,3.29
1748,Electronics,450.69,2.63
1749,Fashion,404.4,2.72
1750,Education,351.97,2.72
1751,Fashion,199.42,4.96
1752,Fashion,308.11,2.47
1753,Books,132.62,1.16
1754,Movies,354.75,2.49
1755,Fashion,411.52,2.46
1756,Music,189.8,4.12
1757,Education,247.29,4.54
1758,Sports,297.12,1.96
1759,Books,286.29,1.02
1760,Gaming,159.64,1.83
1761,Electronics,328.82,1.54
1762,Movies,148.6,2.33
1763,Sports,6.63,1.19
1764,Books,159.01,1.89
1765,Sports,62.87,1.62
1766,Gaming,418.59,3.73
1767,Books,244.64,4.64
1768,Education,19.63,2.38
1769,Fashion,412.57,3.51
1770,Electronics,490.94,4.78
1771,Sports,89.12,4.89
1772,Books,473.04,2.49
1773,Sports,491.53,1.14
1774,Gaming,332.07,2.06
1775,Music,69.08,3.31
1776,Music,156.64,3.67
1777,Fashion,272.29,2.57
1778,Gaming,95.0,3.41
1779,Fashion,415.47,3.4
1780,Electronics,307.21,3.05
1781,Fashion,197.18,2.83
1782,Education,494.82,4.0
1783,Sports,218.13,2.83
1784,Music,252.32,3.64
1785,Fashion,235.65,3.74
1786,Music,167.95,2.64
1787,Music,432.71,2.32
1788,Sports,482.4,1.69
1789,Sports,124.63,2.85
1790,Fashion,399.72,3.93
1791,Fashion,91.36,1.95
1792,Fashion,289.76,2.18
1793,Education,214.05,2.95
1794,Sports,299.15,2.0
1795,Sports,85.75,2.59
1796,Fashion,45.6,3.11
1797,Electronics,420.6,1.48
1798,Movies,60.8,1.32
1799,Music,424.69,1.32
1800,Education,491.81,2.43
1801,Sports,167.74,1.37
1802,Music,294.89,3.34
1803,Sports,249.43,2.24
1804,Fashion,187.45,2.28
1805,Sports,215.94,2.37
1806,Gaming,339.38,2.18
1807,Gaming,178.66,2.74
1808,Books,6.96,2.97
1809,Music,131.63,1.22
1810,Electronics,455.96,2.29
1811,Education,215.91,4.31
1812,Gaming,87.56,4.4
1813,Books,124.61,3.36
1814,Electronics,344.41,4.62
1815,Education,305.78,2.81
1816,Electronics,288.27,1.81
1817,Fashion,346.09,1.75
1818,Gaming,280.84,3.59
1819,Education,449.8,2.8
1820,Books,388.79,1.67
1821,Fashion,82.32,3.1
1822,Sports,300.19,3.53
1823,Gaming,374.11,2.18
1824,Electronics,313.19,1.75
1825,Books,113.4,1.27
1826,Electronics,374.77,3.03
1827,Education,122.9,3.22
1828,Books,180.35,4.35
1829,Fashion,266.43,1.12
1830,Gaming,492.62,1.3
1831,Books,349.5,2.75
1832,Music,128.41,3.71
1833,Sports,67.32,4.43
1834,Fashion,129.05,2.45
1835,Books,318.16,1.0
1836,Education,239.01,4.58
1837,Gaming,341.81,2.55
1838,Movies,331.91,4.75
1839,Movies,97.96,3.13
1840,Gaming,121.2,4.42
1841,Education,361.92,4.2
1842,Sports,471.79,1.93
1843,Music,29.12,2.16
1844,Education,202.57,3.5
1845,Movies,399.86,2.4
1846,Fashion,239.38,4.14
1847,Fashion,116.54,1.87
1848,Sports,296.67,2.74
1849,Sports,474.7,2.43
1850,Fashion,380.98,3.33
1851,Fashion,32.02,1.34
1852,Fashion,105.56,1.57
1853,Electronics,168.04,3.32
1854,Books,303.17,3.35
1855,Movies,63.22,3.4
1856,Movies,207.82,4.61
1857,Fashion,456.43,4.07
1858,Music,353.04,1.46
1859,Fashion,46.92,4.36
1860,Fashion,216.37,2.81
1861,Fashion,424.66,3.49
1862,Music,93.81,1.84
1863,Gaming,8.16,3.84
1864,Electronics,245.38,4.8
1865,Gaming,358.44,1.41
1866,Fashion,84.96,3.01
1867,Music,462.81,1.99
1868,Sports,413.66,2.25
1869,Music,138.6,4.61
1870,Electronics,28.38,3.64
1871,Gaming,26.37,4.2
1872,Sports,415.56,4.57
1873,Education,97.11,1.5
1874,Sports,254.25,2.09
1875,Books,305.12,3.05
1876,Books,76.7,3.96
1877,Electronics,402.87,4.85
1878,Movies,200.79,2.35
1879,Gaming,100.17,1.72
1880,Education,163.92,4.93
1881,Movies,50.67,2.04
1882,Books,47.56,2.09
1883,Sports,50.74,3.03
1884,Electronics,221.99,1.7
1885,Education,91.53,3.5
1886,Music,196.63,1.22
1887,Sports,460.5,2.62
1888,Movies,297.57,4.54
1889,Books,204.07,4.28
1890,Music,457.8,1.7
1891,Fashion,446.78,1.48
1892,Electronics,141.19,4.23
1893,Books,450.84,3.74
1894,Sports,56.89,3.09
1895,Gaming,288.45,2.13
1896,Fashion,495.69,2.34
1897,Gaming,109.08,1.44
1898,Electronics,192.36,3.77
1899,Movies,119.55,4.08
1900,Gaming,72.02,2.76
1901,Sports,352.68,1.54
1902,Education,300.93,4.2
1903,Music,299.8,3.05
1904,Gaming,419.96,4.94
1905,Books,94.75,3.77
1906,Music,44.93,1.17
1907,Movies,144.01,4.88
1908,Education,278.34,2.07
1909,Electronics,70.63,4.68
1910,Music,184.37,2.23
1911,Music,429.69,3.42
1912,Movies,88.47,2.69
1913,Books,464.47,4.6
1914,Fashion,39.7,2.07
1915,Books,81.5,3.14
1916,Music,376.24,2.18
1917,Books,380.21,3.67
1918,Gaming,365.47,4.79
1919,Movies,215.18,2.37
1920,Books,343.5,4.23
1921,Books,99.77,4.39
1922,Music,33.64,1.03
1923,Music,83.42,4.91
1924,Gaming,264.16,1.19
1925,Movies,498.6,3.98
1926,Electronics,419.81,1.85
1927,Books,57.2,3.06
1928,Gaming,387.23,3.55
1929,Sports,317.37,4.03
1930,Music,117.38,3.65
1931,Education,199.09,1.28
1932,Education,105.06,4.18
1933,Music,448.49,2.13
1934,Fashion,99.23,1.11
1935,Electronics,474.11,3.74
1936,Education,478.73,4.46
1937,Electronics,173.53,1.45
1938,Fashion,252.03,1.11
1939,Electronics,79.21,1.93
1940,Movies,334.5,3.04
1941,Fashion,154.7,3.26
1942,Gaming,66.98,4.02
1943,Fashion,357.46,1.87
1944,Electronics,305.16,3.01
1945,Books,35.1,2.11
1946,Education,499.74,1.4
1947,Books,255.67,4.4
1948,Fashion,153.82,2.04
1949,Books,445.94,2.22
1950,Fashion,327.49,3.96
1951,Movies,395.37,4.98
1952,Books,402.58,3.63
1953,Sports,448.25,4.62
1954,Sports,486.72,4.11
1955,Gaming,101.49,3.84
1956,Gaming,42.19,2.27
1957,Education,62.32,4.8
1958,Education,172.68,3.85
1959,Gaming,287.8,1.43
1960,Electronics,282.87,3.64
1961,Education,441.35,1.28
1962,Sports,151.34,3.77
1963,Books,21.99,1.81
1964,Fashion,113.24,3.68
1965,Gaming,146.55,3.4
1966,Education,482.85,4.17
1967,Education,169.79,2.89
1968,Sports,104.33,1.06
1969,Books,148.41,2.48
1970,Fashion,284.36,4.78
1971,Fashion,474.19,1.28
1972,Education,309.25,1.17
1973,Gaming,325.8,1.47
1974,Electronics,473.47,4.46
1975,Education,16.05,4.13
1976,Music,319.77,2.98
1977,Education,303.3,3.71
1978,Gaming,442.81,4.07
1979,Music,289.81,4.3
1980,Sports,493.53,2.2
1981,Sports,63.62,3.93
1982,Movies,489.41,1.47
1983,Sports,218.7,1.25
1984,Books,389.38,4.79
1985,Books,252.0,2.64
1986,Gaming,454.32,1.53
1987,Music,446.33,2.57
1988,Movies,281.91,3.11
1989,Sports,309.91,4.77
1990,Electronics,475.81,4.32
1991,Music,99.81,2.33
1992,Fashion,246.47,4.62
1993,Sports,262.83,4.91
1994,Books,492.0,3.39
1995,Fashion,439.36,5.0
1996,Electronics,425.61,3.63
1997,Fashion,423.34,1.33
1998,Books,319.24,1.87
1999,Books,62.45,4.57
2000,Music,321.62,1.97
2001,Electronics,196.46,4.89
2002,Music,431.78,1.06
2003,Education,490.0,2.47
2004,Gaming,349.23,3.85
2005,Movies,456.28,4.54
2006,Movies,144.46,3.57
2007,Education,199.88,3.1
2008,Movies,279.57,2.59
2009,Education,234.63,1.83
2010,Electronics,305.78,4.04
2011,Electronics,217.72,4.91
2012,Electronics,33.33,3.36
2013,Fashion,293.88,1.15
2014,Gaming,116.16,4.62
2015,Education,274.53,2.75
2016,Gaming,210.67,4.55
2017,Movies,186.68,4.44
2018,Movies,158.05,3.13
2019,Gaming,76.19,4.3
2020,Education,369.31,3.12
2021,Gaming,17.82,2.93
2022,Movies,116.47,2.65
2023,Education,428.93,4.08
2024,Education,124.77,4.94
2025,Movies,452.09,3.11
2026,Books,267.42,4.61
2027,Gaming,319.89,3.15
2028,Sports,375.83,1.94
2029,Gaming,439.8,3.13
2030,Music,303.73,1.36
2031,Gaming,158.21,2.71
2032,Electronics,209.89,4.11
2033,Movies,144.75,1.73
2034,Music,293.4,3.46
2035,Electronics,65.18,1.01
2036,Electronics,459.24,1.32
2037,Gaming,449.44,2.6
2038,Sports,328.26,1.74
2039,Music,412.84,1.72
2040,Music,196.32,1.95
2041,Sports,419.57,4.43
2042,Education,189.15,2.23
2043,Sports,387.91,4.51
2044,Electronics,313.89,4.71
2045,Gaming,194.61,1.61
2046,Movies,93.92,3.68
2047,Gaming,206.73,1.63
2048,Fashion,149.65,3.12
2049,Education,65.12,1.01
2050,Education,459.06,2.22
2051,Books,114.64,3.79
2052,Books,427.43,3.53
2053,Music,130.97,4.45
2054,Fashion,257.66,2.52
2055,Gaming,304.34,3.8
2056,Sports,298.95,4.68
2057,Music,315.87,4.51
2058,Sports,295.54,2.32
2059,Electronics,268.49,1.35
2060,Music,118.94,4.06
2061,Education,332.43,1.67
2062,Electronics,221.82,1.57
2063,Fashion,428.63,1.44
2064,Music,328.85,3.43
2065,Music,239.02,2.11
2066,Books,204.96,4.23
2067,Fashion,381.97,3.96
2068,Fashion,376.16,1.58
2069,Education,54.05,4.45
2070,Gaming,419.4,3.73
2071,Sports,304.92,2.47
2072,Gaming,115.92,3.67
2073,Movies,456.95,2.75
2074,Sports,155.09,2.08
2075,Books,16.73,3.08
2076,Music,494.18,4.26
2077,Movies,449.25,3.48
2078,Music,243.32,4.96
2079,Gaming,226.35,4.67
2080,Music,382.11,2.32
2081,Movies,254.02,2.54
2082,Gaming,72.43,2.43
2083,Gaming,445.04,4.01
2084,Sports,142.4,2.47
2085,Movies,310.13,2.66
2086,Music,254.01,3.79
2087,Movies,236.29,1.76
2088,Movies,262.68,2.42
2089,Sports,148.91,2.31
2090,Movies,222.31,4.55
2091,Movies,368.36,3.67
2092,Books,238.27,1.01
2093,Movies,173.57,4.25
2094,Books,197.14,3.26
2095,Gaming,106.35,4.66
2096,Sports,461.97,1.58
2097,Sports,363.46,1.3
2098,Movies,301.28,1.71
2099,Movies,77.12,1.02
2100,Education,470.72,4.32
2101,Movies,43.35,3.4
2102,Sports,120.28,2.06
2103,Movies,437.71,1.46
2104,Gaming,302.74,2.61
2105,Movies,99.45,2.81
2106,Electronics,470.54,4.13
2107,Fashion,70.4,4.4
2108,Fashion,469.03,2.11
2109,Sports,170.04,1.51
2110,Electronics,175.75,3.69
2111,Music,139.72,1.03
2112,Gaming,172.58,2.81
2113,Fashion,285.35,3.74
2114,Education,35.58,2.88
2115,Sports,136.85,4.79
2116,Movies,183.15,1.4
2117,Books,25.54,2.06
2118,Sports,93.54,3.6
2119,Fashion,424.25,2.25
2120,Books,291.01,3.92
2121,Electronics,202.25,1.27
2122,Education,118.45,4.53
2123,Fashion,413.12,1.35
2124,Electronics,115.85,4.08
2125,Fashion,245.52,4.04
2126,Books,109.49,4.81
2127,Education,392.89,1.79
2128,Electronics,281.43,1.45
2129,Education,183.91,3.64
2130,Music,168.41,3.63
2131,Movies,126.17,3.88
2132,Music,183.0,4.16
2133,Sports,72.66,2.45
2134,Movies,234.65,2.7
2135,Gaming,219.38,2.78
2136,Music,494.46,1.77
2137,Music,385.49,3.21
2138,Education,209.75,3.53
2139,Fashion,427.5,2.87
2140,Fashion,433.08,1.38
2141,Electronics,328.28,2.33
2142,Sports,196.42,3.28
2143,Electronics,242.56,2.53
2144,Electronics,157.62,3.47
2145,Movies,255.26,2.29
2146,Movies,106.46,4.1
2147,Gaming,400.86,1.86
2148,Movies,134.52,1.96
2149,Gaming,442.86,4.1
2150,Books,41.91,4.33
2151,Fashion,23.24,2.01
2152,Sports,459.9,4.46
2153,Electronics,391.81,2.83
2154,Electronics,164.1,4.53
2155,Fashion,330.25,2.18
2156,Music,234.28,4.53
2157,Books,452.21,3.64
2158,Fashion,367.62,1.16
2159,Books,304.28,3.76
2160,Sports,15.09,4.38
2161,Education,464.5,1.95
2162,Music,423.67,3.66
2163,Gaming,292.44,4.37
2164,Music,146.38,4.16
2165,Gaming,160.69,4.15
2166,Sports,228.27,1.47
2167,Music,193.85,1.93
2168,Music,54.76,1.44
2169,Education,391.14,4.53
2170,Electronics,463.93,4.42
2171,Gaming,415.96,1.28
2172,Books,396.11,4.13
2173,Sports,69.99,3.65
2174,Books,228.99,4.6
2175,Movies,349.23,4.8
2176,Music,56.94,1.16
2177,Movies,486.92,1.32
2178,Sports,196.17,3.6
2179,Movies,440.63,2.02
2180,Music,19.38,3.09
2181,Gaming,238.2,2.23
2182,Gaming,437.58,4.0
2183,Sports,429.77,1.65
2184,Books,347.74,4.9
2185,Books,307.9,1.69
2186,Sports,497.91,3.11
2187,Music,420.83,1.6
2188,Electronics,334.72,4.65
2189,Sports,268.35,2.15
2190,Movies,68.07,2.18
2191,Fashion,180.67,3.84
2192,Sports,93.42,1.42
2193,Gaming,196.54,2.83
2194,Fashion,316.05,3.83
2195,Fashion,445.19,2.16
2196,Electronics,266.66,2.46
2197,Sports,5.7,3.32
2198,Sports,408.82,1.15
2199,Movies,6.73,3.91
2200,Education,343.51,2.62
2201,Movies,332.49,4.81
2202,Fashion,127.69,1.98
2203,Movies,97.18,3.9
2204,Gaming,179.83,4.95
2205,Sports,358.75,2.47
2206,Books,78.85,3.37
2207,Electronics,150.98,4.62
2208,Movies,223.5,2.17
2209,Sports,296.33,1.55
2210,Education,282.97,1.22
2211,Gaming,305.41,3.12
2212,Gaming,262.78,3.74
2213,Electronics,27.01,2.84
2214,Electronics,224.8,2.84
2215,Music,490.05,1.56
2216,Fashion,346.76,2.61
2217,Movies,258.3,4.05
2218,Gaming,82.9,4.05
2219,Electronics,39.81,2.93
2220,Fashion,372.33,1.77
2221,Books,386.6,1.67
2222,Education,400.62,2.88
2223,Education,343.9,4.67
2224,Movies,207.17,1.93
2225,Books,434.25,1.65
2226,Education,317.58,4.69
2227,Movies,338.83,1.78
2228,Sports,80.38,2.01
2229,Electronics,198.75,1.64
2230,Movies,399.92,2.43
2231,Sports,468.36,4.37
2232,Music,454.87,2.18
2233,Electronics,289.0,2.29
2234,Fashion,132.19,3.43
2235,Sports,409.91,1.37
2236,Music,141.51,1.82
2237,Electronics,400.18,4.73
2238,Fashion,44.57,2.52
2239,Fashion,457.68,2.38
2240,Movies,357.77,1.4
2241,Gaming,224.97,3.01
2242,Gaming,380.04,2.16
2243,Music,135.77,2.21
2244,Fashion,280.07,4.5
2245,Education,416.32,1.23
2246,Music,440.08,1.38
2247,Fashion,210.6,4.06
2248,Sports,45.35,1.16
2249,Sports,168.35,3.92
2250,Fashion,263.27,2.67
2251,Fashion,407.47,4.07
2252,Sports,394.09,2.84
2253,Electronics,14.63,1.69
2254,Fashion,371.94,4.01
2255,Electronics,486.29,1.76
2256,Fashion,65.85,1.56
2257,Music,96.47,3.11
2258,Gaming,487.73,3.36
2259,Books,263.73,3.69
2260,Sports,41.6,4.26
2261,Sports,325.21,1.68
2262,Electronics,317.2,3.38
2263,Sports,37.1,2.07
2264,Electronics,198.52,1.98
2265,Sports,125.37,3.29
2266,Sports,238.08,3.67
2267,Movies,478.42,3.64
2268,Gaming,293.14,4.39
2269,Education,317.88,1.66
2270,Education,160.8,3.93
2271,Books,370.5,4.95
2272,Books,315.35,4.6
2273,Gaming,32.02,3.26
2274,Education,460.32,2.15
2275,Music,81.66,2.4
2276,Electronics,397.16,1.34
2277,Education,302.17,1.54
2278,Gaming,220.59,4.86
2279,Fashion,101.6,1.14
2280,Education,216.47,3.31
2281,Music,152.27,3.17
2282,Music,476.93,2.25
2283,Sports,158.17,2.93
2284,Electronics,260.08,1.01
2285,Fashion,309.86,4.99
2286,Movies,149.54,3.52
2287,Music,7.29,3.42
2288,Sports,226.3,3.12
2289,Electronics,274.23,1.71
2290,Books,386.13,3.22
2291,Fashion,138.75,4.75
2292,Sports,11.32,3.9
2293,Movies,193.71,3.09
2294,Education,149.3,2.29
2295,Fashion,12.51,3.92
2296,Sports,356.85,3.62
2297,Electronics,439.59,4.61
2298,Sports,280.44,3.74
2299,Movies,10.44,4.39
2300,Fashion,409.12,1.08
2301,Electronics,273.7,4.63
2302,Fashion,94.79,2.41
2303,Movies,168.87,2.42
2304,Education,25.73,2.12
2305,Books,150.95,4.46
2306,Electronics,179.3,2.79
2307,Books,193.47,1.48
2308,Education,495.23,4.3
2309,Fashion,272.76,2.91
2310,Fashion,326.38,2.31
2311,Fashion,29.89,2.62
2312,Movies,492.07,1.73
2313,Electronics,266.21,1.03
2314,Music,65.41,3.35
2315,Electronics,152.22,4.62
2316,Education,206.05,1.83
2317,Gaming,275.07,4.18
2318,Movies,14.61,3.02
2319,Education,387.85,1.41
2320,Books,451.89,2.06
2321,Education,89.45,3.36
2322,Education,91.64,3.72
2323,Music,247.6,1.44
2324,Movies,456.68,3.69
2325,Gaming,275.27,2.5
2326,Books,71.76,3.83
2327,Fashion,407.76,1.5
2328,Movies,249.81,2.94
2329,Electronics,178.21,4.16
2330,Gaming,54.27,1.82
2331,Music,5.79,2.49
2332,Sports,149.13,4.47
2333,Education,374.18,1.34
2334,Fashion,371.77,3.7
2335,Education,144.45,1.06
2336,Fashion,62.01,2.0
2337,Music,409.23,2.86
2338,Books,459.61,4.16
2339,Fashion,147.12,4.38
2340,Fashion,62.78,1.14
2341,Music,306.23,2.37
2342,Electronics,168.07,3.75
2343,Music,425.8,2.29
2344,Gaming,165.88,3.14
2345,Gaming,328.33,1.81
2346,Movies,456.78,3.62
2347,Movies,314.46,4.62
2348,Fashion,454.1,1.54
2349,Sports,76.81,4.05
2350,Education,478.66,3.67
2351,Sports,208.6,3.73
2352,Sports,118.26,4.99
2353,Education,218.39,4.73
2354,Books,218.25,4.71
2355,Fashion,171.16,4.04
2356,Books,475.75,3.58
2357,Fashion,340.39,1.41
2358,Books,239.74,4.55
2359,Books,124.25,4.15
2360,Electronics,339.48,1.89
2361,Books,144.98,2.71
2362,Education,66.94,4.65
2363,Electronics,370.98,2.46
2364,Sports,153.33,3.76
2365,Music,214.99,1.92
2366,Gaming,217.92,4.49
2367,Electronics,38.96,2.47
2368,Books,481.36,1.06
2369,Education,445.87,2.5
2370,Electronics,98.81,1.06
2371,Education,39.91,1.69
2372,Movies,17.58,2.34
2373,Electronics,27.22,3.77
2374,Sports,410.36,4.55
2375,Fashion,276.82,4.79
2376,Music,7.79,1.54
2377,Books,150.12,4.16
2378,Movies,443.27,3.47
2379,Music,194.7,3.66
2380,Fashion,94.55,2.83
2381,Music,256.23,1.42
2382,Books,21.77,4.0
2383,Education,269.68,2.33
2384,Books,221.43,4.83
2385,Fashion,195.53,1.41
2386,Fashion,234.48,3.59
2387,Fashion,11.0,2.33
2388,Education,199.79,2.85
2389,Gaming,154.33,3.67
2390,Movies,472.63,4.66
2391,Sports,333.87,3.03
2392,Sports,413.78,4.34
2393,Education,415.64,1.63
2394,Fashion,17.59,4.93
2395,Fashion,480.03,3.26
2396,Electronics,496.57,4.08
2397,Music,261.1,2.56
2398,Movies,298.47,3.06
2399,Fashion,496.93,2.96
2400,Fashion,418.78,4.25
2401,Books,40.35,1.35
2402,Gaming,331.61,2.04
2403,Fashion,330.48,1.58
2404,Gaming,201.55,1.41
2405,Music,144.64,1.35
2406,Movies,485.44,2.58
2407,Gaming,451.09,4.88
2408,Sports,455.23,2.82
2409,Sports,390.55,1.61
2410,Electronics,51.94,4.51
2411,Sports,20.4,4.89
2412,Sports,337.71,2.68
2413,Movies,74.98,3.89
2414,Movies,283.74,3.84
2415,Movies,211.87,1.27
2416,Education,160.91,2.26
2417,Electronics,9.3,1.04
2418,Movies,168.73,3.91
2419,Education,313.9,1.96
2420,Music,303.37,3.59
2421,Electronics,263.67,3.09
2422,Movies,188.03,1.49
2423,Education,195.81,2.38
2424,Electronics,298.03,4.43
2425,Fashion,190.81,3.84
2426,Electronics,406.86,1.85
2427,Music,451.32,1.28
2428,Gaming,451.35,1.65
2429,Music,171.9,3.42
2430,Books,453.31,2.02
2431,Music,382.97,3.84
2432,Sports,84.06,2.92
2433,Education,243.35,2.22
2434,Education,391.06,4.7
2435,Movies,359.7,4.89
2436,Fashion,29.98,1.15
2437,Gaming,447.46,4.59
2438,Gaming,58.02,2.43
2439,Sports,418.52,1.51
2440,Fashion,137.38,3.72
2441,Music,491.04,4.19
2442,Gaming,389.77,2.37
2443,Sports,332.36,1.45
2444,Movies,496.17,2.92
2445,Fashion,321.21,4.5
2446,Education,5.48,4.9
2447,Education,182.78,2.36
2448,Education,76.81,4.43
2449,Music,436.07,1.08
2450,Fashion,32.58,4.67
2451,Fashion,65.82,3.48
2452,Music,311.73,4.48
2453,Fashion,288.46,2.74
2454,Electronics,487.32,1.92
2455,Gaming,135.05,1.34
2456,Books,487.78,3.83
2457,Gaming,10.99,3.82
2458,Music,205.05,4.87
2459,Books,142.31,3.84
2460,Fashion,315.58,1.05
2461,Fashion,443.18,1.56
2462,Electronics,333.48,4.1
2463,Music,317.31,1.39
2464,Fashion,487.71,1.95
2465,Fashion,315.79,4.19
2466,Movies,469.92,3.42
2467,Books,133.23,4.35
2468,Books,85.79,1.09
2469,Music,454.53,3.3
2470,Gaming,39.47,3.32
2471,Sports,76.78,1.13
2472,Electronics,62.68,4.1
2473,Fashion,379.05,3.42
2474,Music,108.62,3.96
2475,Music,206.98,3.04
2476,Gaming,449.33,2.83
2477,Sports,315.05,4.85
2478,Gaming,228.44,3.24
2479,Sports,294.29,1.96
2480,Education,369.78,3.91
2481,Fashion,110.71,1.05
2482,Gaming,499.48,3.33
2483,Fashion,94.61,2.13
2484,Movies,310.81,1.55
2485,Fashion,23.45,4.19
2486,Electronics,359.34,2.24
2487,Gaming,33.95,2.95
2488,Gaming,141.71,2.59
2489,Books,140.61,1.7
2490,Music,196.56,4.86
2491,Movies,136.78,2.34
2492,Electronics,167.97,2.92
2493,Music,422.54,2.61
2494,Books,404.04,1.46
2495,Sports,447.98,1.74
2496,Sports,24.4,1.63
2497,Books,99.42,3.03
2498,Sports,227.72,3.86
2499,Electronics,30.22,2.99
2500,Electronics,169.57,3.52
2501,Movies,26.63,1.14
2502,Sports,216.49,4.25
2503,Fashion,337.19,1.07
2504,Books,93.34,1.91
2505,Books,214.41,3.35
2506,Fashion,112.15,2.53
2507,Fashion,294.05,2.53
2508,Books,75.87,2.97
2509,Fashion,165.38,4.46
2510,Books,388.93,1.76
2511,Music,80.55,2.39
2512,Movies,209.03,4.73
2513,Books,154.3,4.47
2514,Music,255.13,4.54
2515,Fashion,352.47,3.83
2516,Gaming,261.8,4.36
2517,Gaming,130.94,4.63
2518,Education,320.2,2.75
2519,Gaming,491.18,4.45
2520,Movies,387.15,2.1
2521,Electronics,487.0,3.97
2522,Books,304.58,4.69
2523,Books,85.28,1.56
2524,Music,284.04,1.23
2525,Movies,333.67,1.96
2526,Electronics,63.92,2.64
2527,Gaming,235.65,1.68
2528,Movies,25.56,2.66
2529,Movies,380.97,4.5
2530,Fashion,53.29,3.1
2531,Electronics,135.38,2.5
2532,Electronics,467.05,2.41
2533,Gaming,185.85,1.84
2534,Fashion,480.21,2.83
2535,Education,287.34,2.81
2536,Education,130.19,4.24
2537,Education,19.09,3.76
2538,Sports,299.17,1.58
2539,Music,87.12,3.64
2540,Music,159.51,2.06
2541,Gaming,34.28,4.07
2542,Gaming,441.92,4.28
2543,Movies,235.69,3.14
2544,Gaming,124.93,1.69
2545,Movies,412.39,4.19
2546,Books,389.79,2.85
2547,Gaming,432.93,4.7
2548,Fashion,167.53,1.9
2549,Sports,234.81,1.72
2550,Movies,442.58,2.35
2551,Fashion,290.21,3.38
2552,Books,259.92,1.63
2553,Fashion,495.55,1.69
2554,Gaming,377.0,4.17
2555,Fashion,76.86,4.73
2556,Fashion,246.44,3.52
2557,Books,322.88,3.02
2558,Sports,75.3,4.01
2559,Fashion,292.98,1.47
2560,Electronics,351.66,3.81
2561,Movies,276.5,1.36
2562,Books,179.56,1.2
2563,Electronics,241.41,4.63
2564,Movies,6.12,2.07
2565,Fashion,400.93,1.04
2566,Movies,10.04,3.44
2567,Sports,395.65,4.11
2568,Books,390.89,2.44
2569,Movies,441.95,1.05
2570,Education,159.53,2.35
2571,Books,86.96,2.34
2572,Books,295.01,3.08
2573,Education,163.12,4.0
2574,Education,358.82,2.12
2575,Fashion,165.0,2.15
2576,Gaming,68.78,4.01
2577,Movies,27.91,1.6
2578,Books,57.13,4.3
2579,Fashion,26.78,3.66
2580,Sports,27.01,4.15
2581,Books,456.79,2.95
2582,Electronics,403.25,3.83
2583,Electronics,398.84,4.07
2584,Sports,106.66,3.0
2585,Gaming,480.41,2.37
2586,Gaming,485.39,3.33
2587,Gaming,233.5,3.63
2588,Electronics,408.84,2.58
2589,Fashion,21.31,3.84
2590,Electronics,478.3,3.5
2591,Electronics,98.27,1.99
2592,Electronics,455.33,1.05
2593,Music,276.63,1.63
2594,Sports,144.97,2.23
2595,Fashion,113.54,4.17
2596,Music,169.44,2.38
2597,Sports,229.24,4.61
2598,Gaming,345.65,1.25
2599,Sports,24.43,3.27
2600,Books,444.09,2.29
2601,Electronics,127.65,3.99
2602,Music,303.04,3.26
2603,Electronics,78.9,1.7
2604,Music,144.48,1.83
2605,Fashion,485.87,1.07
2606,Movies,314.9,3.07
2607,Sports,165.01,4.55
2608,Sports,336.73,4.99
2609,Electronics,88.48,1.35
2610,Music,74.0,2.08
2611,Fashion,211.31,4.45
2612,Gaming,145.38,4.66
2613,Fashion,234.14,3.59
2614,Electronics,135.88,1.62
2615,Electronics,435.38,1.44
2616,Education,388.14,3.32
2617,Gaming,431.26,3.87
2618,Gaming,144.42,3.3
2619,Fashion,11.47,2.9
2620,Education,47.58,2.72
2621,Gaming,59.26,4.82
2622,Sports,263.92,4.65
2623,Sports,16.07,3.55
2624,Fashion,156.94,2.73
2625,Sports,437.18,4.92
2626,Gaming,127.01,4.79
2627,Sports,345.92,4.81
2628,Sports,283.37,4.84
2629,Education,446.77,1.51
2630,Gaming,158.84,1.97
2631,Books,288.19,4.21
2632,Music,380.91,3.91
2633,Books,190.76,1.56
2634,Gaming,109.24,3.97
2635,Fashion,78.03,1.89
2636,Gaming,215.15,1.29
2637,Education,110.28,1.6
2638,Books,475.9,1.77
2639,Sports,431.58,1.46
2640,Gaming,435.49,3.4
2641,Movies,425.6,4.47
2642,Books,300.2,4.67
2643,Electronics,294.8,3.85
2644,Books,210.96,4.66
2645,Sports,412.96,1.67
2646,Fashion,290.31,4.59
2647,Fashion,397.57,4.85
2648,Sports,119.49,2.47
2649,Sports,256.06,1.93
2650,Fashion,200.05,3.15
2651,Books,99.71,2.03
2652,Sports,66.8,3.85
2653,Music,183.97,1.88
2654,Fashion,256.13,1.27
2655,Education,462.09,2.18
2656,Books,443.8,2.99
2657,Education,425.82,1.99
2658,Music,91.76,4.4
2659,Electronics,110.4,3.98
2660,Gaming,175.57,3.99
2661,Education,454.28,4.93
2662,Education,183.11,2.47
2663,Gaming,490.79,4.45
2664,Books,27.32,3.29
2665,Electronics,94.72,4.98
2666,Gaming,73.77,3.24
2667,Music,334.27,4.75
2668,Fashion,424.39,1.98
2669,Electronics,288.45,4.81
2670,Books,369.18,3.75
2671,Movies,378.68,2.29
2672,Sports,365.98,1.93
2673,Books,216.91,4.56
2674,Fashion,14.39,2.66
2675,Education,137.08,1.79
2676,Education,420.09,3.79
2677,Gaming,60.75,2.98
2678,Books,236.12,1.57
2679,Education,400.88,2.47
2680,Books,382.16,1.77
2681,Music,160.96,1.38
2682,Gaming,76.02,4.53
2683,Sports,59.01,1.38
2684,Movies,470.49,3.58
2685,Music,54.95,4.89
2686,Education,77.81,4.07
2687,Fashion,22.25,3.5
2688,Electronics,275.62,1.83
2689,Fashion,323.36,3.47
2690,Gaming,400.18,4.5
2691,Gaming,257.5,2.96
2692,Music,312.69,3.92
2693,Gaming,181.3,3.02
2694,Gaming,294.63,4.95
2695,Fashion,295.92,1.9
2696,Music,296.05,4.28
2697,Books,429.41,4.2
2698,Fashion,444.66,2.34
2699,Music,256.25,4.12
2700,Education,135.9,2.49
2701,Sports,416.42,4.08
2702,Movies,485.74,4.98
2703,Fashion,124.17,4.6
2704,Music,51.79,3.84
2705,Music,113.95,2.2
2706,Sports,473.43,2.05
2707,Movies,338.22,1.71
2708,Gaming,51.23,2.36
2709,Electronics,313.98,1.99
2710,Education,153.58,3.83
2711,Movies,55.88,2.79
2712,Fashion,471.16,2.59
2713,Electronics,219.93,3.95
2714,Education,390.61,4.08
2715,Movies,498.94,1.29
2716,Education,491.22,4.8
2717,Fashion,426.81,2.82
2718,Gaming,436.1,1.88
2719,Gaming,396.87,1.74
2720,Movies,408.6,3.46
2721,Books,53.53,4.58
2722,Education,291.09,3.62
2723,Gaming,145.34,4.49
2724,Education,274.87,2.68
2725,Electronics,269.47,3.81
2726,Electronics,349.05,2.43
2727,Education,195.7,3.25
2728,Movies,462.58,3.98
2729,Education,198.26,2.35
2730,Movies,264.2,4.48
2731,Music,9.3,3.84
2732,Movies,150.78,1.83
2733,Gaming,11.01,4.59
2734,Movies,456.56,1.25
2735,Books,263.3,1.61
2736,Sports,380.55,3.66
2737,Movies,152.08,1.47
2738,Books,416.45,3.7
2739,Gaming,8.38,3.51
2740,Education,406.1,3.36
2741,Sports,215.23,3.34
2742,Movies,311.76,3.56
2743,Education,483.69,1.71
2744,Music,313.43,1.75
2745,Sports,108.93,3.68
2746,Gaming,458.4,1.64
2747,Books,481.42,2.28
2748,Gaming,198.7,1.61
2749,Movies,309.84,3.39
2750,Electronics,223.92,2.9
2751,Movies,313.37,3.33
2752,Movies,190.26,4.54
2753,Music,335.49,1.82
2754,Electronics,163.35,4.15
2755,Fashion,56.74,4.0
2756,Gaming,182.63,3.21
2757,Electronics,143.88,4.95
2758,Music,453.39,4.71
2759,Fashion,96.46,4.37
2760,Books,270.02,3.83
2761,Electronics,112.66,3.85
2762,Fashion,457.56,2.07
2763,Gaming,120.51,1.42
2764,Fashion,137.07,3.14
2765,Education,417.19,2.12
2766,Electronics,312.47,2.92
2767,Gaming,147.85,3.04
2768,Gaming,88.14,3.56
2769,Movies,62.25,3.92
2770,Electronics,92.97,4.99
2771,Electronics,412.72,2.38
2772,Fashion,215.97,2.04
2773,Movies,384.72,2.52
2774,Movies,378.82,1.07
2775,Music,72.13,2.46
2776,Books,58.91,3.4
2777,Sports,30.16,4.44
2778,Electronics,381.85,1.87
2779,Sports,244.48,2.81
2780,Electronics,363.81,2.61
2781,Music,21.3,2.09
2782,Education,235.77,4.9
2783,Movies,441.17,1.73
2784,Sports,363.02,4.75
2785,Education,9.35,3.88
2786,Movies,232.37,3.72
2787,Books,304.77,4.94
2788,Music,147.96,4.14
2789,Gaming,121.15,2.74
2790,Sports,487.81,4.06
2791,Electronics,161.33,3.48
2792,Fashion,29.6,2.07
2793,Education,360.6,3.28
2794,Music,237.49,3.76
2795,Electronics,202.24,1.1
2796,Electronics,223.31,4.61
2797,Electronics,429.02,2.64
2798,Sports,16.0,3.55
2799,Electronics,371.89,2.18
2800,Music,240.95,4.97
2801,Gaming,290.29,2.4
2802,Gaming,315.61,1.72
2803,Books,103.63,4.7
2804,Music,123.4,2.24
2805,Sports,274.17,4.6
2806,Electronics,391.82,1.18
2807,Music,348.05,3.02
2808,Gaming,240.4,3.77
2809,Movies,102.13,4.93
2810,Books,324.43,2.46
2811,Movies,302.1,1.87
2812,Sports,318.75,1.11
2813,Education,173.89,3.99
2814,Movies,404.95,2.01
2815,Gaming,272.01,3.11
2816,Education,213.62,1.91
2817,Electronics,353.1,2.01
2818,Education,455.96,3.11
2819,Electronics,435.89,2.16
2820,Books,404.5,1.45
2821,Education,384.58,2.55
2822,Fashion,237.65,1.67
2823,Gaming,14.22,3.66
2824,Electronics,295.92,3.49
2825,Electronics,131.23,1.96
2826,Books,416.0,4.05
2827,Sports,171.71,3.55
2828,Gaming,414.93,4.56
2829,Music,7.87,4.25
2830,Books,178.44,3.87
2831,Electronics,188.84,3.42
2832,Sports,325.16,2.62
2833,Movies,258.83,3.91
2834,Movies,240.77,1.06
2835,Movies,11.39,3.65
2836,Movies,424.38,4.14
2837,Fashion,158.65,2.88
2838,Electronics,120.91,4.96
2839,Gaming,133.95,2.67
2840,Education,342.16,4.5
2841,Movies,30.48,2.2
2842,Music,286.65,3.47
2843,Gaming,39.66,3.66
2844,Gaming,266.39,4.31
2845,Music,114.98,1.78
2846,Fashion,397.7,3.82
2847,Movies,396.88,4.13
2848,Electronics,56.48,2.11
2849,Gaming,133.74,4.74
2850,Fashion,246.3,1.44
2851,Fashion,148.34,4.49
2852,Books,424.3,4.6
2853,Music,197.32,3.57
2854,Music,142.7,1.72
2855,Gaming,15.84,1.89
2856,Education,304.17,4.62
2857,Fashion,71.04,4.67
2858,Music,175.97,2.71
2859,Gaming,185.66,2.63
2860,Fashion,133.3,3.79
2861,Fashion,380.3,4.29
2862,Fashion,173.94,4.06
2863,Books,320.65,4.83
2864,Electronics,215.27,4.97
2865,Music,371.5,4.11
2866,Sports,17.72,2.99
2867,Sports,266.53,1.16
2868,Movies,159.5,4.82
2869,Education,215.93,1.75
2870,Electronics,259.1,1.14
2871,Movies,260.41,3.38
2872,Education,182.06,4.05
2873,Movies,72.18,4.51
2874,Education,477.95,1.0
2875,Gaming,422.15,3.02
2876,Movies,233.4,1.95
2877,Movies,226.43,4.8
2878,Music,109.34,1.72
2879,Music,124.74,3.21
2880,Sports,465.5,3.3
2881,Gaming,125.52,2.76
2882,Music,198.25,1.19
2883,Fashion,257.77,1.5
2884,Books,421.91,3.2
2885,Sports,423.08,4.82
2886,Sports,471.88,1.4
2887,Music,472.68,4.18
2888,Electronics,389.94,1.36
2889,Education,93.86,4.9
2890,Books,110.62,1.68
2891,Fashion,184.36,4.65
2892,Movies,240.72,4.68
2893,Music,170.5,1.91
2894,Music,250.13,3.46
2895,Sports,198.79,2.38
2896,Books,112.94,2.1
2897,Fashion,338.19,2.48
2898,Electronics,44.48,1.55
2899,Electronics,189.33,4.7
2900,Sports,192.62,1.24
2901,Gaming,211.91,3.68
2902,Fashion,298.83,2.12
2903,Fashion,345.6,3.52
2904,Books,90.23,1.65
2905,Books,275.86,3.64
2906,Education,481.15,2.69
2907,Sports,383.64,1.47
2908,Fashion,445.36,3.53
2909,Education,316.37,1.57
2910,Education,24.59,3.81
2911,Fashion,62.94,1.51
2912,Gaming,97.81,1.39
2913,Movies,314.57,2.69
2914,Sports,136.72,2.76
2915,Music,422.85,4.71
2916,Music,246.3,3.27
2917,Music,132.31,3.05
2918,Music,375.32,2.97
2919,Fashion,154.53,3.33
2920,Fashion,473.59,4.55
2921,Movies,385.77,2.1
2922,Fashion,124.57,4.35
2923,Music,94.75,3.42
2924,Fashion,222.27,2.87
2925,Music,230.0,4.6
2926,Books,48.11,4.13
2927,Gaming,418.33,4.77
2928,Books,229.04,3.0
2929,Music,480.84,2.83
2930,Education,254.26,2.33
2931,Music,20.66,2.73
2932,Books,329.27,3.76
2933,Education,8.22,4.2
2934,Books,248.75,3.08
2935,Electronics,481.06,2.14
2936,Music,382.02,3.3
2937,Electronics,351.9,2.67
2938,Electronics,143.21,3.18
2939,Music,190.6,1.89
2940,Movies,420.42,2.9
2941,Books,424.42,2.9
2942,Movies,280.61,4.98
2943,Education,475.99,2.09
2944,Education,434.98,2.56
2945,Movies,40.27,3.3
2946,Movies,488.64,4.9
2947,Education,67.6,4.08
2948,Sports,402.4,2.47
2949,Music,331.0,2.95
2950,Sports,117.81,4.05
2951,Music,135.06,2.36
2952,Fashion,99.06,3.88
2953,Movies,232.07,2.77
2954,Education,304.26,1.63
2955,Movies,449.59,2.86
2956,Books,186.43,1.51
2957,Education,88.14,4.68
2958,Books,231.03,3.89
2959,Music,44.86,3.57
2960,Movies,461.15,2.2
2961,Education,291.67,4.76
2962,Sports,361.06,1.25
2963,Movies,192.47,1.34
2964,Movies,431.35,3.49
2965,Sports,478.41,1.08
2966,Electronics,214.43,1.42
2967,Music,178.49,1.65
2968,Sports,167.75,4.28
2969,Education,84.55,2.89
2970,Electronics,461.18,5.0
2971,Sports,129.07,4.74
2972,Sports,134.39,2.65
2973,Books,439.57,4.14
2974,Sports,429.46,4.2
2975,Gaming,121.36,3.24
2976,Books,195.7,2.84
2977,Books,81.21,2.26
2978,Sports,429.54,4.59
2979,Sports,307.03,2.99
2980,Fashion,357.86,3.44
2981,Gaming,491.92,1.76
2982,Electronics,227.28,4.67
2983,Education,457.79,2.98
2984,Fashion,71.73,4.26
2985,Books,294.66,4.09
2986,Music,233.95,1.82
2987,Fashion,16.87,3.24
2988,Education,84.72,1.75
2989,Education,220.97,2.77
2990,Sports,140.82,1.53
2991,Electronics,472.75,1.53
2992,Movies,178.63,2.22
2993,Gaming,433.84,2.64
2994,Fashion,66.4,1.04
2995,Music,362.37,3.86
2996,Books,211.8,1.51
2997,Music,188.96,3.36
2998,Fashion,353.45,1.31
2999,Books,280.37,2.1
3000,Education,310.55,3.59
3001,Movies,455.75,2.64
3002,Gaming,271.11,2.07
3003,Music,146.85,1.18
3004,Sports,146.6,1.26
3005,Music,482.14,3.5
3006,Sports,90.71,1.47
3007,Education,188.21,2.23
3008,Electronics,143.23,2.87
3009,Books,456.87,3.27
3010,Books,263.01,4.23
3011,Music,6.99,1.79
3012,Gaming,250.61,3.82
3013,Education,245.09,1.65
3014,Sports,465.34,2.31
3015,Movies,395.17,4.57
3016,Movies,176.49,4.38
3017,Gaming,356.83,4.62
3018,Education,129.4,4.73
3019,Books,37.33,4.17
3020,Education,220.65,1.71
3021,Education,44.3,2.56
3022,Gaming,197.72,1.92
3023,Fashion,111.68,2.6
3024,Gaming,208.01,2.77
3025,Books,435.04,3.45
3026,Movies,15.11,3.08
3027,Sports,382.41,1.23
3028,Sports,214.19,2.8
3029,Gaming,477.24,2.9
3030,Fashion,376.2,2.21
3031,Movies,390.76,2.29
3032,Gaming,217.86,2.92
3033,Gaming,463.55,1.21
3034,Movies,102.45,3.82
3035,Music,290.9,2.01
3036,Electronics,148.15,2.47
3037,Electronics,227.92,4.27
3038,Electronics,11.84,4.59
3039,Books,209.45,1.92
3040,Electronics,256.66,3.64
3041,Music,27.15,3.86
3042,Education,381.58,1.66
3043,Sports,88.1,1.82
3044,Electronics,399.33,2.09
3045,Sports,398.99,3.16
3046,Music,384.75,3.21
3047,Fashion,171.21,4.64
3048,Books,359.07,2.94
3049,Books,320.53,3.46
3050,Gaming,182.27,2.7
3051,Movies,162.54,5.0
3052,Movies,292.13,1.37
3053,Fashion,261.96,1.2
3054,Movies,147.88,2.78
3055,Gaming,269.46,4.9
3056,Movies,491.2,1.39
3057,Movies,271.38,4.27
3058,Education,122.67,4.0
3059,Music,439.92,3.65
3060,Education,167.21,4.69
3061,Fashion,442.34,3.86
3062,Music,185.02,4.17
3063,Education,161.47,2.01
3064,Music,259.93,4.99
3065,Music,403.14,3.92
3066,Fashion,228.75,2.25
3067,Books,428.67,3.27
3068,Electronics,407.56,2.95
3069,Fashion,378.21,4.47
3070,Fashion,198.74,1.05
3071,Books,131.19,4.66
3072,Education,345.33,3.95
3073,Education,166.02,3.81
3074,Books,324.91,1.71
3075,Fashion,484.5,2.42
3076,Movies,168.0,2.48
3077,Sports,50.4,3.5
3078,Education,123.12,4.21
3079,Books,200.11,2.83
3080,Education,324.98,4.05
3081,Electronics,119.4,4.87
3082,Music,313.05,1.02
3083,Movies,210.73,2.75
3084,Movies,405.54,2.22
3085,Music,168.96,1.28
3086,Books,145.36,3.87
3087,Movies,319.2,1.33
3088,Sports,61.77,2.51
3089,Gaming,373.16,4.33
3090,Education,12.24,2.32
3091,Fashion,215.01,4.64
3092,Gaming,253.2,2.08
3093,Books,198.07,2.75
3094,Books,336.65,1.16
3095,Fashion,197.78,3.59
3096,Sports,145.24,3.37
3097,Electronics,181.85,4.03
3098,Sports,35.0,4.67
3099,Music,89.95,1.63
3100,Gaming,421.12,4.48
3101,Books,51.02,4.63
3102,Books,140.28,3.47
3103,Sports,38.95,2.52
3104,Education,228.11,3.4
3105,Books,265.01,2.85
3106,Movies,480.02,1.74
3107,Music,83.21,3.85
3108,Electronics,41.9,2.93
3109,Electronics,244.61,2.24
3110,Fashion,465.57,2.13
3111,Books,147.78,1.94
3112,Education,77.17,2.46
3113,Education,342.04,3.97
3114,Electronics,407.64,1.79
3115,Music,22.64,4.9
3116,Music,12.09,4.84
3117,Fashion,415.26,4.65
3118,Gaming,196.66,1.79
3119,Gaming,305.2,3.97
3120,Sports,69.78,4.19
3121,Sports,108.25,2.97
3122,Music,428.96,1.77
3123,Books,124.73,1.25
3124,Music,77.57,1.59
3125,Electronics,105.7,2.14
3126,Education,408.42,4.66
3127,Electronics,206.11,1.51
3128,Music,115.79,3.94
3129,Sports,340.33,4.87
3130,Fashion,12.17,4.0
3131,Gaming,255.37,4.61
3132,Electronics,290.2,2.79
3133,Books,334.6,4.33
3134,Books,144.84,1.43
3135,Sports,219.34,1.86
3136,Books,217.62,4.96
3137,Electronics,289.19,3.77
3138,Sports,340.57,4.28
3139,Fashion,472.34,3.64
3140,Education,240.67,2.27
3141,Movies,183.34,2.34
3142,Fashion,165.61,3.78
3143,Music,295.92,1.81
3144,Music,484.96,2.71
3145,Books,285.21,3.81
3146,Sports,308.77,2.24
3147,Gaming,399.86,1.44
3148,Electronics,286.65,2.09
3149,Electronics,309.8,1.87
3150,Music,387.24,1.91
3151,Books,445.74,4.45
3152,Books,184.38,2.54
3153,Electronics,352.24,1.36
3154,Movies,45.06,1.55
3155,Music,283.43,1.6
3156,Electronics,142.42,3.59
3157,Fashion,12.73,1.72
3158,Movies,465.32,3.65
3159,Sports,156.25,1.18
3160,Education,295.09,1.89
3161,Sports,480.29,3.75
3162,Gaming,487.19,4.4
3163,Books,244.1,3.68
3164,Music,406.99,3.31
3165,Education,35.44,2.88
3166,Sports,69.63,3.86
3167,Gaming,341.91,4.97
3168,Gaming,316.26,4.2
3169,Fashion,137.8,2.36
3170,Education,458.93,4.02
3171,Books,329.36,2.02
3172,Sports,350.8,4.55
3173,Music,119.24,3.82
3174,Gaming,199.88,1.48
3175,Sports,382.91,1.67
3176,Sports,130.18,4.13
3177,Music,372.36,2.02
3178,Sports,470.78,1.86
3179,Electronics,496.84,3.95
3180,Electronics,199.29,1.52
3181,Music,163.65,1.77
3182,Music,312.81,2.43
3183,Gaming,151.03,4.03
3184,Books,119.15,3.35
3185,Music,101.33,3.86
3186,Movies,314.44,4.19
3187,Education,38.91,1.84
3188,Sports,81.46,1.76
3189,Books,55.99,3.25
3190,Music,298.75,4.37
3191,Gaming,211.78,3.13
3192,Gaming,495.7,3.13
3193,Sports,288.92,4.98
3194,Education,497.09,2.7
3195,Fashion,319.3,2.92
3196,Music,361.75,4.75
3197,Music,158.28,4.28
3198,Books,329.15,2.12
3199,Books,399.66,2.71
3200,Gaming,64.6,4.97
3201,Movies,215.69,3.17
3202,Sports,404.94,4.84
3203,Gaming,437.08,3.1
3204,Electronics,275.12,2.12
3205,Fashion,234.09,4.79
3206,Sports,364.84,1.05
3207,Education,62.67,4.7
3208,Education,425.12,2.94
3209,Fashion,310.4,2.16
3210,Education,397.45,3.41
3211,Electronics,348.94,2.5
3212,Fashion,218.07,1.83
3213,Gaming,474.29,4.79
3214,Gaming,409.79,4.74
3215,Gaming,334.34,1.94
3216,Electronics,381.3,2.3
3217,Music,223.04,2.1
3218,Sports,214.69,3.72
3219,Movies,59.75,1.42
3220,Fashion,343.47,4.12
3221,Books,277.98,1.73
3222,Gaming,218.22,4.03
3223,Movies,344.44,1.44
3224,Movies,484.73,1.89
3225,Books,114.09,2.84
3226,Gaming,166.99,4.94
3227,Books,42.86,2.23
3228,Electronics,194.45,2.97
3229,Books,13.12,1.33
3230,Education,132.62,3.22
3231,Music,385.05,3.75
3232,Sports,285.68,2.59
3233,Music,435.99,2.84
3234,Movies,153.13,3.52
3235,Gaming,347.6,2.59
3236,Movies,18.93,1.38
3237,Electronics,423.57,1.23
3238,Music,298.05,1.73
3239,Books,118.32,2.09
3240,Electronics,23.95,1.71
3241,Sports,327.0,2.99
3242,Electronics,399.68,1.24
3243,Fashion,445.0,4.99
3244,Education,12.79,4.87
3245,Sports,121.75,3.77
3246,Electronics,149.78,3.09
3247,Movies,257.66,2.44
3248,Fashion,360.19,3.4
3249,Education,256.6,4.93
3250,Gaming,470.3,4.82
3251,Sports,441.26,2.02
3252,Gaming,178.24,1.92
3253,Fashion,493.16,1.61
3254,Books,186.42,1.8
3255,Movies,115.61,1.99
3256,Movies,321.64,1.3
3257,Movies,288.4,4.28
3258,Education,384.43,1.6
3259,Books,457.79,4.08
3260,Sports,7.62,3.95
3261,Music,370.02,2.99
3262,Sports,27.76,3.32
3263,Electronics,384.04,2.08
3264,Gaming,335.2,2.42
3265,Electronics,289.06,2.54
3266,Gaming,155.36,4.42
3267,Education,378.15,2.38
3268,Gaming,220.14,3.77
3269,Movies,406.48,3.74
3270,Electronics,272.76,4.82
3271,Fashion,388.2,1.46
3272,Fashion,281.28,2.64
3273,Movies,398.49,1.18
3274,Education,208.31,2.27
3275,Movies,74.89,2.52
3276,Music,338.04,2.45
3277,Music,292.1,3.37
3278,Books,295.62,3.12
3279,Sports,62.91,1.87
3280,Music,401.03,3.01
3281,Education,354.51,3.28
3282,Fashion,24.15,4.18
3283,Education,36.84,4.77
3284,Books,111.61,3.05
3285,Education,36.48,4.58
3286,Movies,490.07,1.59
3287,Sports,151.41,1.06
3288,Electronics,394.55,2.25
3289,Gaming,296.47,1.16
3290,Books,359.15,3.12
3291,Books,363.87,4.16
3292,Gaming,49.18,3.31
3293,Movies,326.72,3.07
3294,Electronics,95.29,4.18
3295,Sports,498.74,4.88
3296,Movies,389.88,2.67
3297,Sports,171.96,1.27
3298,Books,211.06,1.62
3299,Education,130.9,4.57
3300,Sports,484.42,4.79
3301,Education,100.71,4.6
3302,Education,75.05,3.03
3303,Music,323.61,2.85
3304,Sports,476.16,2.33
3305,Sports,266.05,1.3
3306,Sports,426.85,2.65
3307,Gaming,351.76,3.73
3308,Movies,339.75,3.03
3309,Education,142.37,3.5
3310,Education,481.09,4.34
3311,Electronics,58.84,1.09
3312,Movies,251.99,4.1
3313,Books,160.38,3.8
3314,Sports,466.3,2.84
3315,Electronics,125.86,4.67
3316,Electronics,238.77,2.63
3317,Books,179.91,2.69
3318,Music,338.46,2.73
3319,Sports,165.49,3.97
3320,Gaming,105.47,1.81
3321,Electronics,349.74,4.47
3322,Fashion,124.4,1.76
3323,Fashion,336.8,3.48
3324,Gaming,226.39,1.38
3325,Fashion,50.43,4.11
3326,Music,228.63,4.43
3327,Movies,289.49,3.47
3328,Fashion,467.43,1.66
3329,Electronics,273.8,1.23
3330,Movies,182.67,1.59
3331,Books,97.98,4.74
3332,Fashion,307.29,4.57
3333,Sports,224.54,3.39
3334,Books,20.89,2.88
3335,Electronics,284.21,1.07
3336,Music,395.8,2.18
3337,Education,228.98,3.14
3338,Education,496.14,1.4
3339,Fashion,279.86,3.12
3340,Electronics,39.11,3.54
3341,Movies,146.99,1.42
3342,Movies,93.43,4.29
3343,Books,56.54,2.87
3344,Electronics,101.66,1.65
3345,Electronics,106.83,2.97
3346,Education,122.71,1.39
3347,Movies,401.69,3.16
3348,Books,82.64,2.89
3349,Sports,38.84,3.32
3350,Fashion,173.45,1.41
3351,Movies,95.9,2.38
3352,Music,404.17,1.7
3353,Sports,59.28,3.06
3354,Books,281.55,1.36
3355,Electronics,145.82,2.05
3356,Education,97.18,2.26
3357,Movies,23.37,3.61
3358,Books,494.3,3.54
3359,Fashion,183.73,3.67
3360,Fashion,287.9,4.39
3361,Movies,312.83,3.54
3362,Education,114.72,2.66
3363,Electronics,175.49,1.05
3364,Education,160.07,2.94
3365,Fashion,301.93,4.74
3366,Gaming,123.36,1.61
3367,Movies,435.38,4.77
3368,Gaming,246.54,1.46
3369,Sports,245.27,1.44
3370,Fashion,442.18,3.83
3371,Fashion,124.36,4.55
3372,Music,320.76,4.81
3373,Books,490.34,1.01
3374,Education,64.51,3.19
3375,Movies,478.15,4.98
3376,Fashion,285.87,1.7
3377,Fashion,85.71,4.06
3378,Movies,298.01,3.2
3379,Electronics,235.55,3.9
3380,Movies,429.74,2.21
3381,Sports,114.35,3.68
3382,Fashion,457.79,2.39
3383,Gaming,139.86,1.9
3384,Books,130.97,1.54
3385,Books,300.41,2.12
3386,Electronics,309.4,1.33
3387,Electronics,62.15,3.14
3388,Sports,258.21,2.09
3389,Movies,414.43,1.75
3390,Gaming,183.53,3.22
3391,Gaming,434.27,2.67
3392,Books,202.31,3.32
3393,Gaming,161.76,3.84
3394,Sports,128.1,4.29
3395,Electronics,139.81,4.97
3396,Education,161.65,4.52
3397,Electronics,201.69,1.98
3398,Fashion,116.95,4.4
3399,Gaming,157.83,2.35
3400,Education,102.51,4.85
3401,Fashion,126.15,1.99
3402,Electronics,472.23,4.6
3403,Fashion,128.21,4.46
3404,Electronics,128.66,1.34
3405,Electronics,411.08,4.09
3406,Music,150.86,1.36
3407,Sports,107.19,4.08
3408,Gaming,482.55,2.04
3409,Gaming,410.04,1.91
3410,Fashion,341.4,1.33
3411,Books,294.72,2.08
3412,Music,463.29,2.16
3413,Sports,202.23,4.36
3414,Gaming,221.95,1.95
3415,Electronics,276.03,4.36
3416,Electronics,219.42,1.53
3417,Music,194.63,4.82
3418,Education,40.65,2.63
3419,Education,325.77,1.31
3420,Music,175.75,4.76
3421,Electronics,20.16,4.01
3422,Electronics,421.48,2.11
3423,Books,111.28,4.66
3424,Education,383.18,1.45
3425,Sports,110.04,3.49
3426,Fashion,212.61,3.02
3427,Music,476.01,2.68
3428,Electronics,441.43,3.64
3429,Electronics,65.2,3.98
3430,Education,262.5,1.9
3431,Sports,148.33,3.23
3432,Education,302.84,4.87
3433,Books,428.09,1.82
3434,Sports,388.13,1.03
3435,Electronics,69.26,1.8
3436,Education,300.61,1.78
3437,Fashion,185.81,1.97
3438,Fashion,172.02,4.77
3439,Books,498.7,3.74
3440,Books,288.29,3.83
3441,Sports,386.97,3.96
3442,Gaming,45.54,2.24
3443,Electronics,175.0,2.48
3444,Education,175.44,4.15
3445,Books,375.06,1.02
3446,Gaming,151.71,3.49
3447,Education,64.53,1.28
3448,Fashion,415.06,2.81
3449,Fashion,428.57,4.29
3450,Books,447.22,1.19
3451,Electronics,97.13,2.18
3452,Movies,72.43,2.94
3453,Music,400.49,4.8
3454,Movies,445.34,2.83
3455,Gaming,320.06,1.92
3456,Books,204.49,4.48
3457,Education,19.45,3.13
3458,Books,437.04,1.49
3459,Fashion,491.36,1.05
3460,Books,443.63,2.41
3461,Education,70.68,1.63
3462,Electronics,352.08,4.48
3463,Education,322.33,4.71
3464,Movies,422.03,1.04
3465,Movies,336.37,2.22
3466,Sports,229.98,1.38
3467,Gaming,144.64,3.53
3468,Electronics,113.1,3.59
3469,Fashion,461.9,1.02
3470,Sports,393.96,3.57
3471,Movies,28.08,4.16
3472,Movies,116.14,2.06
3473,Fashion,51.29,3.14
3474,Fashion,251.62,2.39
3475,Music,88.53,4.35
3476,Fashion,438.81,3.16
3477,Books,125.89,1.38
3478,Gaming,434.93,1.38
3479,Electronics,11.52,2.88
3480,Fashion,366.98,2.83
3481,Music,30.45,3.76
3482,Fashion,322.95,3.73
3483,Sports,109.55,4.18
3484,Movies,242.19,3.15
3485,Books,275.19,2.15
3486,Fashion,128.82,1.02
3487,Electronics,201.32,2.94
3488,Movies,372.69,1.27
3489,Movies,462.37,2.06
3490,Education,186.53,1.19
3491,Education,328.3,3.84
3492,Fashion,464.75,2.35
3493,Gaming,132.4,3.9
3494,Electronics,354.87,4.75
3495,Sports,106.63,3.82
3496,Fashion,38.1,2.92
3497,Gaming,64.1,3.61
3498,Music,302.73,1.2
3499,Music,163.21,2.58
3500,Books,127.79,1.15
3501,Sports,162.82,4.17
3502,Fashion,183.25,2.29
3503,Education,471.17,1.17
3504,Gaming,384.81,2.93
3505,Books,472.51,2.57
3506,Education,355.48,1.28
3507,Movies,464.74,2.38
3508,Electronics,264.38,1.55
3509,Fashion,473.05,3.69
3510,Movies,31.7,1.62
3511,Music,202.92,1.87
3512,Music,155.79,4.99
3513,Music,331.03,4.69
3514,Books,220.72,3.84
3515,Gaming,232.55,2.31
3516,Electronics,261.99,2.71
3517,Fashion,490.37,2.98
3518,Books,406.5,3.67
3519,Books,242.42,2.9
3520,Books,174.24,1.43
3521,Music,381.93,4.67
3522,Books,112.89,4.7
3523,Fashion,119.99,3.12
3524,Gaming,175.09,1.46
3525,Gaming,31.15,2.46
3526,Movies,28.44,1.42
3527,Gaming,75.44,1.01
3528,Movies,80.86,3.31
3529,Education,410.66,1.77
3530,Gaming,45.03,3.92
3531,Gaming,9.04,3.94
3532,Fashion,69.9,1.91
3533,Sports,64.43,1.99
3534,Education,400.1,1.53
3535,Gaming,497.11,2.31
3536,Electronics,461.37,1.76
3537,Electronics,98.01,3.26
3538,Movies,30.05,4.2
3539,Movies,222.61,3.8
3540,Education,91.44,3.57
3541,Movies,299.06,4.02
3542,Electronics,152.21,4.73
3543,Sports,480.84,4.47
3544,Education,288.16,2.68
3545,Books,33.71,4.79
3546,Books,476.13,1.07
3547,Electronics,181.66,4.52
3548,Education,45.02,1.79
3549,Movies,489.45,4.39
3550,Fashion,456.47,1.57
3551,Books,109.6,3.42
3552,Gaming,253.36,2.19
3553,Movies,442.5,4.61
3554,Electronics,149.38,1.62
3555,Electronics,78.8,2.94
3556,Gaming,70.79,2.89
3557,Sports,233.66,4.54
3558,Gaming,151.62,3.24
3559,Fashion,373.03,3.38
3560,Sports,477.26,3.41
3561,Music,451.42,1.98
3562,Sports,282.57,3.17
3563,Movies,494.78,1.82
3564,Movies,74.79,3.45
3565,Gaming,115.73,3.56
3566,Movies,486.38,4.79
3567,Education,119.4,1.68
3568,Electronics,282.57,3.35
3569,Fashion,332.81,3.97
3570,Books,302.47,1.45
3571,Sports,396.13,1.32
3572,Gaming,14.9,4.08
3573,Music,276.44,3.79
3574,Movies,194.46,1.04
3575,Gaming,168.85,3.43
3576,Fashion,116.72,3.75
3577,Fashion,398.23,2.82
3578,Electronics,438.48,4.42
3579,Fashion,439.64,3.64
3580,Books,155.87,2.93
3581,Fashion,356.7,1.84
3582,Sports,370.73,3.19
3583,Education,52.53,3.23
3584,Fashion,38.05,1.06
3585,Electronics,445.37,2.96
3586,Music,273.93,2.12
3587,Music,273.66,1.68
3588,Electronics,374.09,4.29
3589,Sports,428.66,1.43
3590,Sports,281.09,4.24
3591,Electronics,68.47,1.4
3592,Electronics,409.39,4.19
3593,Electronics,227.1,1.44
3594,Electronics,260.48,2.58
3595,Gaming,261.68,2.76
3596,Sports,286.41,3.91
3597,Movies,388.56,3.6
3598,Gaming,103.48,2.59
3599,Education,40.26,2.81
3600,Sports,485.32,3.57
3601,Books,81.53,2.07
3602,Electronics,36.96,1.73
3603,Electronics,246.48,2.38
3604,Books,105.96,1.59
3605,Books,329.76,3.23
3606,Movies,422.11,1.73
3607,Books,424.75,3.31
3608,Gaming,136.78,2.09
3609,Electronics,198.24,2.84
3610,Electronics,45.84,4.37
3611,Books,65.16,2.93
3612,Gaming,194.57,3.05
3613,Fashion,444.3,4.96
3614,Sports,15.03,2.57
3615,Fashion,409.72,2.31
3616,Education,326.27,4.97
3617,Sports,325.15,1.44
3618,Education,422.25,4.87
3619,Education,357.69,2.68
3620,Electronics,474.46,4.87
3621,Gaming,467.88,2.65
3622,Electronics,395.91,3.62
3623,Music,93.95,3.14
3624,Movies,375.11,4.58
3625,Books,431.99,1.62
3626,Gaming,246.58,2.91
3627,Education,449.87,1.01
3628,Movies,370.66,3.47
3629,Gaming,461.18,2.83
3630,Sports,330.55,4.89
3631,Electronics,373.23,1.27
3632,Electronics,87.93,4.29
3633,Electronics,170.72,3.82
3634,Movies,351.41,4.97
3635,Sports,237.59,3.95
3636,Sports,29.13,2.85
3637,Gaming,97.41,4.36
3638,Books,420.75,1.95
3639,Books,162.55,3.81
3640,Sports,370.44,3.63
3641,Education,498.36,4.47
3642,Books,211.44,2.31
3643,Books,300.44,4.27
3644,Books,240.3,3.95
3645,Music,14.48,4.7
3646,Books,388.05,2.58
3647,Music,195.09,1.41
3648,Movies,409.0,4.07
3649,Music,316.97,1.41
3650,Fashion,134.86,2.84
3651,Movies,136.66,2.74
3652,Fashion,116.85,2.4
3653,Electronics,327.89,4.57
3654,Sports,195.59,3.77
3655,Movies,71.72,3.16
3656,Electronics,461.24,1.11
3657,Books,137.44,1.53
3658,Music,268.9,3.72
3659,Sports,33.6,1.28
3660,Music,435.47,2.82
3661,Sports,234.16,4.78
3662,Movies,163.5,4.59
3663,Gaming,487.26,1.97
3664,Gaming,259.45,3.14
3665,Electronics,433.75,2.22
3666,Education,400.03,4.88
3667,Music,420.97,4.64
3668,Gaming,355.64,4.62
3669,Movies,86.6,3.85
3670,Movies,367.28,2.76
3671,Movies,44.47,3.49
3672,Gaming,30.68,2.53
3673,Gaming,199.87,5.0
3674,Education,153.4,4.28
3675,Fashion,31.32,3.12
3676,Electronics,270.66,3.51
3677,Books,405.95,4.05
3678,Electronics,381.7,2.73
3679,Fashion,365.1,2.97
3680,Movies,38.14,4.56
3681,Electronics,445.63,2.29
3682,Fashion,457.38,4.03
3683,Books,203.4,2.33
3684,Fashion,487.7,3.85
3685,Fashion,192.51,3.57
3686,Sports,287.91,3.1
3687,Education,324.13,3.15
3688,Movies,329.12,4.63
3689,Electronics,496.67,3.84
3690,Fashion,464.27,4.43
3691,Gaming,151.04,4.73
3692,Fashion,40.05,2.32
3693,Electronics,321.77,3.11
3694,Music,273.49,4.18
3695,Books,101.38,4.93
3696,Education,221.54,4.8
3697,Movies,194.64,3.41
3698,Music,227.9,3.7
3699,Fashion,95.89,2.6
3700,Education,38.85,3.39
3701,Sports,481.53,1.18
3702,Music,331.52,4.1
3703,Sports,110.49,2.09
3704,Gaming,104.78,2.19
3705,Movies,59.49,2.48
3706,Fashion,187.62,4.23
3707,Sports,401.47,4.19
3708,Music,285.68,2.3
3709,Education,208.43,2.27
3710,Electronics,293.05,4.75
3711,Electronics,145.83,2.84
3712,Movies,329.28,4.38
3713,Books,130.4,2.12
3714,Fashion,443.16,1.32
3715,Books,304.7,4.44
3716,Fashion,461.26,1.05
3717,Music,187.98,2.03
3718,Books,286.18,3.53
3719,Books,499.89,3.05
3720,Gaming,277.98,2.66
3721,Books,78.1,2.21
3722,Fashion,127.26,4.2
3723,Music,275.18,2.18
3724,Music,247.1,1.88
3725,Electronics,96.64,4.44
3726,Movies,472.68,1.32
3727,Gaming,383.62,2.81
3728,Books,197.54,3.76
3729,Electronics,136.8,1.08
3730,Electronics,110.93,1.74
3731,Education,21.85,2.29
3732,Fashion,239.89,3.94
3733,Sports,166.2,1.78
3734,Electronics,119.16,4.56
3735,Movies,106.34,4.52
3736,Gaming,226.31,4.74
3737,Gaming,207.01,1.71
3738,Electronics,276.77,3.35
3739,Electronics,319.57,2.65
3740,Books,29.06,3.51
3741,Fashion,466.85,4.83
3742,Sports,300.46,1.08
3743,Fashion,57.49,4.34
3744,Education,415.72,4.78
3745,Books,284.07,4.46
3746,Electronics,413.32,3.36
3747,Books,392.9,1.5
3748,Fashion,321.41,4.81
3749,Sports,85.17,3.98
3750,Fashion,163.79,4.27
3751,Gaming,350.12,4.7
3752,Books,357.41,2.64
3753,Music,10.39,4.17
3754,Books,207.19,3.68
3755,Fashion,57.01,4.56
3756,Electronics,220.65,4.68
3757,Movies,354.97,1.49
3758,Music,291.7,4.64
3759,Electronics,400.99,2.67
3760,Education,477.76,2.07
3761,Gaming,190.68,4.0
3762,Gaming,120.29,3.06
3763,Music,365.75,3.58
3764,Sports,81.91,3.52
3765,Movies,288.49,3.23
3766,Movies,413.89,1.74
3767,Gaming,377.03,4.04
3768,Electronics,362.71,3.02
3769,Movies,200.79,2.58
3770,Fashion,368.24,2.99
3771,Fashion,172.52,3.5
3772,Education,419.32,1.25
3773,Gaming,486.21,1.39
3774,Sports,258.31,3.24
3775,Movies,73.41,4.66
3776,Gaming,238.38,1.57
3777,Electronics,357.25,3.65
3778,Books,481.62,2.77
3779,Books,137.56,1.24
3780,Music,367.9,3.47
3781,Sports,486.44,3.85
3782,Electronics,466.91,4.97
3783,Music,217.07,1.6
3784,Education,101.95,2.27
3785,Sports,256.9,1.49
3786,Movies,154.35,2.23
3787,Education,7.02,2.42
3788,Fashion,62.5,2.72
3789,Movies,102.29,4.29
3790,Sports,44.86,4.46
3791,Music,292.36,2.83
3792,Gaming,277.12,2.5
3793,Books,68.17,4.06
3794,Education,464.32,4.8
3795,Gaming,337.0,2.64
3796,Fashion,241.79,3.63
3797,Fashion,412.42,2.5
3798,Music,458.81,2.3
3799,Books,267.78,4.85
3800,Fashion,469.41,3.78
3801,Education,165.66,1.88
3802,Fashion,44.67,3.83
3803,Gaming,254.21,3.29
3804,Education,238.83,2.93
3805,Electronics,287.78,4.66
3806,Gaming,19.54,4.21
3807,Gaming,198.31,3.98
3808,Gaming,474.52,2.23
3809,Music,49.33,1.93
3810,Gaming,114.94,3.97
3811,Fashion,35.62,1.2
3812,Fashion,348.34,3.23
3813,Movies,211.79,3.3
3814,Books,368.95,1.41
3815,Education,278.88,4.3
3816,Gaming,184.4,4.05
3817,Education,423.48,4.28
3818,Movies,326.93,3.87
3819,Movies,394.9,3.93
3820,Education,228.58,1.64
3821,Education,158.32,1.83
3822,Books,183.91,2.96
3823,Fashion,479.73,4.84
3824,Electronics,385.95,4.92
3825,Sports,499.02,4.54
3826,Music,44.35,2.7
3827,Electronics,269.39,1.5
3828,Electronics,405.27,1.59
3829,Gaming,194.75,1.28
3830,Books,264.67,3.39
3831,Movies,368.91,2.36
3832,Education,297.31,3.94
3833,Movies,382.21,2.21
3834,Fashion,38.51,1.15
3835,Fashion,385.19,2.54
3836,Sports,71.3,1.74
3837,Music,384.24,3.4
3838,Movies,253.19,3.49
3839,Sports,73.06,2.28
3840,Movies,190.16,2.26
3841,Electronics,432.89,3.33
3842,Movies,366.01,1.95
3843,Gaming,135.72,1.9
3844,Gaming,345.55,2.4
3845,Fashion,205.52,3.84
3846,Books,486.04,1.65
3847,Fashion,36.02,1.78
3848,Books,368.81,1.78
3849,Music,294.25,3.36
3850,Gaming,150.74,1.27
3851,Movies,202.6,1.75
3852,Music,96.31,3.09
3853,Fashion,338.19,1.3
3854,Music,291.27,1.98
3855,Movies,338.28,4.24
3856,Fashion,404.47,2.48
3857,Electronics,285.8,4.17
3858,Gaming,35.1,3.42
3859,Movies,419.08,2.49
3860,Movies,230.43,3.79
3861,Books,38.6,2.54
3862,Books,151.38,1.07
3863,Books,102.01,2.58
3864,Education,102.73,3.41
3865,Sports,227.08,1.16
3866,Books,141.14,1.08
3867,Fashion,182.28,2.04
3868,Education,345.65,2.23
3869,Sports,190.7,3.9
3870,Electronics,243.05,3.23
3871,Gaming,421.47,1.83
3872,Sports,494.65,4.6
3873,Movies,146.84,4.57
3874,Sports,378.21,4.72
3875,Music,347.11,3.7
3876,Movies,6.71,2.9
3877,Fashion,104.13,2.3
3878,Books,489.51,1.34
3879,Movies,362.63,1.69
3880,Gaming,8.66,3.01
3881,Electronics,84.8,4.86
3882,Gaming,105.83,1.77
3883,Gaming,20.92,2.32
3884,Movies,16.94,3.0
3885,Electronics,255.28,1.21
3886,Music,123.83,4.33
3887,Books,233.96,2.74
3888,Books,350.89,3.86
3889,Electronics,382.17,4.32
3890,Fashion,119.96,1.27
3891,Books,193.23,4.42
3892,Fashion,43.62,3.3
3893,Music,352.04,2.93
3894,Movies,131.31,2.31
3895,Sports,40.47,2.17
3896,Movies,26.97,3.91
3897,Books,449.51,3.53
3898,Fashion,330.07,2.89
3899,Sports,82.24,1.03
3900,Electronics,175.27,4.01
3901,Books,480.41,2.72
3902,Gaming,185.87,2.78
3903,Electronics,216.75,3.5
3904,Movies,368.4,4.14
3905,Gaming,326.55,2.75
3906,Electronics,475.3,3.84
3907,Sports,216.2,2.79
3908,Education,409.9,2.76
3909,Fashion,260.56,2.17
3910,Books,420.26,3.09
3911,Gaming,278.51,4.52
3912,Electronics,460.66,4.3
3913,Electronics,37.36,2.77
3914,Sports,174.95,1.85
3915,Fashion,454.93,4.56
3916,Electronics,235.32,1.54
3917,Sports,11.62,2.75
3918,Books,24.78,3.44
3919,Education,306.16,4.6
3920,Electronics,99.07,2.49
3921,Books,430.47,2.9
3922,Books,34.56,1.44
3923,Movies,407.66,3.97
3924,Electronics,438.56,1.48
3925,Electronics,381.41,3.62
3926,Sports,119.99,4.9
3927,Movies,287.33,4.63
3928,Education,430.25,2.33
3929,Books,270.3,2.73
3930,Sports,355.99,3.35
3931,Books,393.5,1.05
3932,Education,345.46,2.28
3933,Books,115.99,4.2
3934,Education,49.16,1.91
3935,Gaming,105.85,2.68
3936,Electronics,164.56,3.88
3937,Books,351.19,2.3
3938,Gaming,221.31,1.83
3939,Fashion,337.06,2.58
3940,Music,70.75,1.51
3941,Electronics,164.55,3.99
3942,Movies,17.62,2.03
3943,Books,85.43,4.83
3944,Movies,354.11,1.93
3945,Education,107.69,4.43
3946,Music,99.16,4.99
3947,Music,144.74,1.34
3948,Electronics,347.02,3.44
3949,Books,499.91,4.21
3950,Books,217.27,3.71
3951,Sports,409.84,3.05
3952,Education,140.07,1.84
3953,Music,151.16,4.39
3954,Sports,193.31,2.15
3955,Music,403.91,1.13
3956,Fashion,299.01,4.49
3957,Books,207.99,2.08
3958,Electronics,248.4,3.87
3959,Education,260.72,1.03
3960,Fashion,43.77,3.89
3961,Education,202.98,4.14
3962,Electronics,326.5,3.33
3963,Education,451.18,1.09
3964,Fashion,81.74,3.5
3965,Education,37.58,3.58
3966,Electronics,492.14,4.52
3967,Sports,297.5,4.58
3968,Education,62.55,2.82
3969,Books,217.19,2.35
3970,Gaming,5.1,4.56
3971,Books,389.96,3.61
3972,Gaming,68.84,2.51
3973,Electronics,462.54,3.47
3974,Books,303.69,4.65
3975,Education,282.12,3.39
3976,Fashion,176.13,2.49
3977,Fashion,344.38,2.28
3978,Sports,281.76,2.12
3979,Gaming,87.23,2.82
3980,Movies,112.64,4.59
3981,Education,155.29,3.39
3982,Education,135.4,2.03
3983,Books,178.56,4.66
3984,Sports,198.79,4.29
3985,Education,102.66,1.19
3986,Music,391.93,3.17
3987,Sports,254.34,2.09
3988,Electronics,40.8,2.93
3989,Education,434.28,1.48
3990,Gaming,464.94,2.1
3991,Books,268.43,1.27
3992,Electronics,215.4,1.5
3993,Fashion,28.75,4.87
3994,Movies,366.4,3.88
3995,Electronics,49.82,4.72
3996,Music,237.39,4.41
3997,Music,11.24,2.19
3998,Education,498.04,2.71
3999,Electronics,444.8,2.31
4000,Electronics,265.04,4.42
4001,Fashion,304.88,3.9
4002,Movies,118.27,1.62
4003,Movies,119.0,2.97
4004,Sports,401.48,2.42
4005,Fashion,284.58,4.22
4006,Sports,123.19,4.53
4007,Gaming,476.78,1.16
4008,Fashion,34.26,1.36
4009,Fashion,389.5,1.76
4010,Books,364.22,2.77
4011,Gaming,418.95,4.23
4012,Electronics,480.03,2.0
4013,Gaming,118.47,1.13
4014,Gaming,208.16,2.84
4015,Music,482.43,4.32
4016,Education,87.56,4.19
4017,Movies,93.26,1.31
4018,Gaming,419.36,4.9
4019,Education,48.62,4.26
4020,Electronics,430.31,1.48
4021,Gaming,145.21,3.93
4022,Education,404.83,2.42
4023,Music,84.17,3.59
4024,Books,352.47,3.01
4025,Gaming,76.75,4.38
4026,Books,324.41,4.48
4027,Sports,466.82,4.22
4028,Music,479.54,4.82
4029,Fashion,311.58,3.91
4030,Books,351.21,3.48
4031,Music,14.58,2.42
4032,Electronics,54.54,2.2
4033,Books,38.94,4.68
4034,Gaming,228.41,1.76
4035,Movies,294.47,1.79
4036,Fashion,403.2,2.22
4037,Gaming,160.88,4.48
4038,Books,281.81,4.55
4039,Electronics,209.38,2.38
4040,Education,255.57,1.25
4041,Electronics,81.33,1.88
4042,Sports,409.26,3.94
4043,Sports,100.69,2.11
4044,Music,472.41,1.34
4045,Electronics,275.99,3.09
4046,Movies,364.23,2.05
4047,Fashion,467.71,2.64
4048,Movies,146.43,2.35
4049,Sports,177.62,1.8
4050,Books,464.39,1.7
4051,Sports,442.0,2.62
4052,Fashion,138.29,1.79
4053,Movies,254.65,3.68
4054,Movies,449.62,3.61
4055,Books,244.41,1.13
4056,Sports,458.14,4.61
4057,Electronics,192.46,1.12
4058,Electronics,368.02,4.17
4059,Movies,273.52,2.61
4060,Books,426.31,1.77
4061,Gaming,222.58,1.1
4062,Books,86.19,4.76
4063,Electronics,291.15,4.22
4064,Music,245.82,4.34
4065,Sports,271.78,1.02
4066,Electronics,450.35,1.59
4067,Fashion,228.02,2.91
4068,Books,28.38,1.21
4069,Music,382.46,2.2
4070,Books,207.77,3.26
4071,Gaming,189.83,4.1
4072,Education,442.81,1.24
4073,Music,319.52,2.27
4074,Gaming,293.72,2.94
4075,Movies,170.17,1.38
4076,Gaming,281.92,1.45
4077,Sports,82.28,4.93
4078,Sports,161.77,3.34
4079,Music,139.75,4.46
4080,Sports,145.25,2.47
4081,Movies,306.15,4.48
4082,Books,409.03,2.06
4083,Books,415.63,3.8
4084,Electronics,494.97,4.74
4085,Music,268.9,4.0
4086,Electronics,287.24,3.38
4087,Books,55.24,1.01
4088,Movies,28.85,4.87
4089,Education,67.5,1.18
4090,Gaming,158.27,3.35
4091,Movies,474.49,3.8
4092,Fashion,141.79,4.76
4093,Education,22.84,4.92
4094,Gaming,34.03,4.02
4095,Books,27.42,4.73
4096,Music,58.79,1.2
4097,Education,445.19,1.38
4098,Sports,399.98,3.99
4099,Music,301.44,2.51
4100,Music,458.21,4.48
4101,Books,215.99,1.93
4102,Fashion,139.92,1.88
4103,Books,272.92,4.47
4104,Education,387.94,4.18
4105,Education,226.9,2.29
4106,Music,379.89,4.17
4107,Books,349.2,1.13
4108,Fashion,296.89,2.39
4109,Sports,102.12,3.78
4110,Music,137.92,4.65
4111,Education,152.55,3.22
4112,Books,414.74,2.61
4113,Music,415.19,3.89
4114,Music,460.83,2.3
4115,Movies,56.99,2.72
4116,Fashion,393.98,2.8
4117,Gaming,134.68,1.11
4118,Electronics,159.95,3.85
4119,Education,78.07,2.36
4120,Fashion,15.01,3.89
4121,Sports,440.94,3.27
4122,Gaming,17.81,1.87
4123,Electronics,222.04,3.35
4124,Fashion,250.66,4.66
4125,Movies,469.62,1.43
4126,Movies,73.5,2.43
4127,Gaming,213.51,3.34
4128,Music,387.71,1.54
4129,Movies,402.31,3.44
4130,Gaming,490.54,3.6
4131,Education,359.47,1.78
4132,Education,385.59,1.32
4133,Fashion,329.98,1.22
4134,Electronics,62.04,1.43
4135,Music,30.98,2.28
4136,Books,497.2,2.39
4137,Education,381.58,1.53
4138,Books,229.97,1.74
4139,Electronics,100.09,1.4
4140,Education,218.86,1.3
4141,Sports,455.36,2.79
4142,Electronics,420.09,4.92
4143,Education,340.5,4.61
4144,Books,72.01,4.32
4145,Music,139.25,2.89
4146,Gaming,325.06,4.61
4147,Movies,455.94,1.37
4148,Education,185.45,4.17
4149,Sports,353.06,1.11
4150,Education,227.7,4.32
4151,Electronics,370.15,2.65
4152,Sports,368.9,3.2
4153,Books,456.75,3.35
4154,Education,203.36,4.45
4155,Music,29.69,4.6
4156,Movies,349.69,4.76
4157,Sports,129.0,3.78
4158,Electronics,405.68,3.81
4159,Fashion,109.12,2.1
4160,Education,285.54,2.79
4161,Movies,368.88,2.51
4162,Books,430.44,2.73
4163,Movies,24.82,1.07
4164,Music,325.14,3.16
4165,Education,273.66,4.16
4166,Fashion,190.98,4.98
4167,Gaming,473.04,1.05
4168,Electronics,448.39,3.72
4169,Fashion,253.53,3.33
4170,Fashion,421.72,4.8
4171,Music,282.37,1.73
4172,Movies,321.68,1.3
4173,Gaming,319.39,4.23
4174,Gaming,179.9,1.28
4175,Fashion,347.65,2.36
4176,Education,128.3,3.76
4177,Fashion,484.95,3.98
4178,Movies,248.22,3.4
4179,Electronics,75.43,4.25
4180,Education,304.13,4.86
4181,Gaming,489.84,2.42
4182,Gaming,494.33,4.83
4183,Movies,321.72,2.33
4184,Fashion,377.9,2.08
4185,Electronics,316.77,1.1
4186,Education,316.15,4.81
4187,Gaming,121.4,4.11
4188,Sports,150.24,3.83
4189,Fashion,351.49,1.74
4190,Education,300.58,4.44
4191,Books,194.35,3.84
4192,Sports,338.84,2.03
4193,Music,459.73,3.25
4194,Sports,180.87,1.66
4195,Gaming,239.36,3.92
4196,Education,313.7,3.91
4197,Gaming,396.92,2.76
4198,Fashion,262.48,4.95
4199,Music,484.19,2.66
4200,Fashion,344.16,2.07
4201,Sports,80.59,4.07
4202,Gaming,220.91,1.71
4203,Education,380.63,4.66
4204,Electronics,466.97,3.39
4205,Gaming,242.42,1.57
4206,Electronics,397.43,4.78
4207,Movies,445.28,4.01
4208,Gaming,7.26,2.63
4209,Sports,208.3,4.58
4210,Fashion,37.5,3.12
4211,Electronics,72.39,3.65
4212,Music,397.17,3.57
4213,Music,398.32,3.43
4214,Sports,98.97,2.53
4215,Movies,478.65,2.15
4216,Electronics,36.12,2.54
4217,Music,186.32,2.88
4218,Electronics,282.35,4.97
4219,Fashion,379.34,1.14
4220,Education,357.79,4.3
4221,Sports,448.34,2.7
4222,Gaming,160.24,4.36
4223,Books,389.92,3.14
4224,Music,63.35,3.61
4225,Education,37.51,1.4
4226,Gaming,168.91,2.48
4227,Movies,233.68,2.36
4228,Electronics,21.73,1.63
4229,Music,61.98,2.72
4230,Sports,110.0,2.17
4231,Music,238.43,1.94
4232,Gaming,126.73,4.33
4233,Education,276.3,4.43
4234,Electronics,259.69,4.64
4235,Education,131.1,3.47
4236,Education,254.1,4.67
4237,Education,212.15,4.42
4238,Music,284.13,3.83
4239,Music,444.01,4.99
4240,Movies,366.91,2.26
4241,Fashion,153.01,2.24
4242,Gaming,53.46,1.21
4243,Books,292.52,4.24
4244,Electronics,22.89,3.27
4245,Sports,189.02,4.57
4246,Movies,76.97,3.25
4247,Fashion,485.61,2.38
4248,Fashion,372.18,4.53
4249,Education,97.17,4.97
4250,Sports,405.65,1.55
4251,Gaming,158.89,3.5
4252,Fashion,443.03,1.78
4253,Education,366.95,2.08
4254,Sports,403.68,3.73
4255,Fashion,263.84,3.6
4256,Electronics,438.84,2.55
4257,Fashion,385.78,1.64
4258,Fashion,352.09,4.0
4259,Fashion,224.28,4.17
4260,Education,280.77,4.75
4261,Books,60.67,1.52
4262,Books,422.0,4.37
4263,Books,238.26,4.86
4264,Education,341.3,4.93
4265,Music,268.54,1.81
4266,Education,224.97,4.92
4267,Gaming,188.35,4.83
4268,Books,399.53,2.77
4269,Education,273.23,3.43
4270,Books,334.55,1.31
4271,Gaming,467.13,3.39
4272,Fashion,465.92,3.53
4273,Electronics,218.35,3.27
4274,Movies,415.6,2.3
4275,Fashion,478.45,2.86
4276,Music,478.34,4.52
4277,Books,384.99,2.87
4278,Movies,295.54,4.35
4279,Movies,274.31,3.95
4280,Gaming,396.38,3.05
4281,Sports,270.44,1.79
4282,Electronics,126.15,4.62
4283,Music,420.96,1.04
4284,Fashion,435.35,1.1
4285,Books,231.85,1.27
4286,Gaming,484.57,4.89
4287,Electronics,307.38,2.57
4288,Sports,258.44,4.05
4289,Fashion,115.48,2.77
4290,Fashion,369.95,2.58
4291,Electronics,20.84,3.03
4292,Fashion,370.02,4.91
4293,Gaming,23.34,3.16
4294,Electronics,227.72,1.97
4295,Books,320.69,1.65
4296,Movies,145.51,4.13
4297,Fashion,232.9,4.97
4298,Gaming,196.3,2.85
4299,Movies,153.63,1.95
4300,Education,461.53,4.0
4301,Books,170.03,3.8
4302,Electronics,483.06,1.3
4303,Gaming,135.93,1.8
4304,Electronics,435.54,1.72
4305,Books,157.5,3.18
4306,Education,312.44,4.23
4307,Education,206.63,3.14
4308,Electronics,482.9,2.19
4309,Sports,127.81,3.84
4310,Books,386.71,2.66
4311,Gaming,110.42,4.12
4312,Sports,336.89,4.5
4313,Education,422.94,1.82
4314,Electronics,417.01,1.7
4315,Music,432.53,4.08
4316,Electronics,287.08,3.57
4317,Electronics,56.52,1.16
4318,Movies,168.67,4.29
4319,Sports,235.56,1.89
4320,Sports,418.1,1.91
4321,Fashion,408.67,2.81
4322,Gaming,234.43,2.09
4323,Education,450.59,1.36
4324,Fashion,76.48,3.54
4325,Movies,425.81,1.38
4326,Movies,368.21,3.97
4327,Gaming,292.85,2.95
4328,Sports,163.94,2.41
4329,Books,338.84,1.26
4330,Education,294.54,2.11
4331,Fashion,235.97,3.24
4332,Movies,443.4,3.32
4333,Education,117.44,1.32
4334,Gaming,315.36,3.18
4335,Sports,337.54,2.84
4336,Electronics,413.44,4.68
4337,Sports,24.8,3.98
4338,Electronics,22.4,2.78
4339,Gaming,233.49,3.78
4340,Music,179.44,4.28
4341,Movies,174.72,2.37
4342,Electronics,115.27,3.74
4343,Fashion,42.91,2.45
4344,Music,137.11,1.92
4345,Music,35.19,1.76
4346,Books,225.89,3.01
4347,Sports,138.4,3.6
4348,Sports,171.22,2.47
4349,Fashion,392.4,3.21
4350,Education,476.82,2.44
4351,Fashion,414.78,3.95
4352,Education,445.64,4.83
4353,Fashion,8.8,1.35
4354,Books,338.8,2.56
4355,Fashion,410.47,1.05
4356,Books,404.45,1.54
4357,Gaming,148.67,4.88
4358,Sports,30.54,2.4
4359,Music,46.84,4.41
4360,Electronics,352.99,4.2
4361,Movies,266.0,2.43
4362,Gaming,6.13,2.11
4363,Electronics,259.7,3.66
4364,Fashion,118.32,1.56
4365,Gaming,104.8,2.42
4366,Gaming,78.45,1.63
4367,Education,26.66,4.43
4368,Gaming,113.78,4.29
4369,Music,221.96,3.53
4370,Fashion,42.47,3.33
4371,Education,148.55,1.38
4372,Fashion,454.58,3.41
4373,Movies,124.65,2.68
4374,Music,181.67,3.8
4375,Sports,305.68,1.08
4376,Education,102.92,2.91
4377,Movies,225.52,3.07
4378,Music,358.83,3.73
4379,Electronics,189.54,4.51
4380,Education,36.15,3.34
4381,Electronics,475.09,3.2
4382,Gaming,230.28,1.54
4383,Movies,406.04,2.5
4384,Electronics,352.12,1.79
4385,Gaming,25.72,2.22
4386,Education,144.3,4.49
4387,Music,433.01,3.14
4388,Gaming,14.4,1.91
4389,Electronics,321.31,1.41
4390,Fashion,351.81,1.05
4391,Electronics,342.86,4.38
4392,Electronics,237.26,4.32
4393,Books,391.86,3.69
4394,Fashion,225.35,2.09
4395,Electronics,431.13,3.59
4396,Fashion,400.02,3.21
4397,Fashion,90.07,4.92
4398,Books,95.46,4.64
4399,Music,108.03,2.49
4400,Movies,222.84,4.69
4401,Sports,444.66,4.29
4402,Electronics,191.45,1.02
4403,Movies,342.38,2.64
4404,Movies,379.74,4.18
4405,Electronics,222.66,3.99
4406,Sports,420.77,4.71
4407,Fashion,293.32,4.11
4408,Fashion,249.81,1.17
4409,Music,81.83,1.51
4410,Sports,90.02,1.04
4411,Sports,430.06,3.24
4412,Sports,194.66,2.64
4413,Fashion,234.36,1.3
4414,Electronics,140.96,4.41
4415,Fashion,373.12,3.25
4416,Sports,242.95,2.04
4417,Music,238.27,3.39
4418,Books,357.76,1.67
4419,Electronics,407.49,2.38
4420,Fashion,254.11,3.43
4421,Music,246.61,3.29
4422,Music,60.2,2.73
4423,Music,143.83,1.34
4424,Electronics,99.87,3.41
4425,Books,102.36,1.72
4426,Sports,278.65,4.62
4427,Music,395.4,4.62
4428,Movies,293.58,2.64
4429,Music,366.17,2.05
4430,Electronics,43.64,2.38
4431,Sports,153.12,3.7
4432,Gaming,277.92,1.55
4433,Movies,454.71,3.37
4434,Sports,231.55,4.75
4435,Sports,53.16,4.16
4436,Sports,185.51,3.78
4437,Sports,465.71,3.07
4438,Fashion,16.21,1.12
4439,Movies,168.63,4.13
4440,Sports,147.69,2.34
4441,Gaming,393.31,1.46
4442,Fashion,424.17,2.06
4443,Gaming,30.36,1.47
4444,Fashion,476.51,2.81
4445,Electronics,131.94,3.09
4446,Electronics,342.76,2.28
4447,Music,364.01,2.01
4448,Sports,60.61,3.2
4449,Books,79.8,4.76
4450,Fashion,5.22,4.02
4451,Movies,143.34,4.38
4452,Movies,34.77,4.81
4453,Books,55.19,4.15
4454,Fashion,261.08,2.72
4455,Electronics,143.68,4.37
4456,Education,103.88,3.88
4457,Music,225.67,4.99
4458,Gaming,307.64,1.42
4459,Music,212.66,1.27
4460,Fashion,146.4,2.37
4461,Electronics,427.32,4.35
4462,Books,10.72,3.13
4463,Fashion,115.65,2.28
4464,Sports,15.72,4.0
4465,Education,475.54,1.88
4466,Gaming,174.18,1.83
4467,Sports,465.37,1.04
4468,Books,294.01,4.48
4469,Education,97.22,3.36
4470,Education,30.07,4.26
4471,Movies,140.84,4.96
4472,Music,461.39,3.93
4473,Movies,250.94,4.07
4474,Fashion,69.65,2.24
4475,Books,18.31,3.58
4476,Electronics,403.74,4.79
4477,Gaming,344.82,3.93
4478,Fashion,448.25,4.75
4479,Movies,248.19,1.44
4480,Books,235.88,3.22
4481,Sports,317.61,4.96
4482,Education,459.19,2.59
4483,Music,61.16,1.86
4484,Books,91.03,2.42
4485,Fashion,438.86,2.75
4486,Fashion,285.8,1.72
4487,Gaming,248.96,4.49
4488,Education,387.86,1.32
4489,Books,431.73,2.1
4490,Sports,334.53,1.59
4491,Books,338.95,1.14
4492,Education,302.32,3.58
4493,Music,126.03,4.75
4494,Sports,27.76,4.57
4495,Gaming,194.04,3.86
4496,Fashion,327.52,1.67
4497,Gaming,162.9,3.12
4498,Movies,424.02,4.82
4499,Education,15.19,2.41
4500,Music,335.73,3.11
4501,Fashion,471.8,1.07
4502,Gaming,221.68,3.68
4503,Movies,112.7,3.9
4504,Gaming,45.21,2.8
4505,Books,339.74,2.07
4506,Fashion,41.55,4.83
4507,Electronics,457.34,4.71
4508,Gaming,489.36,1.74
4509,Books,83.1,1.14
4510,Education,446.45,4.01
4511,Sports,318.46,4.71
4512,Electronics,289.66,1.52
4513,Electronics,92.55,1.53
4514,Fashion,157.29,2.52
4515,Movies,399.44,1.77
4516,Music,364.06,2.96
4517,Fashion,499.83,4.11
4518,Movies,484.63,2.37
4519,Electronics,65.91,3.02
4520,Sports,66.5,2.97
4521,Fashion,138.62,2.96
4522,Books,475.07,2.16
4523,Books,496.75,1.92
4524,Music,108.01,3.18
4525,Sports,421.81,4.0
4526,Music,363.15,2.13
4527,Music,16.15,1.65
4528,Electronics,177.99,4.89
4529,Music,460.29,1.8
4530,Books,364.18,3.32
4531,Movies,29.67,2.49
4532,Sports,245.61,3.67
4533,Fashion,150.98,4.74
4534,Books,228.68,1.99
4535,Books,161.63,4.01
4536,Movies,321.94,3.97
4537,Sports,149.71,2.31
4538,Electronics,201.38,1.75
4539,Education,347.07,2.32
4540,Education,166.49,2.08
4541,Education,229.15,4.09
4542,Fashion,418.63,4.22
4543,Movies,312.49,2.12
4544,Education,368.75,1.16
4545,Fashion,400.09,4.12
4546,Music,336.65,1.39
4547,Movies,498.68,4.03
4548,Fashion,368.73,1.26
4549,Fashion,202.36,1.34
4550,Books,183.71,3.28
4551,Sports,440.04,2.13
4552,Movies,313.59,1.66
4553,Music,180.21,4.79
4554,Books,375.08,3.18
4555,Fashion,129.59,2.52
4556,Electronics,82.56,2.41
4557,Movies,79.56,4.18
4558,Education,44.98,1.76
4559,Education,347.13,4.61
4560,Electronics,482.47,4.34
4561,Gaming,109.68,2.14
4562,Education,436.02,4.56
4563,Gaming,322.12,2.25
4564,Sports,115.91,4.41
4565,Sports,106.6,3.65
4566,Sports,484.14,3.82
4567,Fashion,132.55,2.13
4568,Gaming,50.98,3.74
4569,Music,261.63,1.83
4570,Books,117.7,1.04
4571,Music,489.32,4.31
4572,Electronics,200.11,4.78
4573,Fashion,340.17,4.01
4574,Music,341.58,4.03
4575,Education,89.61,3.25
4576,Movies,425.44,1.08
4577,Gaming,66.1,1.98
4578,Movies,150.89,1.73
4579,Electronics,314.04,2.18
4580,Music,83.26,4.62
4581,Music,349.04,1.98
4582,Sports,183.67,3.96
4583,Fashion,396.5,1.71
4584,Music,468.61,4.14
4585,Gaming,429.12,1.58
4586,Education,75.97,2.22
4587,Fashion,37.0,1.36
4588,Gaming,75.89,3.85
4589,Fashion,19.96,1.33
4590,Electronics,472.37,1.33
4591,Movies,271.04,3.57
4592,Gaming,479.5,4.6
4593,Education,223.14,4.77
4594,Fashion,218.97,3.68
4595,Fashion,133.51,3.55
4596,Music,271.4,3.43
4597,Movies,342.91,1.69
4598,Sports,154.13,3.94
4599,Music,86.09,2.38
4600,Music,334.91,4.75
4601,Books,42.27,3.07
4602,Gaming,45.54,2.52
4603,Fashion,91.82,3.6
4604,Fashion,380.13,1.99
4605,Fashion,357.88,2.79
4606,Fashion,145.37,3.09
4607,Music,192.93,1.92
4608,Electronics,379.64,4.19
4609,Books,401.15,2.53
4610,Fashion,88.92,4.36
4611,Music,167.99,3.99
4612,Gaming,409.64,4.07
4613,Fashion,197.95,4.75
4614,Movies,331.78,3.3
4615,Education,350.47,1.18
4616,Fashion,198.3,4.52
4617,Gaming,84.73,2.66
4618,Sports,205.6,2.42
4619,Movies,283.36,4.98
4620,Fashion,131.65,3.82
4621,Electronics,380.21,3.34
4622,Books,53.25,3.29
4623,Fashion,476.96,2.37
4624,Fashion,321.65,4.84
4625,Sports,400.01,3.75
4626,Movies,485.72,1.68
4627,Books,387.51,2.63
4628,Movies,183.41,3.08
4629,Fashion,21.71,2.25
4630,Electronics,87.28,1.55
4631,Electronics,171.98,4.21
4632,Gaming,104.55,3.13
4633,Gaming,375.58,1.96
4634,Fashion,462.48,4.47
4635,Education,129.33,4.96
4636,Electronics,336.24,2.14
4637,Fashion,342.11,3.66
4638,Gaming,305.07,3.85
4639,Gaming,137.82,4.92
4640,Electronics,429.66,3.98
4641,Movies,18.02,3.36
4642,Music,354.71,4.42
4643,Electronics,473.35,4.66
4644,Music,205.99,4.59
4645,Gaming,5.37,2.41
4646,Sports,61.37,4.53
4647,Fashion,464.35,2.02
4648,Books,186.82,4.94
4649,Education,285.2,2.99
4650,Movies,252.72,3.78
4651,Electronics,477.5,2.47
4652,Electronics,90.47,1.74
4653,Sports,15.08,3.22
4654,Books,464.91,3.85
4655,Electronics,496.52,4.64
4656,Books,248.47,2.95
4657,Sports,316.04,1.44
4658,Sports,305.8,2.86
4659,Music,323.16,3.26
4660,Sports,158.65,3.43
4661,Fashion,186.18,1.78
4662,Fashion,339.16,2.23
4663,Fashion,445.07,1.8
4664,Movies,302.07,3.29
4665,Education,102.88,2.76
4666,Books,339.39,2.27
4667,Books,61.35,3.46
4668,Sports,115.94,3.73
4669,Gaming,420.54,1.49
4670,Electronics,221.62,2.78
4671,Electronics,318.11,2.34
4672,Gaming,212.19,1.05
4673,Electronics,65.6,3.28
4674,Fashion,111.87,1.58
4675,Education,165.58,1.65
4676,Education,34.51,2.14
4677,Electronics,86.36,4.2
4678,Music,36.02,3.99
4679,Gaming,194.48,3.7
4680,Movies,31.08,4.68
4681,Gaming,384.85,1.56
4682,Books,113.3,3.58
4683,Gaming,461.17,2.78
4684,Electronics,245.39,1.95
4685,Education,194.59,2.14
4686,Gaming,178.53,1.08
4687,Fashion,25.33,3.72
4688,Gaming,342.49,2.32
4689,Movies,443.3,2.06
4690,Sports,200.91,3.93
4691,Music,373.07,4.44
4692,Electronics,19.38,1.74
4693,Electronics,322.08,2.35
4694,Music,26.56,3.35
4695,Sports,199.57,2.46
4696,Education,135.86,1.02
4697,Fashion,95.27,2.9
4698,Sports,141.49,4.5
4699,Movies,75.78,4.5
4700,Gaming,205.39,2.1
4701,Books,155.62,2.32
4702,Education,255.75,2.42
4703,Gaming,325.37,2.7
4704,Fashion,337.46,3.42
4705,Sports,126.0,4.25
4706,Books,400.5,4.96
4707,Sports,91.65,4.39
4708,Sports,436.63,3.57
4709,Gaming,255.66,4.83
4710,Books,486.48,3.57
4711,Electronics,182.98,4.27
4712,Movies,49.18,2.16
4713,Movies,492.85,4.26
4714,Books,470.09,3.38
4715,Gaming,206.8,4.92
4716,Movies,158.17,4.03
4717,Fashion,281.31,1.91
4718,Sports,13.65,2.54
4719,Books,276.1,1.73
4720,Gaming,210.2,3.46
4721,Music,358.89,1.21
4722,Movies,333.77,1.23
4723,Movies,18.95,1.61
4724,Books,328.55,1.21
4725,Sports,15.34,1.47
4726,Education,475.11,4.63
4727,Fashion,47.8,2.22
4728,Education,473.91,1.39
4729,Education,51.83,1.34
4730,Gaming,488.36,3.97
4731,Music,111.17,1.18
4732,Education,482.79,2.7
4733,Gaming,301.2,2.12
4734,Electronics,380.39,1.79
4735,Gaming,394.52,1.92
4736,Sports,53.47,2.92
4737,Movies,407.54,2.54
4738,Movies,19.29,3.21
4739,Fashion,341.83,3.96
4740,Electronics,203.95,1.39
4741,Movies,294.24,2.32
4742,Gaming,473.71,3.01
4743,Books,238.77,2.24
4744,Education,172.7,3.05
4745,Music,156.8,4.57
4746,Music,222.31,2.17
4747,Books,81.92,3.69
4748,Education,17.76,2.8
4749,Electronics,277.31,2.36
4750,Books,376.16,3.7
4751,Education,485.84,3.04
4752,Sports,271.22,1.98
4753,Fashion,195.81,1.11
4754,Movies,346.19,2.25
4755,Fashion,272.48,2.02
4756,Electronics,312.41,2.79
4757,Fashion,243.52,4.77
4758,Movies,354.55,2.05
4759,Sports,254.44,2.87
4760,Education,398.55,4.33
4761,Movies,145.3,4.28
4762,Movies,93.85,4.05
4763,Movies,128.15,2.19
4764,Books,426.97,2.68
4765,Education,495.33,1.61
4766,Fashion,234.36,3.93
4767,Sports,7.66,1.61
4768,Movies,15.08,4.97
4769,Music,381.51,2.49
4770,Gaming,82.36,1.36
4771,Music,268.29,4.9
4772,Sports,338.93,2.46
4773,Gaming,252.92,5.0
4774,Movies,261.79,4.86
4775,Education,13.1,3.88
4776,Electronics,315.44,3.74
4777,Fashion,287.43,1.18
4778,Music,79.03,4.69
4779,Movies,120.3,4.97
4780,Music,341.4,2.78
4781,Sports,460.42,4.18
4782,Gaming,217.34,1.27
4783,Fashion,434.81,4.06
4784,Gaming,396.41,3.98
4785,Electronics,141.5,4.44
4786,Movies,6.11,1.95
4787,Education,28.05,1.44
4788,Fashion,268.53,1.15
4789,Sports,94.78,1.93
4790,Gaming,329.39,2.88
4791,Movies,231.91,4.07
4792,Books,231.08,2.39
4793,Electronics,481.41,1.03
4794,Electronics,156.17,3.44
4795,Music,392.49,4.27
4796,Sports,27.81,3.84
4797,Music,361.53,1.86
4798,Music,60.82,4.0
4799,Education,128.5,1.01
4800,Movies,115.67,1.12
4801,Fashion,128.35,2.34
4802,Books,139.34,4.68
4803,Gaming,120.1,2.87
4804,Movies,478.93,4.52
4805,Sports,158.08,2.31
4806,Music,298.7,4.67
4807,Electronics,9.95,2.57
4808,Electronics,425.64,2.64
4809,Sports,361.43,3.77
4810,Education,106.7,2.8
4811,Books,285.26,3.86
4812,Movies,412.08,4.04
4813,Gaming,19.01,3.68
4814,Electronics,251.17,3.3
4815,Movies,189.62,3.86
4816,Education,338.57,3.32
4817,Gaming,431.49,1.41
4818,Books,154.01,2.98
4819,Movies,479.51,1.29
4820,Sports,171.85,4.7
4821,Education,449.48,4.46
4822,Movies,157.65,4.39
4823,Movies,255.14,3.48
4824,Sports,123.22,3.83
4825,Education,167.21,2.38
4826,Electronics,320.22,1.96
4827,Gaming,116.1,2.48
4828,Gaming,390.14,1.9
4829,Books,394.72,3.78
4830,Education,341.14,2.9
4831,Music,374.21,1.05
4832,Gaming,156.28,3.72
4833,Movies,493.71,1.01
4834,Gaming,257.44,4.7
4835,Education,432.45,1.09
4836,Fashion,267.13,1.02
4837,Gaming,395.84,2.24
4838,Sports,383.97,4.78
4839,Gaming,488.16,4.58
4840,Books,106.05,1.78
4841,Music,314.76,3.18
4842,Movies,9.72,2.57
4843,Books,453.81,4.59
4844,Music,105.93,2.53
4845,Electronics,282.38,4.41
4846,Electronics,268.34,4.87
4847,Fashion,400.53,4.81
4848,Education,367.09,4.51
4849,Education,416.35,2.02
4850,Fashion,118.62,4.46
4851,Books,46.92,2.63
4852,Electronics,411.23,4.25
4853,Movies,73.7,2.95
4854,Music,242.52,2.29
4855,Electronics,459.0,3.61
4856,Education,490.19,1.27
4857,Gaming,200.2,4.34
4858,Electronics,214.23,2.05
4859,Movies,498.91,4.49
4860,Sports,275.5,3.25
4861,Music,8.4,4.92
4862,Gaming,404.12,1.15
4863,Gaming,92.28,4.28
4864,Electronics,48.0,4.77
4865,Music,499.95,4.55
4866,Electronics,370.76,2.95
4867,Sports,45.8,3.92
4868,Sports,201.45,3.28
4869,Education,150.23,1.97
4870,Movies,165.53,4.26
4871,Gaming,216.11,2.25
4872,Sports,219.32,1.13
4873,Sports,445.85,3.21
4874,Electronics,56.89,2.15
4875,Gaming,491.86,3.37
4876,Education,149.25,2.71
4877,Education,132.95,1.13
4878,Sports,421.8,2.17
4879,Electronics,420.01,2.91
4880,Gaming,95.53,4.21
4881,Education,191.67,3.83
4882,Books,419.43,4.85
4883,Fashion,47.48,1.03
4884,Fashion,276.47,2.06
4885,Fashion,237.21,1.29
4886,Gaming,253.29,1.5
4887,Gaming,420.1,4.04
4888,Education,41.67,4.35
4889,Movies,165.85,2.41
4890,Books,94.0,4.34
4891,Electronics,205.33,1.2
4892,Education,483.29,2.02
4893,Gaming,468.41,2.2
4894,Music,416.56,3.66
4895,Sports,431.34,4.9
4896,Music,436.38,2.61
4897,Electronics,408.18,3.85
4898,Gaming,35.49,4.72
4899,Education,235.65,1.54
4900,Sports,215.56,3.41
4901,Gaming,288.61,3.3
4902,Sports,131.64,3.53
4903,Movies,454.17,2.55
4904,Fashion,317.14,1.98
4905,Education,28.9,3.34
4906,Gaming,28.54,3.89
4907,Electronics,336.82,2.48
4908,Music,208.59,4.67
4909,Music,11.5,3.25
4910,Electronics,462.06,4.66
4911,Movies,294.4,2.52
4912,Fashion,53.96,1.7
4913,Fashion,341.44,1.07
4914,Books,442.33,3.35
4915,Education,27.35,1.96
4916,Electronics,299.13,1.14
4917,Movies,391.09,4.68
4918,Gaming,480.8,3.93
4919,Books,429.13,3.44
4920,Gaming,231.98,3.85
4921,Education,115.97,1.44
4922,Electronics,382.12,4.83
4923,Gaming,290.85,2.93
4924,Gaming,269.53,2.91
4925,Sports,223.89,4.79
4926,Fashion,242.48,1.32
4927,Electronics,383.93,2.57
4928,Books,356.79,3.32
4929,Gaming,358.02,1.25
4930,Fashion,21.77,2.51
4931,Electronics,348.12,1.89
4932,Education,219.53,4.92
4933,Sports,111.36,4.39
4934,Fashion,413.6,4.57
4935,Books,458.0,3.03
4936,Fashion,342.56,3.48
4937,Education,157.93,2.12
4938,Books,174.08,1.87
4939,Fashion,379.9,4.86
4940,Gaming,434.55,1.87
4941,Music,30.7,4.03
4942,Sports,198.16,4.3
4943,Sports,390.72,3.5
4944,Education,131.39,1.42
4945,Books,130.06,3.04
4946,Education,489.83,1.25
4947,Electronics,104.04,3.51
4948,Gaming,155.66,4.43
4949,Movies,74.01,4.85
4950,Movies,456.63,4.55
4951,Fashion,90.67,2.32
4952,Gaming,403.03,4.23
4953,Movies,354.06,2.79
4954,Fashion,159.24,4.85
4955,Electronics,73.93,1.18
4956,Sports,9.52,4.1
4957,Sports,33.07,3.15
4958,Books,186.81,1.59
4959,Sports,371.59,1.22
4960,Music,162.6,3.25
4961,Movies,204.2,2.04
4962,Electronics,463.37,4.72
4963,Books,210.97,2.57
4964,Movies,157.16,4.42
4965,Music,286.12,1.36
4966,Gaming,427.39,3.14
4967,Education,210.72,2.35
4968,Electronics,54.22,4.83
4969,Gaming,371.92,1.53
4970,Fashion,258.08,3.22
4971,Books,88.1,2.71
4972,Music,324.64,2.14
4973,Education,169.15,1.49
4974,Sports,209.55,3.34
4975,Electronics,62.68,3.46
4976,Music,201.91,3.71
4977,Movies,160.84,3.27
4978,Fashion,308.34,3.76
4979,Movies,379.68,1.55
4980,Sports,482.8,4.37
4981,Movies,283.35,4.56
4982,Sports,194.3,1.14
4983,Electronics,364.88,4.77
4984,Fashion,85.12,3.58
4985,Books,407.65,4.62
4986,Education,141.88,1.51
4987,Books,127.69,3.31
4988,Gaming,459.77,3.33
4989,Education,460.21,4.08
4990,Electronics,301.2,1.09
4991,Gaming,169.87,1.23
4992,Gaming,164.51,1.25
4993,Movies,88.07,2.64
4994,Sports,259.87,1.87
4995,Books,367.63,3.36
4996,Music,347.42,3.93
4997,Electronics,364.83,4.74
4998,Books,122.42,2.08
4999,Gaming,51.63,3.37
