item_id,category,price,rating
0,Books,442.58,2.35
1,Music,290.21,3.38
2,Electronics,259.92,1.63
3,Movies,495.55,1.69
4,Books,377.0,4.17
5,Gaming,76.86,4.73
6,Music,246.44,3.52
7,Books,322.88,3.02
8,Music,75.3,4.01
9,Fashion,292.98,1.47
10,Electronics,351.66,3.81
11,Books,276.5,1.36
12,Education,179.56,1.2
13,Education,241.41,4.63
14,Education,6.12,2.07
15,Movies,400.93,1.04
16,Electronics,10.04,3.44
17,Music,395.65,4.11
18,Electronics,390.89,2.44
19,Education,441.95,1.05
20,Music,159.53,2.35
21,Fashion,86.96,2.34
22,Sports,295.01,3.08
23,Electronics,163.12,4.0
24,Movies,358.82,2.12
25,Music,165.0,2.15
26,Electronics,68.78,4.01
27,Books,27.91,1.6
28,Gaming,57.13,4.3
29,Books,26.78,3.66
30,Gaming,27.01,4.15
31,Movies,456.79,2.95
32,Fashion,403.25,3.83
33,Sports,398.84,4.07
34,Gaming,106.66,3.0
35,Books,480.41,2.37
36,Electronics,485.39,3.33
37,Sports,233.5,3.63
38,Fashion,408.84,2.58
39,Gaming,21.31,3.84
40,Gaming,478.3,3.5
41,Movies,98.27,1.99
42,Fashion,455.33,1.05
43,Books,276.63,1.63
44,Movies,144.97,2.23
45,Education,113.54,4.17
46,Gaming,169.44,2.38
47,Movies,229.24,4.61
48,Fashion,345.65,1.25
49,Music,24.43,3.27
50,Books,444.09,2.29
51,Music,127.65,3.99
52,Sports,303.04,3.26
53,Education,78.9,1.7
54,Education,144.48,1.83
55,Gaming,485.87,1.07
56,Education,314.9,3.07
57,Movies,165.01,4.55
58,Gaming,336.73,4.99
59,Books,88.48,1.35
60,Gaming,74.0,2.08
61,Music,211.31,4.45
62,Fashion,145.38,4.66
63,Gaming,234.14,3.59
64,Gaming,135.88,1.62
65,Books,435.38,1.44
66,Electronics,388.14,3.32
67,Music,431.26,3.87
68,Education,144.42,3.3
69,Sports,11.47,2.9
70,Fashion,47.58,2.72
71,Education,59.26,4.82
72,Books,263.92,4.65
73,Movies,16.07,3.55
74,Education,156.94,2.73
75,Gaming,437.18,4.92
76,Books,127.01,4.79
77,Education,345.92,4.81
78,Movies,283.37,4.84
79,Fashion,446.77,1.51
80,Fashion,158.84,1.97
81,Movies,288.19,4.21
82,Sports,380.91,3.91
83,Gaming,190.76,1.56
84,Movies,109.24,3.97
85,Electronics,78.03,1.89
86,Books,215.15,1.29
87,Electronics,110.28,1.6
88,Books,475.9,1.77
89,Gaming,431.58,1.46
90,Gaming,435.49,3.4
91,Books,425.6,4.47
92,Education,300.2,4.67
93,Movies,294.8,3.85
94,Music,210.96,4.66
95,Movies,412.96,1.67
96,Books,290.31,4.59
97,Electronics,397.57,4.85
98,Books,119.49,2.47
99,Education,256.06,1.93
100,Fashion,200.05,3.15
101,Fashion,99.71,2.03
102,Gaming,66.8,3.85
103,Electronics,183.97,1.88
104,Books,256.13,1.27
105,Gaming,462.09,2.18
106,Movies,443.8,2.99
107,Music,425.82,1.99
108,Education,91.76,4.4
109,Education,110.4,3.98
110,Movies,175.57,3.99
111,Music,454.28,4.93
112,Fashion,183.11,2.47
113,Sports,490.79,4.45
114,Fashion,27.32,3.29
115,Books,94.72,4.98
116,Movies,73.77,3.24
117,Books,334.27,4.75
118,Gaming,424.39,1.98
119,Electronics,288.45,4.81
120,Electronics,369.18,3.75
121,Gaming,378.68,2.29
122,Books,365.98,1.93
123,Electronics,216.91,4.56
124,Fashion,14.39,2.66
125,Education,137.08,1.79
126,Education,420.09,3.79
127,Gaming,60.75,2.98
128,Education,236.12,1.57
129,Movies,400.88,2.47
130,Music,382.16,1.77
131,Gaming,160.96,1.38
132,Movies,76.02,4.53
133,Books,59.01,1.38
134,Fashion,470.49,3.58
135,Fashion,54.95,4.89
136,Electronics,77.81,4.07
137,Sports,22.25,3.5
138,Books,275.62,1.83
139,Electronics,323.36,3.47
140,Sports,400.18,4.5
141,Electronics,257.5,2.96
142,Sports,312.69,3.92
143,Education,181.3,3.02
144,Fashion,294.63,4.95
145,Sports,295.92,1.9
146,Gaming,296.05,4.28
147,Sports,429.41,4.2
148,Books,444.66,2.34
149,Movies,256.25,4.12
150,Education,135.9,2.49
151,Fashion,416.42,4.08
152,Education,485.74,4.98
153,Gaming,124.17,4.6
154,Electronics,51.79,3.84
155,Books,113.95,2.2
156,Fashion,473.43,2.05
157,Fashion,338.22,1.71
158,Education,51.23,2.36
159,Education,313.98,1.99
160,Education,153.58,3.83
161,Electronics,55.88,2.79
162,Education,471.16,2.59
163,Sports,219.93,3.95
164,Sports,390.61,4.08
165,Movies,498.94,1.29
166,Gaming,491.22,4.8
167,Electronics,426.81,2.82
168,Music,436.1,1.88
169,Electronics,396.87,1.74
170,Books,408.6,3.46
171,Gaming,53.53,4.58
172,Gaming,291.09,3.62
173,Education,145.34,4.49
174,Movies,274.87,2.68
175,Electronics,269.47,3.81
176,Education,349.05,2.43
177,Gaming,195.7,3.25
178,Education,462.58,3.98
179,Education,198.26,2.35
180,Sports,264.2,4.48
181,Electronics,9.3,3.84
182,Electronics,150.78,1.83
183,Gaming,11.01,4.59
184,Music,456.56,1.25
185,Books,263.3,1.61
186,Movies,380.55,3.66
187,Gaming,152.08,1.47
188,Education,416.45,3.7
189,Books,8.38,3.51
190,Education,406.1,3.36
191,Music,215.23,3.34
192,Education,311.76,3.56
193,Gaming,483.69,1.71
194,Electronics,313.43,1.75
195,Fashion,108.93,3.68
196,Movies,458.4,1.64
197,Sports,481.42,2.28
198,Education,198.7,1.61
199,Music,309.84,3.39
200,Education,223.92,2.9
201,Sports,313.37,3.33
202,Sports,190.26,4.54
203,Music,335.49,1.82
204,Education,163.35,4.15
205,Fashion,56.74,4.0
206,Movies,182.63,3.21
207,Gaming,143.88,4.95
208,Gaming,453.39,4.71
209,Music,96.46,4.37
210,Education,270.02,3.83
211,Fashion,112.66,3.85
212,Sports,457.56,2.07
213,Movies,120.51,1.42
214,Books,137.07,3.14
215,Education,417.19,2.12
216,Fashion,312.47,2.92
217,Fashion,147.85,3.04
218,Sports,88.14,3.56
219,Fashion,62.25,3.92
220,Education,92.97,4.99
221,Books,412.72,2.38
222,Gaming,215.97,2.04
223,Education,384.72,2.52
224,Movies,378.82,1.07
225,Sports,72.13,2.46
226,Sports,58.91,3.4
227,Electronics,30.16,4.44
228,Electronics,381.85,1.87
229,Music,244.48,2.81
230,Movies,363.81,2.61
231,Music,21.3,2.09
232,Fashion,235.77,4.9
233,Fashion,441.17,1.73
234,Electronics,363.02,4.75
235,Books,9.35,3.88
236,Music,232.37,3.72
237,Gaming,304.77,4.94
238,Books,147.96,4.14
239,Sports,121.15,2.74
240,Books,487.81,4.06
241,Sports,161.33,3.48
242,Education,29.6,2.07
243,Movies,360.6,3.28
244,Music,237.49,3.76
245,Music,202.24,1.1
246,Electronics,223.31,4.61
247,Movies,429.02,2.64
248,Fashion,16.0,3.55
249,Books,371.89,2.18
250,Electronics,240.95,4.97
251,Education,290.29,2.4
252,Education,315.61,1.72
253,Books,103.63,4.7
254,Books,123.4,2.24
255,Books,274.17,4.6
256,Electronics,391.82,1.18
257,Books,348.05,3.02
258,Fashion,240.4,3.77
259,Books,102.13,4.93
260,Sports,324.43,2.46
261,Music,302.1,1.87
262,Fashion,318.75,1.11
263,Movies,173.89,3.99
264,Education,404.95,2.01
265,Education,272.01,3.11
266,Books,213.62,1.91
267,Fashion,353.1,2.01
268,Music,455.96,3.11
269,Music,435.89,2.16
270,Fashion,404.5,1.45
271,Books,384.58,2.55
272,Sports,237.65,1.67
273,Education,14.22,3.66
274,Gaming,295.92,3.49
275,Electronics,131.23,1.96
276,Sports,416.0,4.05
277,Education,171.71,3.55
278,Music,414.93,4.56
279,Movies,7.87,4.25
280,Fashion,178.44,3.87
281,Books,188.84,3.42
282,Movies,325.16,2.62
283,Music,258.83,3.91
284,Gaming,240.77,1.06
285,Music,11.39,3.65
286,Sports,424.38,4.14
287,Fashion,158.65,2.88
288,Gaming,120.91,4.96
289,Sports,133.95,2.67
290,Fashion,342.16,4.5
291,Gaming,30.48,2.2
292,Gaming,286.65,3.47
293,Gaming,39.66,3.66
294,Education,266.39,4.31
295,Music,114.98,1.78
296,Electronics,397.7,3.82
297,Education,396.88,4.13
298,Fashion,56.48,2.11
299,Electronics,133.74,4.74
300,Books,246.3,1.44
301,Books,148.34,4.49
302,Music,424.3,4.6
303,Music,197.32,3.57
304,Gaming,142.7,1.72
305,Fashion,15.84,1.89
306,Gaming,304.17,4.62
307,Electronics,71.04,4.67
308,Gaming,175.97,2.71
309,Electronics,185.66,2.63
310,Fashion,133.3,3.79
311,Electronics,380.3,4.29
312,Movies,173.94,4.06
313,Gaming,320.65,4.83
314,Gaming,215.27,4.97
315,Movies,371.5,4.11
316,Music,17.72,2.99
317,Music,266.53,1.16
318,Electronics,159.5,4.82
319,Movies,215.93,1.75
320,Fashion,259.1,1.14
321,Gaming,260.41,3.38
322,Education,182.06,4.05
323,Sports,72.18,4.51
324,Education,477.95,1.0
325,Music,422.15,3.02
326,Gaming,233.4,1.95
327,Sports,226.43,4.8
328,Movies,109.34,1.72
329,Books,124.74,3.21
330,Electronics,465.5,3.3
331,Music,125.52,2.76
332,Gaming,198.25,1.19
333,Fashion,257.77,1.5
334,Movies,421.91,3.2
335,Sports,423.08,4.82
336,Books,471.88,1.4
337,Movies,472.68,4.18
338,Music,389.94,1.36
339,Fashion,93.86,4.9
340,Electronics,110.62,1.68
341,Electronics,184.36,4.65
342,Movies,240.72,4.68
343,Sports,170.5,1.91
344,Movies,250.13,3.46
345,Gaming,198.79,2.38
346,Books,112.94,2.1
347,Electronics,338.19,2.48
348,Music,44.48,1.55
349,Movies,189.33,4.7
350,Music,192.62,1.24
351,Books,211.91,3.68
352,Electronics,298.83,2.12
353,Books,345.6,3.52
354,Education,90.23,1.65
355,Movies,275.86,3.64
356,Electronics,481.15,2.69
357,Education,383.64,1.47
358,Music,445.36,3.53
359,Sports,316.37,1.57
360,Sports,24.59,3.81
361,Music,62.94,1.51
362,Movies,97.81,1.39
363,Movies,314.57,2.69
364,Fashion,136.72,2.76
365,Gaming,422.85,4.71
366,Sports,246.3,3.27
367,Books,132.31,3.05
368,Music,375.32,2.97
369,Sports,154.53,3.33
370,Music,473.59,4.55
371,Education,385.77,2.1
372,Books,124.57,4.35
373,Fashion,94.75,3.42
374,Gaming,222.27,2.87
375,Gaming,230.0,4.6
376,Books,48.11,4.13
377,Books,418.33,4.77
378,Electronics,229.04,3.0
379,Gaming,480.84,2.83
380,Fashion,254.26,2.33
381,Education,20.66,2.73
382,Sports,329.27,3.76
383,Education,8.22,4.2
384,Books,248.75,3.08
385,Music,481.06,2.14
386,Gaming,382.02,3.3
387,Gaming,351.9,2.67
388,Movies,143.21,3.18
389,Education,190.6,1.89
390,Gaming,420.42,2.9
391,Education,424.42,2.9
392,Education,280.61,4.98
393,Gaming,475.99,2.09
394,Fashion,434.98,2.56
395,Fashion,40.27,3.3
396,Fashion,488.64,4.9
397,Education,67.6,4.08
398,Education,402.4,2.47
399,Fashion,331.0,2.95
400,Books,117.81,4.05
401,Sports,135.06,2.36
402,Education,99.06,3.88
403,Education,232.07,2.77
404,Electronics,304.26,1.63
405,Fashion,449.59,2.86
406,Music,186.43,1.51
407,Books,88.14,4.68
408,Gaming,231.03,3.89
409,Books,44.86,3.57
410,Books,461.15,2.2
411,Music,291.67,4.76
412,Movies,361.06,1.25
413,Electronics,192.47,1.34
414,Fashion,431.35,3.49
415,Books,478.41,1.08
416,Music,214.43,1.42
417,Movies,178.49,1.65
418,Music,167.75,4.28
419,Movies,84.55,2.89
420,Movies,461.18,5.0
421,Education,129.07,4.74
422,Electronics,134.39,2.65
423,Fashion,439.57,4.14
424,Fashion,429.46,4.2
425,Gaming,121.36,3.24
426,Electronics,195.7,2.84
427,Movies,81.21,2.26
428,Movies,429.54,4.59
429,Sports,307.03,2.99
430,Fashion,357.86,3.44
431,Education,491.92,1.76
432,Electronics,227.28,4.67
433,Books,457.79,2.98
434,Music,71.73,4.26
435,Books,294.66,4.09
436,Electronics,233.95,1.82
437,Gaming,16.87,3.24
438,Education,84.72,1.75
439,Movies,220.97,2.77
440,Education,140.82,1.53
441,Music,472.75,1.53
442,Gaming,178.63,2.22
443,Education,433.84,2.64
444,Fashion,66.4,1.04
445,Fashion,362.37,3.86
446,Education,211.8,1.51
447,Education,188.96,3.36
448,Education,353.45,1.31
449,Fashion,280.37,2.1
450,Music,310.55,3.59
451,Books,455.75,2.64
452,Gaming,271.11,2.07
453,Gaming,146.85,1.18
454,Sports,146.6,1.26
455,Gaming,482.14,3.5
456,Music,90.71,1.47
457,Electronics,188.21,2.23
458,Education,143.23,2.87
459,Movies,456.87,3.27
460,Books,263.01,4.23
461,Fashion,6.99,1.79
462,Electronics,250.61,3.82
463,Movies,245.09,1.65
464,Books,465.34,2.31
465,Books,395.17,4.57
466,Sports,176.49,4.38
467,Electronics,356.83,4.62
468,Sports,129.4,4.73
469,Education,37.33,4.17
470,Electronics,220.65,1.71
471,Books,44.3,2.56
472,Fashion,197.72,1.92
473,Electronics,111.68,2.6
474,Movies,208.01,2.77
475,Sports,435.04,3.45
476,Sports,15.11,3.08
477,Education,382.41,1.23
478,Books,214.19,2.8
479,Music,477.24,2.9
480,Gaming,376.2,2.21
481,Electronics,390.76,2.29
482,Education,217.86,2.92
483,Electronics,463.55,1.21
484,Music,102.45,3.82
485,Gaming,290.9,2.01
486,Fashion,148.15,2.47
487,Gaming,227.92,4.27
488,Electronics,11.84,4.59
489,Music,209.45,1.92
490,Gaming,256.66,3.64
491,Movies,27.15,3.86
492,Books,381.58,1.66
493,Books,88.1,1.82
494,Books,399.33,2.09
495,Fashion,398.99,3.16
496,Movies,384.75,3.21
497,Fashion,171.21,4.64
498,Fashion,359.07,2.94
499,Movies,320.53,3.46
500,Books,182.27,2.7
501,Fashion,162.54,5.0
502,Movies,292.13,1.37
503,Gaming,261.96,1.2
504,Fashion,147.88,2.78
505,Electronics,269.46,4.9
506,Music,491.2,1.39
507,Fashion,271.38,4.27
508,Electronics,122.67,4.0
509,Electronics,439.92,3.65
510,Movies,167.21,4.69
511,Gaming,442.34,3.86
512,Books,185.02,4.17
513,Music,161.47,2.01
514,Fashion,259.93,4.99
515,Gaming,403.14,3.92
516,Music,228.75,2.25
517,Movies,428.67,3.27
518,Gaming,407.56,2.95
519,Books,378.21,4.47
520,Electronics,198.74,1.05
521,Sports,131.19,4.66
522,Sports,345.33,3.95
523,Sports,166.02,3.81
524,Education,324.91,1.71
525,Gaming,484.5,2.42
526,Books,168.0,2.48
527,Movies,50.4,3.5
528,Electronics,123.12,4.21
529,Music,200.11,2.83
530,Education,324.98,4.05
531,Gaming,119.4,4.87
532,Books,313.05,1.02
533,Education,210.73,2.75
534,Electronics,405.54,2.22
535,Gaming,168.96,1.28
536,Sports,145.36,3.87
537,Electronics,319.2,1.33
538,Movies,61.77,2.51
539,Books,373.16,4.33
540,Sports,12.24,2.32
541,Fashion,215.01,4.64
542,Movies,253.2,2.08
543,Gaming,198.07,2.75
544,Education,336.65,1.16
545,Books,197.78,3.59
546,Sports,145.24,3.37
547,Fashion,181.85,4.03
548,Music,35.0,4.67
549,Fashion,89.95,1.63
550,Sports,421.12,4.48
551,Gaming,51.02,4.63
552,Education,140.28,3.47
553,Electronics,38.95,2.52
554,Electronics,228.11,3.4
555,Education,265.01,2.85
556,Movies,480.02,1.74
557,Fashion,83.21,3.85
558,Electronics,41.9,2.93
559,Electronics,244.61,2.24
560,Education,465.57,2.13
561,Movies,147.78,1.94
562,Movies,77.17,2.46
563,Gaming,342.04,3.97
564,Music,407.64,1.79
565,Sports,22.64,4.9
566,Movies,12.09,4.84
567,Electronics,415.26,4.65
568,Fashion,196.66,1.79
569,Books,305.2,3.97
570,Movies,69.78,4.19
571,Books,108.25,2.97
572,Gaming,428.96,1.77
573,Books,124.73,1.25
574,Fashion,77.57,1.59
575,Movies,105.7,2.14
576,Gaming,408.42,4.66
577,Sports,206.11,1.51
578,Music,115.79,3.94
579,Music,340.33,4.87
580,Movies,12.17,4.0
581,Education,255.37,4.61
582,Movies,290.2,2.79
583,Sports,334.6,4.33
584,Music,144.84,1.43
585,Music,219.34,1.86
586,Sports,217.62,4.96
587,Education,289.19,3.77
588,Music,340.57,4.28
589,Electronics,472.34,3.64
590,Fashion,240.67,2.27
591,Electronics,183.34,2.34
592,Education,165.61,3.78
593,Electronics,295.92,1.81
594,Electronics,484.96,2.71
595,Fashion,285.21,3.81
596,Gaming,308.77,2.24
597,Education,399.86,1.44
598,Gaming,286.65,2.09
599,Books,309.8,1.87
600,Books,387.24,1.91
601,Electronics,445.74,4.45
602,Education,184.38,2.54
603,Books,352.24,1.36
604,Music,45.06,1.55
605,Gaming,283.43,1.6
606,Music,142.42,3.59
607,Gaming,12.73,1.72
608,Fashion,465.32,3.65
609,Electronics,156.25,1.18
610,Books,295.09,1.89
611,Education,480.29,3.75
612,Music,487.19,4.4
613,Sports,244.1,3.68
614,Education,406.99,3.31
615,Electronics,35.44,2.88
616,Sports,69.63,3.86
617,Electronics,341.91,4.97
618,Movies,316.26,4.2
619,Music,137.8,2.36
620,Sports,458.93,4.02
621,Books,329.36,2.02
622,Movies,350.8,4.55
623,Sports,119.24,3.82
624,Sports,199.88,1.48
625,Education,382.91,1.67
626,Music,130.18,4.13
627,Electronics,372.36,2.02
628,Movies,470.78,1.86
629,Education,496.84,3.95
630,Sports,199.29,1.52
631,Electronics,163.65,1.77
632,Sports,312.81,2.43
633,Gaming,151.03,4.03
634,Books,119.15,3.35
635,Movies,101.33,3.86
636,Education,314.44,4.19
637,Fashion,38.91,1.84
638,Sports,81.46,1.76
639,Fashion,55.99,3.25
640,Books,298.75,4.37
641,Fashion,211.78,3.13
642,Books,495.7,3.13
643,Fashion,288.92,4.98
644,Movies,497.09,2.7
645,Sports,319.3,2.92
646,Movies,361.75,4.75
647,Sports,158.28,4.28
648,Electronics,329.15,2.12
649,Movies,399.66,2.71
650,Education,64.6,4.97
651,Electronics,215.69,3.17
652,Gaming,404.94,4.84
653,Electronics,437.08,3.1
654,Music,275.12,2.12
655,Gaming,234.09,4.79
656,Gaming,364.84,1.05
657,Movies,62.67,4.7
658,Books,425.12,2.94
659,Education,310.4,2.16
660,Education,397.45,3.41
661,Music,348.94,2.5
662,Electronics,218.07,1.83
663,Sports,474.29,4.79
664,Electronics,409.79,4.74
665,Movies,334.34,1.94
666,Gaming,381.3,2.3
667,Education,223.04,2.1
668,Music,214.69,3.72
669,Electronics,59.75,1.42
670,Gaming,343.47,4.12
671,Sports,277.98,1.73
672,Music,218.22,4.03
673,Books,344.44,1.44
674,Electronics,484.73,1.89
675,Sports,114.09,2.84
676,Gaming,166.99,4.94
677,Books,42.86,2.23
678,Sports,194.45,2.97
679,Sports,13.12,1.33
680,Fashion,132.62,3.22
681,Music,385.05,3.75
682,Movies,285.68,2.59
683,Books,435.99,2.84
684,Books,153.13,3.52
685,Electronics,347.6,2.59
686,Education,18.93,1.38
687,Gaming,423.57,1.23
688,Electronics,298.05,1.73
689,Music,118.32,2.09
690,Movies,23.95,1.71
691,Sports,327.0,2.99
692,Books,399.68,1.24
693,Education,445.0,4.99
694,Sports,12.79,4.87
695,Music,121.75,3.77
696,Electronics,149.78,3.09
697,Music,257.66,2.44
698,Sports,360.19,3.4
699,Books,256.6,4.93
700,Education,470.3,4.82
701,Books,441.26,2.02
702,Education,178.24,1.92
703,Books,493.16,1.61
704,Books,186.42,1.8
705,Electronics,115.61,1.99
706,Electronics,321.64,1.3
707,Gaming,288.4,4.28
708,Music,384.43,1.6
709,Books,457.79,4.08
710,Fashion,7.62,3.95
711,Electronics,370.02,2.99
712,Education,27.76,3.32
713,Electronics,384.04,2.08
714,Movies,335.2,2.42
715,Gaming,289.06,2.54
716,Books,155.36,4.42
717,Books,378.15,2.38
718,Electronics,220.14,3.77
719,Electronics,406.48,3.74
720,Movies,272.76,4.82
721,Gaming,388.2,1.46
722,Gaming,281.28,2.64
723,Books,398.49,1.18
724,Gaming,208.31,2.27
725,Sports,74.89,2.52
726,Electronics,338.04,2.45
727,Education,292.1,3.37
728,Gaming,295.62,3.12
729,Education,62.91,1.87
730,Gaming,401.03,3.01
731,Books,354.51,3.28
732,Music,24.15,4.18
733,Electronics,36.84,4.77
734,Education,111.61,3.05
735,Music,36.48,4.58
736,Sports,490.07,1.59
737,Books,151.41,1.06
738,Books,394.55,2.25
739,Electronics,296.47,1.16
740,Books,359.15,3.12
741,Sports,363.87,4.16
742,Fashion,49.18,3.31
743,Movies,326.72,3.07
744,Music,95.29,4.18
745,Gaming,498.74,4.88
746,Education,389.88,2.67
747,Education,171.96,1.27
748,Fashion,211.06,1.62
749,Sports,130.9,4.57
750,Fashion,484.42,4.79
751,Electronics,100.71,4.6
752,Electronics,75.05,3.03
753,Fashion,323.61,2.85
754,Movies,476.16,2.33
755,Gaming,266.05,1.3
756,Music,426.85,2.65
757,Movies,351.76,3.73
758,Fashion,339.75,3.03
759,Fashion,142.37,3.5
760,Education,481.09,4.34
761,Movies,58.84,1.09
762,Music,251.99,4.1
763,Movies,160.38,3.8
764,Music,466.3,2.84
765,Electronics,125.86,4.67
766,Fashion,238.77,2.63
767,Electronics,179.91,2.69
768,Sports,338.46,2.73
769,Electronics,165.49,3.97
770,Gaming,105.47,1.81
771,Music,349.74,4.47
772,Sports,124.4,1.76
773,Sports,336.8,3.48
774,Sports,226.39,1.38
775,Books,50.43,4.11
776,Music,228.63,4.43
777,Sports,289.49,3.47
778,Education,467.43,1.66
779,Education,273.8,1.23
780,Music,182.67,1.59
781,Music,97.98,4.74
782,Movies,307.29,4.57
783,Gaming,224.54,3.39
784,Music,20.89,2.88
785,Fashion,284.21,1.07
786,Books,395.8,2.18
787,Education,228.98,3.14
788,Electronics,496.14,1.4
789,Education,279.86,3.12
790,Sports,39.11,3.54
791,Electronics,146.99,1.42
792,Sports,93.43,4.29
793,Sports,56.54,2.87
794,Education,101.66,1.65
795,Sports,106.83,2.97
796,Sports,122.71,1.39
797,Education,401.69,3.16
798,Music,82.64,2.89
799,Gaming,38.84,3.32
800,Sports,173.45,1.41
801,Gaming,95.9,2.38
802,Fashion,404.17,1.7
803,Electronics,59.28,3.06
804,Music,281.55,1.36
805,Electronics,145.82,2.05
806,Books,97.18,2.26
807,Music,23.37,3.61
808,Electronics,494.3,3.54
809,Books,183.73,3.67
810,Fashion,287.9,4.39
811,Movies,312.83,3.54
812,Education,114.72,2.66
813,Sports,175.49,1.05
814,Music,160.07,2.94
815,Electronics,301.93,4.74
816,Electronics,123.36,1.61
817,Sports,435.38,4.77
818,Sports,246.54,1.46
819,Movies,245.27,1.44
820,Fashion,442.18,3.83
821,Sports,124.36,4.55
822,Movies,320.76,4.81
823,Fashion,490.34,1.01
824,Music,64.51,3.19
825,Sports,478.15,4.98
826,Fashion,285.87,1.7
827,Sports,85.71,4.06
828,Electronics,298.01,3.2
829,Fashion,235.55,3.9
830,Movies,429.74,2.21
831,Books,114.35,3.68
832,Electronics,457.79,2.39
833,Fashion,139.86,1.9
834,Gaming,130.97,1.54
835,Books,300.41,2.12
836,Music,309.4,1.33
837,Sports,62.15,3.14
838,Movies,258.21,2.09
839,Education,414.43,1.75
840,Sports,183.53,3.22
841,Music,434.27,2.67
842,Music,202.31,3.32
843,Fashion,161.76,3.84
844,Gaming,128.1,4.29
845,Books,139.81,4.97
846,Books,161.65,4.52
847,Fashion,201.69,1.98
848,Fashion,116.95,4.4
849,Sports,157.83,2.35
850,Sports,102.51,4.85
851,Gaming,126.15,1.99
852,Music,472.23,4.6
853,Music,128.21,4.46
854,Gaming,128.66,1.34
855,Sports,411.08,4.09
856,Electronics,150.86,1.36
857,Sports,107.19,4.08
858,Movies,482.55,2.04
859,Fashion,410.04,1.91
860,Music,341.4,1.33
861,Sports,294.72,2.08
862,Electronics,463.29,2.16
863,Movies,202.23,4.36
864,Fashion,221.95,1.95
865,Education,276.03,4.36
866,Sports,219.42,1.53
867,Books,194.63,4.82
868,Education,40.65,2.63
869,Books,325.77,1.31
870,Fashion,175.75,4.76
871,Gaming,20.16,4.01
872,Music,421.48,2.11
873,Education,111.28,4.66
874,Education,383.18,1.45
875,Fashion,110.04,3.49
876,Music,212.61,3.02
877,Music,476.01,2.68
878,Education,441.43,3.64
879,Education,65.2,3.98
880,Education,262.5,1.9
881,Movies,148.33,3.23
882,Gaming,302.84,4.87
883,Electronics,428.09,1.82
884,Sports,388.13,1.03
885,Sports,69.26,1.8
886,Sports,300.61,1.78
887,Education,185.81,1.97
888,Sports,172.02,4.77
889,Gaming,498.7,3.74
890,Sports,288.29,3.83
891,Movies,386.97,3.96
892,Gaming,45.54,2.24
893,Gaming,175.0,2.48
894,Fashion,175.44,4.15
895,Music,375.06,1.02
896,Movies,151.71,3.49
897,Books,64.53,1.28
898,Fashion,415.06,2.81
899,Books,428.57,4.29
900,Movies,447.22,1.19
901,Education,97.13,2.18
902,Music,72.43,2.94
903,Sports,400.49,4.8
904,Electronics,445.34,2.83
905,Education,320.06,1.92
906,Music,204.49,4.48
907,Gaming,19.45,3.13
908,Education,437.04,1.49
909,Education,491.36,1.05
910,Gaming,443.63,2.41
911,Gaming,70.68,1.63
912,Music,352.08,4.48
913,Education,322.33,4.71
914,Music,422.03,1.04
915,Movies,336.37,2.22
916,Gaming,229.98,1.38
917,Electronics,144.64,3.53
918,Fashion,113.1,3.59
919,Education,461.9,1.02
920,Sports,393.96,3.57
921,Movies,28.08,4.16
922,Books,116.14,2.06
923,Music,51.29,3.14
924,Books,251.62,2.39
925,Movies,88.53,4.35
926,Books,438.81,3.16
927,Movies,125.89,1.38
928,Sports,434.93,1.38
929,Books,11.52,2.88
930,Books,366.98,2.83
931,Books,30.45,3.76
932,Music,322.95,3.73
933,Electronics,109.55,4.18
934,Sports,242.19,3.15
935,Music,275.19,2.15
936,Sports,128.82,1.02
937,Music,201.32,2.94
938,Movies,372.69,1.27
939,Movies,462.37,2.06
940,Movies,186.53,1.19
941,Sports,328.3,3.84
942,Fashion,464.75,2.35
943,Movies,132.4,3.9
944,Electronics,354.87,4.75
945,Movies,106.63,3.82
946,Movies,38.1,2.92
947,Music,64.1,3.61
948,Gaming,302.73,1.2
949,Gaming,163.21,2.58
950,Electronics,127.79,1.15
951,Education,162.82,4.17
952,Fashion,183.25,2.29
953,Gaming,471.17,1.17
954,Sports,384.81,2.93
955,Sports,472.51,2.57
956,Sports,355.48,1.28
957,Education,464.74,2.38
958,Sports,264.38,1.55
959,Education,473.05,3.69
960,Education,31.7,1.62
961,Music,202.92,1.87
962,Books,155.79,4.99
963,Music,331.03,4.69
964,Sports,220.72,3.84
965,Gaming,232.55,2.31
966,Gaming,261.99,2.71
967,Sports,490.37,2.98
968,Education,406.5,3.67
969,Education,242.42,2.9
970,Electronics,174.24,1.43
971,Music,381.93,4.67
972,Fashion,112.89,4.7
973,Fashion,119.99,3.12
974,Movies,175.09,1.46
975,Electronics,31.15,2.46
976,Education,28.44,1.42
977,Music,75.44,1.01
978,Music,80.86,3.31
979,Sports,410.66,1.77
980,Gaming,45.03,3.92
981,Gaming,9.04,3.94
982,Gaming,69.9,1.91
983,Movies,64.43,1.99
984,Music,400.1,1.53
985,Electronics,497.11,2.31
986,Electronics,461.37,1.76
987,Fashion,98.01,3.26
988,Fashion,30.05,4.2
989,Music,222.61,3.8
990,Gaming,91.44,3.57
991,Gaming,299.06,4.02
992,Sports,152.21,4.73
993,Gaming,480.84,4.47
994,Books,288.16,2.68
995,Gaming,33.71,4.79
996,Sports,476.13,1.07
997,Education,181.66,4.52
998,Books,45.02,1.79
999,Music,489.45,4.39
1000,Education,456.47,1.57
1001,Movies,109.6,3.42
1002,Books,253.36,2.19
1003,Fashion,442.5,4.61
1004,Books,149.38,1.62
1005,Fashion,78.8,2.94
1006,Electronics,70.79,2.89
1007,Education,233.66,4.54
1008,Electronics,151.62,3.24
1009,Fashion,373.03,3.38
1010,Sports,477.26,3.41
1011,Books,451.42,1.98
1012,Gaming,282.57,3.17
1013,Movies,494.78,1.82
1014,Sports,74.79,3.45
1015,Sports,115.73,3.56
1016,Movies,486.38,4.79
1017,Books,119.4,1.68
1018,Education,282.57,3.35
1019,Electronics,332.81,3.97
1020,Music,302.47,1.45
1021,Electronics,396.13,1.32
1022,Fashion,14.9,4.08
1023,Music,276.44,3.79
1024,Gaming,194.46,1.04
1025,Gaming,168.85,3.43
1026,Fashion,116.72,3.75
1027,Books,398.23,2.82
1028,Fashion,438.48,4.42
1029,Gaming,439.64,3.64
1030,Education,155.87,2.93
1031,Books,356.7,1.84
1032,Gaming,370.73,3.19
1033,Sports,52.53,3.23
1034,Fashion,38.05,1.06
1035,Sports,445.37,2.96
1036,Movies,273.93,2.12
1037,Gaming,273.66,1.68
1038,Education,374.09,4.29
1039,Fashion,428.66,1.43
1040,Movies,281.09,4.24
1041,Sports,68.47,1.4
1042,Education,409.39,4.19
1043,Movies,227.1,1.44
1044,Sports,260.48,2.58
1045,Electronics,261.68,2.76
1046,Fashion,286.41,3.91
1047,Education,388.56,3.6
1048,Books,103.48,2.59
1049,Gaming,40.26,2.81
1050,Sports,485.32,3.57
1051,Music,81.53,2.07
1052,Education,36.96,1.73
1053,Education,246.48,2.38
1054,Education,105.96,1.59
1055,Electronics,329.76,3.23
1056,Books,422.11,1.73
1057,Movies,424.75,3.31
1058,Education,136.78,2.09
1059,Music,198.24,2.84
1060,Movies,45.84,4.37
1061,Gaming,65.16,2.93
1062,Fashion,194.57,3.05
1063,Gaming,444.3,4.96
1064,Sports,15.03,2.57
1065,Fashion,409.72,2.31
1066,Gaming,326.27,4.97
1067,Education,325.15,1.44
1068,Gaming,422.25,4.87
1069,Fashion,357.69,2.68
1070,Books,474.46,4.87
1071,Gaming,467.88,2.65
1072,Electronics,395.91,3.62
1073,Sports,93.95,3.14
1074,Fashion,375.11,4.58
1075,Movies,431.99,1.62
1076,Movies,246.58,2.91
1077,Books,449.87,1.01
1078,Sports,370.66,3.47
1079,Education,461.18,2.83
1080,Gaming,330.55,4.89
1081,Books,373.23,1.27
1082,Music,87.93,4.29
1083,Books,170.72,3.82
1084,Books,351.41,4.97
1085,Music,237.59,3.95
1086,Gaming,29.13,2.85
1087,Education,97.41,4.36
1088,Fashion,420.75,1.95
1089,Movies,162.55,3.81
1090,Sports,370.44,3.63
1091,Electronics,498.36,4.47
1092,Education,211.44,2.31
1093,Electronics,300.44,4.27
1094,Books,240.3,3.95
1095,Education,14.48,4.7
1096,Gaming,388.05,2.58
1097,Music,195.09,1.41
1098,Gaming,409.0,4.07
1099,Sports,316.97,1.41
1100,Gaming,134.86,2.84
1101,Electronics,136.66,2.74
1102,Electronics,116.85,2.4
1103,Movies,327.89,4.57
1104,Books,195.59,3.77
1105,Fashion,71.72,3.16
1106,Music,461.24,1.11
1107,Education,137.44,1.53
1108,Education,268.9,3.72
1109,Education,33.6,1.28
1110,Books,435.47,2.82
1111,Books,234.16,4.78
1112,Sports,163.5,4.59
1113,Education,487.26,1.97
1114,Fashion,259.45,3.14
1115,Education,433.75,2.22
1116,Movies,400.03,4.88
1117,Fashion,420.97,4.64
1118,Fashion,355.64,4.62
1119,Electronics,86.6,3.85
1120,Books,367.28,2.76
1121,Fashion,44.47,3.49
1122,Movies,30.68,2.53
1123,Books,199.87,5.0
1124,Gaming,153.4,4.28
1125,Fashion,31.32,3.12
1126,Books,270.66,3.51
1127,Electronics,405.95,4.05
1128,Movies,381.7,2.73
1129,Fashion,365.1,2.97
1130,Education,38.14,4.56
1131,Music,445.63,2.29
1132,Fashion,457.38,4.03
1133,Sports,203.4,2.33
1134,Electronics,487.7,3.85
1135,Sports,192.51,3.57
1136,Education,287.91,3.1
1137,Electronics,324.13,3.15
1138,Books,329.12,4.63
1139,Gaming,496.67,3.84
1140,Movies,464.27,4.43
1141,Education,151.04,4.73
1142,Electronics,40.05,2.32
1143,Electronics,321.77,3.11
1144,Electronics,273.49,4.18
1145,Gaming,101.38,4.93
1146,Sports,221.54,4.8
1147,Sports,194.64,3.41
1148,Music,227.9,3.7
1149,Sports,95.89,2.6
1150,Sports,38.85,3.39
1151,Books,481.53,1.18
1152,Electronics,331.52,4.1
1153,Gaming,110.49,2.09
1154,Electronics,104.78,2.19
1155,Electronics,59.49,2.48
1156,Music,187.62,4.23
1157,Sports,401.47,4.19
1158,Books,285.68,2.3
1159,Sports,208.43,2.27
1160,Books,293.05,4.75
1161,Fashion,145.83,2.84
1162,Fashion,329.28,4.38
1163,Electronics,130.4,2.12
1164,Gaming,443.16,1.32
1165,Books,304.7,4.44
1166,Music,461.26,1.05
1167,Music,187.98,2.03
1168,Sports,286.18,3.53
1169,Sports,499.89,3.05
1170,Gaming,277.98,2.66
1171,Gaming,78.1,2.21
1172,Books,127.26,4.2
1173,Sports,275.18,2.18
1174,Sports,247.1,1.88
1175,Books,96.64,4.44
1176,Music,472.68,1.32
1177,Music,383.62,2.81
1178,Fashion,197.54,3.76
1179,Electronics,136.8,1.08
1180,Gaming,110.93,1.74
1181,Music,21.85,2.29
1182,Electronics,239.89,3.94
1183,Gaming,166.2,1.78
1184,Sports,119.16,4.56
1185,Education,106.34,4.52
1186,Sports,226.31,4.74
1187,Books,207.01,1.71
1188,Movies,276.77,3.35
1189,Music,319.57,2.65
1190,Electronics,29.06,3.51
1191,Books,466.85,4.83
1192,Sports,300.46,1.08
1193,Gaming,57.49,4.34
1194,Movies,415.72,4.78
1195,Education,284.07,4.46
1196,Books,413.32,3.36
1197,Fashion,392.9,1.5
1198,Movies,321.41,4.81
1199,Books,85.17,3.98
1200,Music,163.79,4.27
1201,Gaming,350.12,4.7
1202,Fashion,357.41,2.64
1203,Music,10.39,4.17
1204,Fashion,207.19,3.68
1205,Music,57.01,4.56
1206,Education,220.65,4.68
1207,Books,354.97,1.49
1208,Music,291.7,4.64
1209,Electronics,400.99,2.67
1210,Education,477.76,2.07
1211,Gaming,190.68,4.0
1212,Sports,120.29,3.06
1213,Electronics,365.75,3.58
1214,Sports,81.91,3.52
1215,Electronics,288.49,3.23
1216,Books,413.89,1.74
1217,Movies,377.03,4.04
1218,Sports,362.71,3.02
1219,Gaming,200.79,2.58
1220,Sports,368.24,2.99
1221,Books,172.52,3.5
1222,Electronics,419.32,1.25
1223,Fashion,486.21,1.39
1224,Music,258.31,3.24
1225,Education,73.41,4.66
1226,Movies,238.38,1.57
1227,Sports,357.25,3.65
1228,Fashion,481.62,2.77
1229,Gaming,137.56,1.24
1230,Sports,367.9,3.47
1231,Electronics,486.44,3.85
1232,Sports,466.91,4.97
1233,Education,217.07,1.6
1234,Music,101.95,2.27
1235,Fashion,256.9,1.49
1236,Movies,154.35,2.23
1237,Music,7.02,2.42
1238,Electronics,62.5,2.72
1239,Gaming,102.29,4.29
1240,Movies,44.86,4.46
1241,Electronics,292.36,2.83
1242,Sports,277.12,2.5
1243,Music,68.17,4.06
1244,Music,464.32,4.8
1245,Sports,337.0,2.64
1246,Sports,241.79,3.63
1247,Electronics,412.42,2.5
1248,Sports,458.81,2.3
1249,Sports,267.78,4.85
1250,Gaming,469.41,3.78
1251,Music,165.66,1.88
1252,Fashion,44.67,3.83
1253,Education,254.21,3.29
1254,Electronics,238.83,2.93
1255,Books,287.78,4.66
1256,Education,19.54,4.21
1257,Books,198.31,3.98
1258,Sports,474.52,2.23
1259,Electronics,49.33,1.93
1260,Fashion,114.94,3.97
1261,Sports,35.62,1.2
1262,Fashion,348.34,3.23
1263,Books,211.79,3.3
1264,Fashion,368.95,1.41
1265,Sports,278.88,4.3
1266,Sports,184.4,4.05
1267,Books,423.48,4.28
1268,Gaming,326.93,3.87
1269,Education,394.9,3.93
1270,Movies,228.58,1.64
1271,Fashion,158.32,1.83
1272,Sports,183.91,2.96
1273,Sports,479.73,4.84
1274,Gaming,385.95,4.92
1275,Fashion,499.02,4.54
1276,Sports,44.35,2.7
1277,Movies,269.39,1.5
1278,Movies,405.27,1.59
1279,Education,194.75,1.28
1280,Sports,264.67,3.39
1281,Movies,368.91,2.36
1282,Education,297.31,3.94
1283,Books,382.21,2.21
1284,Music,38.51,1.15
1285,Gaming,385.19,2.54
1286,Gaming,71.3,1.74
1287,Fashion,384.24,3.4
1288,Education,253.19,3.49
1289,Education,73.06,2.28
1290,Gaming,190.16,2.26
1291,Gaming,432.89,3.33
1292,Fashion,366.01,1.95
1293,Education,135.72,1.9
1294,Electronics,345.55,2.4
1295,Gaming,205.52,3.84
1296,Gaming,486.04,1.65
1297,Books,36.02,1.78
1298,Movies,368.81,1.78
1299,Fashion,294.25,3.36
1300,Fashion,150.74,1.27
1301,Movies,202.6,1.75
1302,Gaming,96.31,3.09
1303,Education,338.19,1.3
1304,Movies,291.27,1.98
1305,Education,338.28,4.24
1306,Movies,404.47,2.48
1307,Gaming,285.8,4.17
1308,Education,35.1,3.42
1309,Books,419.08,2.49
1310,Music,230.43,3.79
1311,Fashion,38.6,2.54
1312,Education,151.38,1.07
1313,Sports,102.01,2.58
1314,Fashion,102.73,3.41
1315,Sports,227.08,1.16
1316,Electronics,141.14,1.08
1317,Electronics,182.28,2.04
1318,Music,345.65,2.23
1319,Education,190.7,3.9
1320,Gaming,243.05,3.23
1321,Gaming,421.47,1.83
1322,Gaming,494.65,4.6
1323,Music,146.84,4.57
1324,Gaming,378.21,4.72
1325,Education,347.11,3.7
1326,Movies,6.71,2.9
1327,Books,104.13,2.3
1328,Gaming,489.51,1.34
1329,Electronics,362.63,1.69
1330,Books,8.66,3.01
1331,Gaming,84.8,4.86
1332,Fashion,105.83,1.77
1333,Sports,20.92,2.32
1334,Gaming,16.94,3.0
1335,Movies,255.28,1.21
1336,Music,123.83,4.33
1337,Education,233.96,2.74
1338,Music,350.89,3.86
1339,Electronics,382.17,4.32
1340,Gaming,119.96,1.27
1341,Gaming,193.23,4.42
1342,Sports,43.62,3.3
1343,Sports,352.04,2.93
1344,Education,131.31,2.31
1345,Electronics,40.47,2.17
1346,Music,26.97,3.91
1347,Electronics,449.51,3.53
1348,Fashion,330.07,2.89
1349,Movies,82.24,1.03
1350,Education,175.27,4.01
1351,Fashion,480.41,2.72
1352,Movies,185.87,2.78
1353,Sports,216.75,3.5
1354,Fashion,368.4,4.14
1355,Electronics,326.55,2.75
1356,Books,475.3,3.84
1357,Books,216.2,2.79
1358,Gaming,409.9,2.76
1359,Gaming,260.56,2.17
1360,Books,420.26,3.09
1361,Sports,278.51,4.52
1362,Gaming,460.66,4.3
1363,Fashion,37.36,2.77
1364,Gaming,174.95,1.85
1365,Movies,454.93,4.56
1366,Movies,235.32,1.54
1367,Gaming,11.62,2.75
1368,Movies,24.78,3.44
1369,Gaming,306.16,4.6
1370,Books,99.07,2.49
1371,Books,430.47,2.9
1372,Music,34.56,1.44
1373,Fashion,407.66,3.97
1374,Movies,438.56,1.48
1375,Sports,381.41,3.62
1376,Gaming,119.99,4.9
1377,Movies,287.33,4.63
1378,Electronics,430.25,2.33
1379,Fashion,270.3,2.73
1380,Education,355.99,3.35
1381,Electronics,393.5,1.05
1382,Books,345.46,2.28
1383,Books,115.99,4.2
1384,Gaming,49.16,1.91
1385,Gaming,105.85,2.68
1386,Movies,164.56,3.88
1387,Gaming,351.19,2.3
1388,Fashion,221.31,1.83
1389,Fashion,337.06,2.58
1390,Music,70.75,1.51
1391,Fashion,164.55,3.99
1392,Fashion,17.62,2.03
1393,Sports,85.43,4.83
1394,Education,354.11,1.93
1395,Fashion,107.69,4.43
1396,Books,99.16,4.99
1397,Education,144.74,1.34
1398,Sports,347.02,3.44
1399,Fashion,499.91,4.21
1400,Sports,217.27,3.71
1401,Electronics,409.84,3.05
1402,Fashion,140.07,1.84
1403,Sports,151.16,4.39
1404,Movies,193.31,2.15
1405,Gaming,403.91,1.13
1406,Education,299.01,4.49
1407,Books,207.99,2.08
1408,Fashion,248.4,3.87
1409,Books,260.72,1.03
1410,Movies,43.77,3.89
1411,Books,202.98,4.14
1412,Gaming,326.5,3.33
1413,Books,451.18,1.09
1414,Movies,81.74,3.5
1415,Books,37.58,3.58
1416,Music,492.14,4.52
1417,Electronics,297.5,4.58
1418,Sports,62.55,2.82
1419,Education,217.19,2.35
1420,Education,5.1,4.56
1421,Books,389.96,3.61
1422,Electronics,68.84,2.51
1423,Electronics,462.54,3.47
1424,Movies,303.69,4.65
1425,Electronics,282.12,3.39
1426,Electronics,176.13,2.49
1427,Books,344.38,2.28
1428,Sports,281.76,2.12
1429,Electronics,87.23,2.82
1430,Gaming,112.64,4.59
1431,Movies,155.29,3.39
1432,Education,135.4,2.03
1433,Education,178.56,4.66
1434,Music,198.79,4.29
1435,Gaming,102.66,1.19
1436,Music,391.93,3.17
1437,Music,254.34,2.09
1438,Music,40.8,2.93
1439,Music,434.28,1.48
1440,Sports,464.94,2.1
1441,Music,268.43,1.27
1442,Gaming,215.4,1.5
1443,Gaming,28.75,4.87
1444,Electronics,366.4,3.88
1445,Music,49.82,4.72
1446,Music,237.39,4.41
1447,Books,11.24,2.19
1448,Electronics,498.04,2.71
1449,Education,444.8,2.31
1450,Gaming,265.04,4.42
1451,Fashion,304.88,3.9
1452,Electronics,118.27,1.62
1453,Books,119.0,2.97
1454,Movies,401.48,2.42
1455,Sports,284.58,4.22
1456,Music,123.19,4.53
1457,Education,476.78,1.16
1458,Education,34.26,1.36
1459,Gaming,389.5,1.76
1460,Sports,364.22,2.77
1461,Electronics,418.95,4.23
1462,Music,480.03,2.0
1463,Electronics,118.47,1.13
1464,Music,208.16,2.84
1465,Electronics,482.43,4.32
1466,Music,87.56,4.19
1467,Education,93.26,1.31
1468,Sports,419.36,4.9
1469,Education,48.62,4.26
1470,Gaming,430.31,1.48
1471,Books,145.21,3.93
1472,Music,404.83,2.42
1473,Gaming,84.17,3.59
1474,Education,352.47,3.01
1475,Books,76.75,4.38
1476,Gaming,324.41,4.48
1477,Movies,466.82,4.22
1478,Sports,479.54,4.82
1479,Fashion,311.58,3.91
1480,Electronics,351.21,3.48
1481,Fashion,14.58,2.42
1482,Education,54.54,2.2
1483,Books,38.94,4.68
1484,Movies,228.41,1.76
1485,Education,294.47,1.79
1486,Fashion,403.2,2.22
1487,Education,160.88,4.48
1488,Books,281.81,4.55
1489,Education,209.38,2.38
1490,Sports,255.57,1.25
1491,Sports,81.33,1.88
1492,Sports,409.26,3.94
1493,Fashion,100.69,2.11
1494,Books,472.41,1.34
1495,Books,275.99,3.09
1496,Gaming,364.23,2.05
1497,Electronics,467.71,2.64
1498,Fashion,146.43,2.35
1499,Music,177.62,1.8
1500,Gaming,464.39,1.7
1501,Movies,442.0,2.62
1502,Sports,138.29,1.79
1503,Movies,254.65,3.68
1504,Education,449.62,3.61
1505,Books,244.41,1.13
1506,Fashion,458.14,4.61
1507,Education,192.46,1.12
1508,Books,368.02,4.17
1509,Music,273.52,2.61
1510,Sports,426.31,1.77
1511,Books,222.58,1.1
1512,Music,86.19,4.76
1513,Gaming,291.15,4.22
1514,Gaming,245.82,4.34
1515,Gaming,271.78,1.02
1516,Sports,450.35,1.59
1517,Sports,228.02,2.91
1518,Movies,28.38,1.21
1519,Books,382.46,2.2
1520,Movies,207.77,3.26
1521,Books,189.83,4.1
1522,Books,442.81,1.24
1523,Books,319.52,2.27
1524,Music,293.72,2.94
1525,Sports,170.17,1.38
1526,Books,281.92,1.45
1527,Music,82.28,4.93
1528,Fashion,161.77,3.34
1529,Music,139.75,4.46
1530,Gaming,145.25,2.47
1531,Electronics,306.15,4.48
1532,Movies,409.03,2.06
1533,Electronics,415.63,3.8
1534,Sports,494.97,4.74
1535,Gaming,268.9,4.0
1536,Gaming,287.24,3.38
1537,Music,55.24,1.01
1538,Music,28.85,4.87
1539,Fashion,67.5,1.18
1540,Sports,158.27,3.35
1541,Books,474.49,3.8
1542,Gaming,141.79,4.76
1543,Electronics,22.84,4.92
1544,Education,34.03,4.02
1545,Music,27.42,4.73
1546,Fashion,58.79,1.2
1547,Movies,445.19,1.38
1548,Sports,399.98,3.99
1549,Education,301.44,2.51
1550,Education,458.21,4.48
1551,Fashion,215.99,1.93
1552,Movies,139.92,1.88
1553,Fashion,272.92,4.47
1554,Electronics,387.94,4.18
1555,Music,226.9,2.29
1556,Movies,379.89,4.17
1557,Books,349.2,1.13
1558,Movies,296.89,2.39
1559,Education,102.12,3.78
1560,Sports,137.92,4.65
1561,Education,152.55,3.22
1562,Movies,414.74,2.61
1563,Gaming,415.19,3.89
1564,Electronics,460.83,2.3
1565,Music,56.99,2.72
1566,Fashion,393.98,2.8
1567,Sports,134.68,1.11
1568,Sports,159.95,3.85
1569,Electronics,78.07,2.36
1570,Fashion,15.01,3.89
1571,Education,440.94,3.27
1572,Gaming,17.81,1.87
1573,Movies,222.04,3.35
1574,Fashion,250.66,4.66
1575,Electronics,469.62,1.43
1576,Gaming,73.5,2.43
1577,Music,213.51,3.34
1578,Gaming,387.71,1.54
1579,Education,402.31,3.44
1580,Music,490.54,3.6
1581,Gaming,359.47,1.78
1582,Gaming,385.59,1.32
1583,Books,329.98,1.22
1584,Movies,62.04,1.43
1585,Movies,30.98,2.28
1586,Sports,497.2,2.39
1587,Gaming,381.58,1.53
1588,Books,229.97,1.74
1589,Fashion,100.09,1.4
1590,Music,218.86,1.3
1591,Electronics,455.36,2.79
1592,Movies,420.09,4.92
1593,Education,340.5,4.61
1594,Fashion,72.01,4.32
1595,Fashion,139.25,2.89
1596,Education,325.06,4.61
1597,Education,455.94,1.37
1598,Movies,185.45,4.17
1599,Fashion,353.06,1.11
1600,Sports,227.7,4.32
1601,Sports,370.15,2.65
1602,Sports,368.9,3.2
1603,Electronics,456.75,3.35
1604,Music,203.36,4.45
1605,Books,29.69,4.6
1606,Fashion,349.69,4.76
1607,Gaming,129.0,3.78
1608,Gaming,405.68,3.81
1609,Fashion,109.12,2.1
1610,Electronics,285.54,2.79
1611,Books,368.88,2.51
1612,Music,430.44,2.73
1613,Education,24.82,1.07
1614,Fashion,325.14,3.16
1615,Electronics,273.66,4.16
1616,Books,190.98,4.98
1617,Music,473.04,1.05
1618,Gaming,448.39,3.72
1619,Fashion,253.53,3.33
1620,Gaming,421.72,4.8
1621,Sports,282.37,1.73
1622,Electronics,321.68,1.3
1623,Books,319.39,4.23
1624,Sports,179.9,1.28
1625,Gaming,347.65,2.36
1626,Education,128.3,3.76
1627,Movies,484.95,3.98
1628,Fashion,248.22,3.4
1629,Gaming,75.43,4.25
1630,Books,304.13,4.86
1631,Education,489.84,2.42
1632,Gaming,494.33,4.83
1633,Movies,321.72,2.33
1634,Education,377.9,2.08
1635,Music,316.77,1.1
1636,Electronics,316.15,4.81
1637,Books,121.4,4.11
1638,Books,150.24,3.83
1639,Books,351.49,1.74
1640,Books,300.58,4.44
1641,Education,194.35,3.84
1642,Sports,338.84,2.03
1643,Electronics,459.73,3.25
1644,Education,180.87,1.66
1645,Movies,239.36,3.92
1646,Books,313.7,3.91
1647,Fashion,396.92,2.76
1648,Gaming,262.48,4.95
1649,Education,484.19,2.66
1650,Gaming,344.16,2.07
1651,Movies,80.59,4.07
1652,Fashion,220.91,1.71
1653,Books,380.63,4.66
1654,Music,466.97,3.39
1655,Books,242.42,1.57
1656,Fashion,397.43,4.78
1657,Gaming,445.28,4.01
1658,Electronics,7.26,2.63
1659,Gaming,208.3,4.58
1660,Education,37.5,3.12
1661,Books,72.39,3.65
1662,Books,397.17,3.57
1663,Sports,398.32,3.43
1664,Books,98.97,2.53
1665,Fashion,478.65,2.15
1666,Fashion,36.12,2.54
1667,Electronics,186.32,2.88
1668,Education,282.35,4.97
1669,Music,379.34,1.14
1670,Books,357.79,4.3
1671,Electronics,448.34,2.7
1672,Fashion,160.24,4.36
1673,Sports,389.92,3.14
1674,Fashion,63.35,3.61
1675,Books,37.51,1.4
1676,Movies,168.91,2.48
1677,Electronics,233.68,2.36
1678,Books,21.73,1.63
1679,Books,61.98,2.72
1680,Movies,110.0,2.17
1681,Music,238.43,1.94
1682,Fashion,126.73,4.33
1683,Gaming,276.3,4.43
1684,Electronics,259.69,4.64
1685,Sports,131.1,3.47
1686,Movies,254.1,4.67
1687,Electronics,212.15,4.42
1688,Movies,284.13,3.83
1689,Education,444.01,4.99
1690,Fashion,366.91,2.26
1691,Education,153.01,2.24
1692,Music,53.46,1.21
1693,Music,292.52,4.24
1694,Sports,22.89,3.27
1695,Books,189.02,4.57
1696,Electronics,76.97,3.25
1697,Sports,485.61,2.38
1698,Electronics,372.18,4.53
1699,Sports,97.17,4.97
1700,Fashion,405.65,1.55
1701,Movies,158.89,3.5
1702,Sports,443.03,1.78
1703,Fashion,366.95,2.08
1704,Sports,403.68,3.73
1705,Music,263.84,3.6
1706,Movies,438.84,2.55
1707,Fashion,385.78,1.64
1708,Gaming,352.09,4.0
1709,Books,224.28,4.17
1710,Movies,280.77,4.75
1711,Movies,60.67,1.52
1712,Gaming,422.0,4.37
1713,Fashion,238.26,4.86
1714,Gaming,341.3,4.93
1715,Education,268.54,1.81
1716,Books,224.97,4.92
1717,Movies,188.35,4.83
1718,Gaming,399.53,2.77
1719,Fashion,273.23,3.43
1720,Sports,334.55,1.31
1721,Books,467.13,3.39
1722,Movies,465.92,3.53
1723,Sports,218.35,3.27
1724,Music,415.6,2.3
1725,Fashion,478.45,2.86
1726,Gaming,478.34,4.52
1727,Fashion,384.99,2.87
1728,Music,295.54,4.35
1729,Gaming,274.31,3.95
1730,Gaming,396.38,3.05
1731,Electronics,270.44,1.79
1732,Sports,126.15,4.62
1733,Books,420.96,1.04
1734,Movies,435.35,1.1
1735,Books,231.85,1.27
1736,Books,484.57,4.89
1737,Gaming,307.38,2.57
1738,Books,258.44,4.05
1739,Music,115.48,2.77
1740,Books,369.95,2.58
1741,Music,20.84,3.03
1742,Music,370.02,4.91
1743,Movies,23.34,3.16
1744,Fashion,227.72,1.97
1745,Sports,320.69,1.65
1746,Movies,145.51,4.13
1747,Electronics,232.9,4.97
1748,Books,196.3,2.85
1749,Gaming,153.63,1.95
1750,Sports,461.53,4.0
1751,Gaming,170.03,3.8
1752,Books,483.06,1.3
1753,Books,135.93,1.8
1754,Fashion,435.54,1.72
1755,Movies,157.5,3.18
1756,Education,312.44,4.23
1757,Books,206.63,3.14
1758,Music,482.9,2.19
1759,Movies,127.81,3.84
1760,Movies,386.71,2.66
1761,Books,110.42,4.12
1762,Electronics,336.89,4.5
1763,Fashion,422.94,1.82
1764,Music,417.01,1.7
1765,Gaming,432.53,4.08
1766,Fashion,287.08,3.57
1767,Music,56.52,1.16
1768,Gaming,168.67,4.29
1769,Education,235.56,1.89
1770,Fashion,418.1,1.91
1771,Movies,408.67,2.81
1772,Electronics,234.43,2.09
1773,Fashion,450.59,1.36
1774,Fashion,76.48,3.54
1775,Fashion,425.81,1.38
1776,Gaming,368.21,3.97
1777,Movies,292.85,2.95
1778,Electronics,163.94,2.41
1779,Music,338.84,1.26
1780,Sports,294.54,2.11
1781,Gaming,235.97,3.24
1782,Education,443.4,3.32
1783,Fashion,117.44,1.32
1784,Education,315.36,3.18
1785,Music,337.54,2.84
1786,Education,413.44,4.68
1787,Movies,24.8,3.98
1788,Movies,22.4,2.78
1789,Gaming,233.49,3.78
1790,Sports,179.44,4.28
1791,Movies,174.72,2.37
1792,Books,115.27,3.74
1793,Movies,42.91,2.45
1794,Gaming,137.11,1.92
1795,Music,35.19,1.76
1796,Books,225.89,3.01
1797,Books,138.4,3.6
1798,Books,171.22,2.47
1799,Sports,392.4,3.21
1800,Books,476.82,2.44
1801,Fashion,414.78,3.95
1802,Electronics,445.64,4.83
1803,Books,8.8,1.35
1804,Movies,338.8,2.56
1805,Education,410.47,1.05
1806,Electronics,404.45,1.54
1807,Gaming,148.67,4.88
1808,Fashion,30.54,2.4
1809,Education,46.84,4.41
1810,Education,352.99,4.2
1811,Books,266.0,2.43
1812,Gaming,6.13,2.11
1813,Electronics,259.7,3.66
1814,Sports,118.32,1.56
1815,Electronics,104.8,2.42
1816,Gaming,78.45,1.63
1817,Music,26.66,4.43
1818,Sports,113.78,4.29
1819,Electronics,221.96,3.53
1820,Education,42.47,3.33
1821,Fashion,148.55,1.38
1822,Sports,454.58,3.41
1823,Fashion,124.65,2.68
1824,Books,181.67,3.8
1825,Music,305.68,1.08
1826,Fashion,102.92,2.91
1827,Music,225.52,3.07
1828,Electronics,358.83,3.73
1829,Gaming,189.54,4.51
1830,Education,36.15,3.34
1831,Gaming,475.09,3.2
1832,Fashion,230.28,1.54
1833,Music,406.04,2.5
1834,Books,352.12,1.79
1835,Music,25.72,2.22
1836,Sports,144.3,4.49
1837,Books,433.01,3.14
1838,Movies,14.4,1.91
1839,Movies,321.31,1.41
1840,Education,351.81,1.05
1841,Movies,342.86,4.38
1842,Movies,237.26,4.32
1843,Sports,391.86,3.69
1844,Electronics,225.35,2.09
1845,Gaming,431.13,3.59
1846,Sports,400.02,3.21
1847,Movies,90.07,4.92
1848,Electronics,95.46,4.64
1849,Education,108.03,2.49
1850,Education,222.84,4.69
1851,Electronics,444.66,4.29
1852,Music,191.45,1.02
1853,Electronics,342.38,2.64
1854,Education,379.74,4.18
1855,Music,222.66,3.99
1856,Movies,420.77,4.71
1857,Music,293.32,4.11
1858,Books,249.81,1.17
1859,Electronics,81.83,1.51
1860,Music,90.02,1.04
1861,Fashion,430.06,3.24
1862,Gaming,194.66,2.64
1863,Music,234.36,1.3
1864,Electronics,140.96,4.41
1865,Books,373.12,3.25
1866,Gaming,242.95,2.04
1867,Education,238.27,3.39
1868,Sports,357.76,1.67
1869,Books,407.49,2.38
1870,Fashion,254.11,3.43
1871,Gaming,246.61,3.29
1872,Books,60.2,2.73
1873,Education,143.83,1.34
1874,Electronics,99.87,3.41
1875,Fashion,102.36,1.72
1876,Movies,278.65,4.62
1877,Sports,395.4,4.62
1878,Education,293.58,2.64
1879,Gaming,366.17,2.05
1880,Music,43.64,2.38
1881,Movies,153.12,3.7
1882,Music,277.92,1.55
1883,Gaming,454.71,3.37
1884,Fashion,231.55,4.75
1885,Movies,53.16,4.16
1886,Books,185.51,3.78
1887,Education,465.71,3.07
1888,Education,16.21,1.12
1889,Fashion,168.63,4.13
1890,Fashion,147.69,2.34
1891,Music,393.31,1.46
1892,Gaming,424.17,2.06
1893,Electronics,30.36,1.47
1894,Music,476.51,2.81
1895,Sports,131.94,3.09
1896,Books,342.76,2.28
1897,Sports,364.01,2.01
1898,Movies,60.61,3.2
1899,Electronics,79.8,4.76
1900,Fashion,5.22,4.02
1901,Gaming,143.34,4.38
1902,Gaming,34.77,4.81
1903,Music,55.19,4.15
1904,Electronics,261.08,2.72
1905,Fashion,143.68,4.37
1906,Sports,103.88,3.88
1907,Education,225.67,4.99
1908,Movies,307.64,1.42
1909,Books,212.66,1.27
1910,Gaming,146.4,2.37
1911,Education,427.32,4.35
1912,Education,10.72,3.13
1913,Fashion,115.65,2.28
1914,Music,15.72,4.0
1915,Gaming,475.54,1.88
1916,Gaming,174.18,1.83
1917,Fashion,465.37,1.04
1918,Books,294.01,4.48
1919,Books,97.22,3.36
1920,Electronics,30.07,4.26
1921,Fashion,140.84,4.96
1922,Fashion,461.39,3.93
1923,Music,250.94,4.07
1924,Electronics,69.65,2.24
1925,Sports,18.31,3.58
1926,Electronics,403.74,4.79
1927,Music,344.82,3.93
1928,Gaming,448.25,4.75
1929,Electronics,248.19,1.44
1930,Gaming,235.88,3.22
1931,Education,317.61,4.96
1932,Movies,459.19,2.59
1933,Movies,61.16,1.86
1934,Education,91.03,2.42
1935,Books,438.86,2.75
1936,Gaming,285.8,1.72
1937,Sports,248.96,4.49
1938,Fashion,387.86,1.32
1939,Fashion,431.73,2.1
1940,Sports,334.53,1.59
1941,Movies,338.95,1.14
1942,Books,302.32,3.58
1943,Movies,126.03,4.75
1944,Sports,27.76,4.57
1945,Gaming,194.04,3.86
1946,Sports,327.52,1.67
1947,Education,162.9,3.12
1948,Books,424.02,4.82
1949,Fashion,15.19,2.41
1950,Sports,335.73,3.11
1951,Fashion,471.8,1.07
1952,Sports,221.68,3.68
1953,Books,112.7,3.9
1954,Fashion,45.21,2.8
1955,Gaming,339.74,2.07
1956,Electronics,41.55,4.83
1957,Movies,457.34,4.71
1958,Sports,489.36,1.74
1959,Fashion,83.1,1.14
1960,Gaming,446.45,4.01
1961,Electronics,318.46,4.71
1962,Sports,289.66,1.52
1963,Books,92.55,1.53
1964,Electronics,157.29,2.52
1965,Gaming,399.44,1.77
1966,Gaming,364.06,2.96
1967,Movies,499.83,4.11
1968,Sports,484.63,2.37
1969,Sports,65.91,3.02
1970,Music,66.5,2.97
1971,Gaming,138.62,2.96
1972,Education,475.07,2.16
1973,Electronics,496.75,1.92
1974,Gaming,108.01,3.18
1975,Electronics,421.81,4.0
1976,Movies,363.15,2.13
1977,Books,16.15,1.65
1978,Movies,177.99,4.89
1979,Music,460.29,1.8
1980,Movies,364.18,3.32
1981,Music,29.67,2.49
1982,Gaming,245.61,3.67
1983,Sports,150.98,4.74
1984,Music,228.68,1.99
1985,Electronics,161.63,4.01
1986,Fashion,321.94,3.97
1987,Electronics,149.71,2.31
1988,Electronics,201.38,1.75
1989,Electronics,347.07,2.32
1990,Music,166.49,2.08
1991,Sports,229.15,4.09
1992,Movies,418.63,4.22
1993,Education,312.49,2.12
1994,Movies,368.75,1.16
1995,Books,400.09,4.12
1996,Gaming,336.65,1.39
1997,Fashion,498.68,4.03
1998,Movies,368.73,1.26
1999,Education,202.36,1.34
2000,Music,183.71,3.28
2001,Music,440.04,2.13
2002,Movies,313.59,1.66
2003,Books,180.21,4.79
2004,Books,375.08,3.18
2005,Electronics,129.59,2.52
2006,Fashion,82.56,2.41
2007,Music,79.56,4.18
2008,Music,44.98,1.76
2009,Music,347.13,4.61
2010,Music,482.47,4.34
2011,Sports,109.68,2.14
2012,Movies,436.02,4.56
2013,Sports,322.12,2.25
2014,Gaming,115.91,4.41
2015,Books,106.6,3.65
2016,Books,484.14,3.82
2017,Fashion,132.55,2.13
2018,Books,50.98,3.74
2019,Electronics,261.63,1.83
2020,Sports,117.7,1.04
2021,Sports,489.32,4.31
2022,Education,200.11,4.78
2023,Books,340.17,4.01
2024,Books,341.58,4.03
2025,Music,89.61,3.25
2026,Movies,425.44,1.08
2027,Education,66.1,1.98
2028,Sports,150.89,1.73
2029,Fashion,314.04,2.18
2030,Electronics,83.26,4.62
2031,Fashion,349.04,1.98
2032,Sports,183.67,3.96
2033,Gaming,396.5,1.71
2034,Movies,468.61,4.14
2035,Music,429.12,1.58
2036,Music,75.97,2.22
2037,Education,37.0,1.36
2038,Books,75.89,3.85
2039,Gaming,19.96,1.33
2040,Books,472.37,1.33
2041,Education,271.04,3.57
2042,Gaming,479.5,4.6
2043,Electronics,223.14,4.77
2044,Fashion,218.97,3.68
2045,Movies,133.51,3.55
2046,Fashion,271.4,3.43
2047,Movies,342.91,1.69
2048,Electronics,154.13,3.94
2049,Electronics,86.09,2.38
2050,Sports,334.91,4.75
2051,Gaming,42.27,3.07
2052,Education,45.54,2.52
2053,Books,91.82,3.6
2054,Fashion,380.13,1.99
2055,Education,357.88,2.79
2056,Gaming,145.37,3.09
2057,Gaming,192.93,1.92
2058,Gaming,379.64,4.19
2059,Movies,401.15,2.53
2060,Sports,88.92,4.36
2061,Fashion,167.99,3.99
2062,Electronics,409.64,4.07
2063,Fashion,197.95,4.75
2064,Sports,331.78,3.3
2065,Electronics,350.47,1.18
2066,Education,198.3,4.52
2067,Movies,84.73,2.66
2068,Movies,205.6,2.42
2069,Sports,283.36,4.98
2070,Movies,131.65,3.82
2071,Movies,380.21,3.34
2072,Books,53.25,3.29
2073,Fashion,476.96,2.37
2074,Sports,321.65,4.84
2075,Electronics,400.01,3.75
2076,Sports,485.72,1.68
2077,Movies,387.51,2.63
2078,Electronics,183.41,3.08
2079,Fashion,21.71,2.25
2080,Movies,87.28,1.55
2081,Fashion,171.98,4.21
2082,Movies,104.55,3.13
2083,Electronics,375.58,1.96
2084,Sports,462.48,4.47
2085,Sports,129.33,4.96
2086,Books,336.24,2.14
2087,Electronics,342.11,3.66
2088,Music,305.07,3.85
2089,Music,137.82,4.92
2090,Music,429.66,3.98
2091,Books,18.02,3.36
2092,Movies,354.71,4.42
2093,Fashion,473.35,4.66
2094,Gaming,205.99,4.59
2095,Movies,5.37,2.41
2096,Music,61.37,4.53
2097,Electronics,464.35,2.02
2098,Electronics,186.82,4.94
2099,Music,285.2,2.99
2100,Sports,252.72,3.78
2101,Movies,477.5,2.47
2102,Fashion,90.47,1.74
2103,Movies,15.08,3.22
2104,Electronics,464.91,3.85
2105,Books,496.52,4.64
2106,Gaming,248.47,2.95
2107,Movies,316.04,1.44
2108,Sports,305.8,2.86
2109,Education,323.16,3.26
2110,Sports,158.65,3.43
2111,Music,186.18,1.78
2112,Movies,339.16,2.23
2113,Sports,445.07,1.8
2114,Gaming,302.07,3.29
2115,Fashion,102.88,2.76
2116,Education,339.39,2.27
2117,Sports,61.35,3.46
2118,Gaming,115.94,3.73
2119,Music,420.54,1.49
2120,Fashion,221.62,2.78
2121,Education,318.11,2.34
2122,Books,212.19,1.05
2123,Education,65.6,3.28
2124,Fashion,111.87,1.58
2125,Education,165.58,1.65
2126,Fashion,34.51,2.14
2127,Fashion,86.36,4.2
2128,Sports,36.02,3.99
2129,Education,194.48,3.7
2130,Fashion,31.08,4.68
2131,Movies,384.85,1.56
2132,Electronics,113.3,3.58
2133,Movies,461.17,2.78
2134,Fashion,245.39,1.95
2135,Fashion,194.59,2.14
2136,Gaming,178.53,1.08
2137,Sports,25.33,3.72
2138,Books,342.49,2.32
2139,Fashion,443.3,2.06
2140,Books,200.91,3.93
2141,Gaming,373.07,4.44
2142,Sports,19.38,1.74
2143,Education,322.08,2.35
2144,Gaming,26.56,3.35
2145,Books,199.57,2.46
2146,Fashion,135.86,1.02
2147,Electronics,95.27,2.9
2148,Books,141.49,4.5
2149,Gaming,75.78,4.5
2150,Gaming,205.39,2.1
2151,Electronics,155.62,2.32
2152,Books,255.75,2.42
2153,Electronics,325.37,2.7
2154,Electronics,337.46,3.42
2155,Fashion,126.0,4.25
2156,Sports,400.5,4.96
2157,Books,91.65,4.39
2158,Movies,436.63,3.57
2159,Fashion,255.66,4.83
2160,Electronics,486.48,3.57
2161,Electronics,182.98,4.27
2162,Books,49.18,2.16
2163,Music,492.85,4.26
2164,Books,470.09,3.38
2165,Sports,206.8,4.92
2166,Fashion,158.17,4.03
2167,Education,281.31,1.91
2168,Education,13.65,2.54
2169,Fashion,276.1,1.73
2170,Movies,210.2,3.46
2171,Music,358.89,1.21
2172,Education,333.77,1.23
2173,Fashion,18.95,1.61
2174,Sports,328.55,1.21
2175,Electronics,15.34,1.47
2176,Movies,475.11,4.63
2177,Books,47.8,2.22
2178,Electronics,473.91,1.39
2179,Electronics,51.83,1.34
2180,Books,488.36,3.97
2181,Movies,111.17,1.18
2182,Books,482.79,2.7
2183,Gaming,301.2,2.12
2184,Fashion,380.39,1.79
2185,Electronics,394.52,1.92
2186,Sports,53.47,2.92
2187,Electronics,407.54,2.54
2188,Sports,19.29,3.21
2189,Gaming,341.83,3.96
2190,Gaming,203.95,1.39
2191,Fashion,294.24,2.32
2192,Music,473.71,3.01
2193,Movies,238.77,2.24
2194,Sports,172.7,3.05
2195,Gaming,156.8,4.57
2196,Books,222.31,2.17
2197,Education,81.92,3.69
2198,Fashion,17.76,2.8
2199,Books,277.31,2.36
2200,Sports,376.16,3.7
2201,Books,485.84,3.04
2202,Movies,271.22,1.98
2203,Music,195.81,1.11
2204,Books,346.19,2.25
2205,Music,272.48,2.02
2206,Books,312.41,2.79
2207,Music,243.52,4.77
2208,Books,354.55,2.05
2209,Electronics,254.44,2.87
2210,Fashion,398.55,4.33
2211,Fashion,145.3,4.28
2212,Gaming,93.85,4.05
2213,Music,128.15,2.19
2214,Fashion,426.97,2.68
2215,Gaming,495.33,1.61
2216,Fashion,234.36,3.93
2217,Movies,7.66,1.61
2218,Movies,15.08,4.97
2219,Music,381.51,2.49
2220,Books,82.36,1.36
2221,Movies,268.29,4.9
2222,Education,338.93,2.46
2223,Music,252.92,5.0
2224,Movies,261.79,4.86
2225,Books,13.1,3.88
2226,Electronics,315.44,3.74
2227,Fashion,287.43,1.18
2228,Fashion,79.03,4.69
2229,Music,120.3,4.97
2230,Fashion,341.4,2.78
2231,Gaming,460.42,4.18
2232,Education,217.34,1.27
2233,Education,434.81,4.06
2234,Books,396.41,3.98
2235,Books,141.5,4.44
2236,Gaming,6.11,1.95
2237,Movies,28.05,1.44
2238,Fashion,268.53,1.15
2239,Books,94.78,1.93
2240,Music,329.39,2.88
2241,Fashion,231.91,4.07
2242,Fashion,231.08,2.39
2243,Gaming,481.41,1.03
2244,Music,156.17,3.44
2245,Music,392.49,4.27
2246,Education,27.81,3.84
2247,Gaming,361.53,1.86
2248,Education,60.82,4.0
2249,Gaming,128.5,1.01
2250,Music,115.67,1.12
2251,Fashion,128.35,2.34
2252,Sports,139.34,4.68
2253,Gaming,120.1,2.87
2254,Gaming,478.93,4.52
2255,Education,158.08,2.31
2256,Education,298.7,4.67
2257,Sports,9.95,2.57
2258,Gaming,425.64,2.64
2259,Books,361.43,3.77
2260,Gaming,106.7,2.8
2261,Sports,285.26,3.86
2262,Books,412.08,4.04
2263,Sports,19.01,3.68
2264,Music,251.17,3.3
2265,Electronics,189.62,3.86
2266,Sports,338.57,3.32
2267,Electronics,431.49,1.41
2268,Music,154.01,2.98
2269,Education,479.51,1.29
2270,Fashion,171.85,4.7
2271,Books,449.48,4.46
2272,Electronics,157.65,4.39
2273,Music,255.14,3.48
2274,Music,123.22,3.83
2275,Fashion,167.21,2.38
2276,Movies,320.22,1.96
2277,Education,116.1,2.48
2278,Fashion,390.14,1.9
2279,Gaming,394.72,3.78
2280,Sports,341.14,2.9
2281,Sports,374.21,1.05
2282,Sports,156.28,3.72
2283,Electronics,493.71,1.01
2284,Fashion,257.44,4.7
2285,Books,432.45,1.09
2286,Fashion,267.13,1.02
2287,Gaming,395.84,2.24
2288,Electronics,383.97,4.78
2289,Gaming,488.16,4.58
2290,Music,106.05,1.78
2291,Electronics,314.76,3.18
2292,Books,9.72,2.57
2293,Books,453.81,4.59
2294,Education,105.93,2.53
2295,Fashion,282.38,4.41
2296,Electronics,268.34,4.87
2297,Fashion,400.53,4.81
2298,Music,367.09,4.51
2299,Fashion,416.35,2.02
2300,Books,118.62,4.46
2301,Sports,46.92,2.63
2302,Books,411.23,4.25
2303,Electronics,73.7,2.95
2304,Gaming,242.52,2.29
2305,Fashion,459.0,3.61
2306,Fashion,490.19,1.27
2307,Education,200.2,4.34
2308,Fashion,214.23,2.05
2309,Movies,498.91,4.49
2310,Education,275.5,3.25
2311,Gaming,8.4,4.92
2312,Music,404.12,1.15
2313,Education,92.28,4.28
2314,Electronics,48.0,4.77
2315,Movies,499.95,4.55
2316,Books,370.76,2.95
2317,Fashion,45.8,3.92
2318,Electronics,201.45,3.28
2319,Electronics,150.23,1.97
2320,Fashion,165.53,4.26
2321,Fashion,216.11,2.25
2322,Electronics,219.32,1.13
2323,Gaming,445.85,3.21
2324,Gaming,56.89,2.15
2325,Education,491.86,3.37
2326,Movies,149.25,2.71
2327,Movies,132.95,1.13
2328,Sports,421.8,2.17
2329,Gaming,420.01,2.91
2330,Fashion,95.53,4.21
2331,Movies,191.67,3.83
2332,Books,419.43,4.85
2333,Gaming,47.48,1.03
2334,Fashion,276.47,2.06
2335,Sports,237.21,1.29
2336,Gaming,253.29,1.5
2337,Electronics,420.1,4.04
2338,Sports,41.67,4.35
2339,Gaming,165.85,2.41
2340,Fashion,94.0,4.34
2341,Books,205.33,1.2
2342,Education,483.29,2.02
2343,Education,468.41,2.2
2344,Music,416.56,3.66
2345,Gaming,431.34,4.9
2346,Gaming,436.38,2.61
2347,Fashion,408.18,3.85
2348,Electronics,35.49,4.72
2349,Music,235.65,1.54
2350,Gaming,215.56,3.41
2351,Sports,288.61,3.3
2352,Movies,131.64,3.53
2353,Books,454.17,2.55
2354,Books,317.14,1.98
2355,Books,28.9,3.34
2356,Music,28.54,3.89
2357,Music,336.82,2.48
2358,Electronics,208.59,4.67
2359,Sports,11.5,3.25
2360,Movies,462.06,4.66
2361,Fashion,294.4,2.52
2362,Books,53.96,1.7
2363,Books,341.44,1.07
2364,Sports,442.33,3.35
2365,Electronics,27.35,1.96
2366,Movies,299.13,1.14
2367,Sports,391.09,4.68
2368,Sports,480.8,3.93
2369,Electronics,429.13,3.44
2370,Sports,231.98,3.85
2371,Movies,115.97,1.44
2372,Books,382.12,4.83
2373,Electronics,290.85,2.93
2374,Education,269.53,2.91
2375,Electronics,223.89,4.79
2376,Electronics,242.48,1.32
2377,Music,383.93,2.57
2378,Books,356.79,3.32
2379,Movies,358.02,1.25
2380,Electronics,21.77,2.51
2381,Music,348.12,1.89
2382,Movies,219.53,4.92
2383,Gaming,111.36,4.39
2384,Sports,413.6,4.57
2385,Music,458.0,3.03
2386,Gaming,342.56,3.48
2387,Music,157.93,2.12
2388,Fashion,174.08,1.87
2389,Books,379.9,4.86
2390,Music,434.55,1.87
2391,Gaming,30.7,4.03
2392,Books,198.16,4.3
2393,Fashion,390.72,3.5
2394,Electronics,131.39,1.42
2395,Gaming,130.06,3.04
2396,Education,489.83,1.25
2397,Electronics,104.04,3.51
2398,Movies,155.66,4.43
2399,Fashion,74.01,4.85
2400,Fashion,456.63,4.55
2401,Education,90.67,2.32
2402,Books,403.03,4.23
2403,Books,354.06,2.79
2404,Sports,159.24,4.85
2405,Sports,73.93,1.18
2406,Fashion,9.52,4.1
2407,Fashion,33.07,3.15
2408,Music,186.81,1.59
2409,Education,371.59,1.22
2410,Fashion,162.6,3.25
2411,Music,204.2,2.04
2412,Movies,463.37,4.72
2413,Music,210.97,2.57
2414,Gaming,157.16,4.42
2415,Electronics,286.12,1.36
2416,Gaming,427.39,3.14
2417,Sports,210.72,2.35
2418,Sports,54.22,4.83
2419,Books,371.92,1.53
2420,Fashion,258.08,3.22
2421,Education,88.1,2.71
2422,Books,324.64,2.14
2423,Electronics,169.15,1.49
2424,Fashion,209.55,3.34
2425,Movies,62.68,3.46
2426,Books,201.91,3.71
2427,Education,160.84,3.27
2428,Books,308.34,3.76
2429,Education,379.68,1.55
2430,Music,482.8,4.37
2431,Fashion,283.35,4.56
2432,Movies,194.3,1.14
2433,Fashion,364.88,4.77
2434,Books,85.12,3.58
2435,Movies,407.65,4.62
2436,Music,141.88,1.51
2437,Music,127.69,3.31
2438,Books,459.77,3.33
2439,Books,460.21,4.08
2440,Fashion,301.2,1.09
2441,Education,169.87,1.23
2442,Movies,164.51,1.25
2443,Education,88.07,2.64
2444,Movies,259.87,1.87
2445,Education,367.63,3.36
2446,Fashion,347.42,3.93
2447,Books,364.83,4.74
2448,Education,122.42,2.08
2449,Electronics,51.63,3.37
2450,Music,200.62,2.98
2451,Movies,89.06,3.6
2452,Gaming,311.41,2.06
2453,Gaming,235.38,4.58
2454,Fashion,387.88,1.91
2455,Education,440.03,1.27
2456,Music,209.89,1.32
2457,Music,462.49,1.16
2458,Music,79.86,4.66
2459,Books,293.17,4.18
2460,Gaming,13.12,2.68
2461,Education,492.31,3.32
2462,Movies,425.59,4.85
2463,Electronics,344.1,2.31
2464,Electronics,157.76,1.29
2465,Sports,216.75,4.66
2466,Electronics,241.64,4.64
2467,Fashion,409.49,4.94
2468,Books,474.11,3.83
2469,Movies,436.25,3.99
2470,Gaming,353.18,3.86
2471,Fashion,361.92,2.52
2472,Gaming,214.66,2.18
2473,Books,78.39,2.83
2474,Sports,450.47,3.61
2475,Gaming,32.81,4.24
2476,Education,468.02,4.32
2477,Books,365.13,1.6
2478,Music,177.75,3.26
2479,Education,43.05,1.43
2480,Education,467.46,3.81
2481,Education,141.17,2.31
2482,Books,195.29,1.3
2483,Books,370.89,1.71
2484,Fashion,403.53,4.38
2485,Books,321.02,4.08
2486,Gaming,90.06,3.3
2487,Gaming,340.02,3.65
2488,Sports,63.06,2.38
2489,Gaming,165.89,3.29
2490,Music,383.79,3.28
2491,Books,378.64,1.4
2492,Music,439.68,3.15
2493,Music,23.56,3.57
2494,Education,261.09,1.88
2495,Sports,383.39,4.73
2496,Education,164.73,2.98
2497,Books,68.45,4.72
2498,Movies,162.8,1.78
2499,Education,241.82,1.17
2500,Electronics,130.15,1.27
2501,Fashion,68.05,1.45
2502,Education,436.85,4.72
2503,Fashion,239.89,3.52
2504,Sports,349.47,2.57
2505,Music,188.25,3.7
2506,Electronics,191.47,3.32
2507,Gaming,260.02,3.1
2508,Electronics,415.53,3.82
2509,Music,480.54,4.16
2510,Gaming,77.17,3.95
2511,Education,334.5,3.58
2512,Sports,242.97,1.25
2513,Electronics,475.98,4.41
2514,Sports,245.97,1.63
2515,Electronics,413.11,2.72
2516,Gaming,198.11,3.66
2517,Movies,380.54,1.25
2518,Movies,384.94,3.94
2519,Fashion,296.66,2.35
2520,Books,86.58,1.41
2521,Fashion,5.59,1.83
2522,Books,208.61,1.97
2523,Movies,157.94,2.56
2524,Gaming,157.59,3.9
2525,Books,248.4,1.08
2526,Movies,117.2,3.84
2527,Education,153.96,4.68
2528,Gaming,357.77,2.16
2529,Sports,260.62,3.67
2530,Movies,100.72,1.98
2531,Fashion,256.03,4.7
2532,Electronics,175.29,2.61
2533,Books,99.36,3.37
2534,Gaming,371.37,2.76
2535,Music,376.37,2.21
2536,Movies,354.96,2.03
2537,Fashion,391.42,4.32
2538,Sports,399.87,1.86
2539,Music,348.65,3.15
2540,Gaming,493.09,2.45
2541,Education,386.77,2.48
2542,Education,201.44,1.44
2543,Fashion,123.63,1.66
2544,Gaming,83.8,1.04
2545,Music,397.92,2.87
2546,Gaming,403.06,3.45
2547,Electronics,416.51,3.02
2548,Sports,51.55,3.47
2549,Books,340.49,3.51
2550,Fashion,401.66,3.93
2551,Music,219.15,4.28
2552,Music,347.43,1.48
2553,Electronics,272.24,3.91
2554,Fashion,278.88,4.8
2555,Education,55.24,3.89
2556,Fashion,413.1,3.81
2557,Education,195.86,2.54
2558,Music,295.35,2.59
2559,Books,442.18,1.44
2560,Gaming,321.38,1.54
2561,Movies,272.38,3.86
2562,Electronics,86.93,3.82
2563,Education,74.29,3.48
2564,Fashion,255.25,2.19
2565,Education,60.22,3.94
2566,Books,193.99,1.35
2567,Electronics,387.53,1.93
2568,Sports,369.54,3.26
2569,Sports,101.29,1.31
2570,Gaming,298.66,1.1
2571,Fashion,37.4,3.81
2572,Gaming,271.74,2.31
2573,Sports,271.92,3.37
2574,Music,284.82,3.57
2575,Sports,470.44,2.56
2576,Sports,154.07,1.15
2577,Electronics,77.8,1.42
2578,Music,171.04,3.44
2579,Music,27.94,3.91
2580,Electronics,201.73,4.85
2581,Movies,286.35,4.09
2582,Movies,431.28,4.56
2583,Books,261.64,2.59
2584,Education,282.45,2.61
2585,Education,124.15,2.3
2586,Gaming,120.22,2.08
2587,Gaming,51.34,2.71
2588,Music,121.47,2.79
2589,Music,397.14,2.79
2590,Gaming,477.53,1.59
2591,Music,425.88,1.99
2592,Books,467.3,1.91
2593,Fashion,374.75,1.25
2594,Education,316.76,1.87
2595,Gaming,336.74,3.54
2596,Music,462.23,3.51
2597,Fashion,207.08,1.77
2598,Fashion,330.44,1.47
2599,Gaming,415.12,1.99
2600,Gaming,264.46,3.38
2601,Movies,184.43,3.66
2602,Gaming,128.86,1.14
2603,Movies,479.84,2.28
2604,Books,358.16,3.03
2605,Books,336.15,1.44
2606,Books,261.83,2.57
2607,Books,228.67,4.86
2608,Electronics,72.46,4.02
2609,Gaming,168.52,2.16
2610,Books,139.03,2.4
2611,Education,181.77,2.08
2612,Books,335.41,1.19
2613,Education,169.49,2.12
2614,Electronics,376.95,1.59
2615,Movies,470.64,1.68
2616,Gaming,188.16,1.8
2617,Sports,146.92,4.04
2618,Sports,240.82,1.65
2619,Education,28.08,1.92
2620,Gaming,473.07,4.38
2621,Books,222.89,2.93
2622,Sports,450.19,3.37
2623,Education,440.98,2.97
2624,Books,104.05,3.9
2625,Music,265.56,3.67
2626,Education,82.83,3.59
2627,Gaming,194.22,2.33
2628,Gaming,337.38,3.37
2629,Electronics,326.31,4.86
2630,Music,352.09,3.56
2631,Sports,308.71,2.59
2632,Movies,420.4,2.52
2633,Movies,351.62,2.17
2634,Movies,78.14,1.52
2635,Movies,319.11,2.31
2636,Gaming,141.15,3.37
2637,Sports,17.71,1.98
2638,Electronics,173.57,3.83
2639,Gaming,274.78,4.42
2640,Electronics,170.58,2.19
2641,Electronics,21.43,4.81
2642,Electronics,253.24,3.01
2643,Fashion,462.1,2.16
2644,Music,169.39,3.63
2645,Music,393.66,3.8
2646,Music,395.42,3.3
2647,Fashion,432.1,3.2
2648,Gaming,118.52,3.17
2649,Sports,357.91,3.61
2650,Gaming,125.29,1.16
2651,Sports,129.98,4.94
2652,Gaming,96.31,2.86
2653,Electronics,320.98,4.52
2654,Gaming,381.33,4.64
2655,Fashion,304.17,4.46
2656,Gaming,135.6,2.72
2657,Fashion,422.67,2.3
2658,Gaming,436.25,2.45
2659,Music,184.88,2.24
2660,Fashion,275.74,1.52
2661,Gaming,23.12,4.59
2662,Sports,464.82,1.3
2663,Books,277.1,3.16
2664,Fashion,189.35,3.28
2665,Books,231.77,2.96
2666,Gaming,378.89,3.1
2667,Movies,165.21,3.33
2668,Fashion,322.17,3.65
2669,Music,311.06,3.66
2670,Sports,158.5,2.78
2671,Books,336.01,4.02
2672,Books,219.9,2.46
2673,Electronics,359.36,1.89
2674,Gaming,9.7,2.88
2675,Electronics,90.82,2.51
2676,Fashion,149.16,4.11
2677,Electronics,169.05,3.56
2678,Books,338.59,2.83
2679,Gaming,45.13,3.8
2680,Electronics,42.21,1.4
2681,Fashion,102.02,2.12
2682,Education,423.99,3.7
2683,Music,196.67,4.91
2684,Fashion,125.58,3.44
2685,Sports,424.37,4.21
2686,Sports,49.7,3.79
2687,Movies,132.64,2.42
2688,Sports,247.05,4.16
2689,Sports,87.27,1.43
2690,Gaming,80.95,1.87
2691,Movies,34.45,4.71
2692,Electronics,162.95,1.71
2693,Movies,320.73,4.15
2694,Books,377.85,3.87
2695,Fashion,30.01,4.13
2696,Electronics,253.43,3.6
2697,Books,478.43,4.24
2698,Books,413.56,1.73
2699,Education,240.83,4.8
2700,Books,293.43,1.41
2701,Books,367.25,1.17
2702,Fashion,372.44,4.52
2703,Movies,215.5,2.65
2704,Movies,155.58,4.51
2705,Fashion,276.15,3.32
2706,Books,332.55,2.2
2707,Books,219.23,3.97
2708,Education,492.82,1.14
2709,Music,26.11,2.71
2710,Sports,331.51,2.55
2711,Gaming,499.82,1.78
2712,Books,8.92,1.76
2713,Education,443.99,1.58
2714,Electronics,242.09,2.68
2715,Gaming,334.53,1.22
2716,Books,331.08,2.42
2717,Education,463.39,4.4
2718,Books,202.76,4.97
2719,Sports,30.71,4.15
2720,Gaming,219.75,2.73
2721,Gaming,89.22,3.06
2722,Music,46.94,3.47
2723,Education,124.59,3.9
2724,Fashion,305.64,3.99
2725,Fashion,376.12,1.79
2726,Movies,5.33,2.46
2727,Electronics,459.94,3.31
2728,Fashion,365.11,4.52
2729,Electronics,453.5,3.12
2730,Books,272.77,4.4
2731,Music,404.71,3.8
2732,Music,304.21,3.47
2733,Education,184.64,4.36
2734,Electronics,310.8,1.89
2735,Fashion,123.72,4.45
2736,Movies,314.73,2.59
2737,Books,97.61,3.44
2738,Sports,96.23,2.88
2739,Electronics,340.37,3.26
2740,Electronics,461.44,1.16
2741,Fashion,143.5,1.23
2742,Sports,101.33,1.5
2743,Music,367.67,2.48
2744,Books,462.9,1.09
2745,Sports,328.2,4.88
2746,Electronics,92.04,2.77
2747,Music,352.44,3.53
2748,Fashion,285.18,2.31
2749,Sports,365.46,3.61
2750,Books,85.59,4.86
2751,Fashion,280.06,3.1
2752,Movies,424.88,3.56
2753,Movies,41.87,3.03
2754,Education,391.4,3.8
2755,Sports,485.53,1.1
2756,Books,134.3,3.2
2757,Music,311.65,2.1
2758,Movies,414.27,1.66
2759,Education,5.42,4.81
2760,Education,198.82,4.83
2761,Gaming,142.58,1.25
2762,Gaming,387.4,4.34
2763,Sports,248.58,1.3
2764,Movies,328.8,1.73
2765,Fashion,425.44,2.1
2766,Sports,424.61,2.71
2767,Movies,300.26,4.16
2768,Gaming,25.02,4.28
2769,Books,73.63,2.43
2770,Movies,239.03,4.58
2771,Fashion,16.11,3.24
2772,Sports,323.05,2.27
2773,Education,148.79,2.96
2774,Gaming,97.61,2.87
2775,Education,383.69,4.38
2776,Gaming,195.65,3.47
2777,Movies,5.01,3.2
2778,Music,487.74,2.25
2779,Books,299.41,4.05
2780,Gaming,306.42,2.67
2781,Gaming,80.52,2.85
2782,Sports,150.92,3.78
2783,Music,223.75,4.4
2784,Music,100.69,2.67
2785,Books,280.96,1.5
2786,Education,296.02,2.16
2787,Fashion,118.62,1.57
2788,Electronics,178.19,4.72
2789,Movies,20.35,4.41
2790,Gaming,201.69,3.25
2791,Movies,258.84,4.7
2792,Music,386.21,4.94
2793,Gaming,398.24,2.18
2794,Electronics,481.63,4.93
2795,Books,65.93,4.6
2796,Fashion,333.78,4.69
2797,Music,458.29,4.57
2798,Gaming,443.21,1.47
2799,Fashion,76.04,1.47
2800,Music,50.06,2.41
2801,Sports,343.56,2.42
2802,Books,361.55,4.28
2803,Sports,334.78,2.86
2804,Music,151.28,1.5
2805,Music,249.36,3.88
2806,Fashion,276.38,3.89
2807,Music,170.93,1.27
2808,Books,386.69,1.88
2809,Electronics,310.06,4.22
2810,Music,73.86,3.39
2811,Electronics,346.24,3.99
2812,Music,78.09,4.3
2813,Sports,51.6,3.08
2814,Education,224.49,1.89
2815,Music,154.46,1.66
2816,Sports,215.73,1.14
2817,Books,445.01,1.65
2818,Gaming,443.58,4.45
2819,Movies,228.58,2.99
2820,Sports,154.45,4.99
2821,Sports,337.03,4.81
2822,Books,210.32,4.53
2823,Movies,226.88,4.47
2824,Books,69.81,3.55
2825,Gaming,340.96,3.62
2826,Gaming,226.28,3.74
2827,Music,123.53,3.38
2828,Music,279.35,2.27
2829,Sports,390.54,1.32
2830,Sports,89.86,2.88
2831,Electronics,446.41,3.3
2832,Education,421.82,3.07
2833,Education,393.8,2.3
2834,Electronics,408.5,2.61
2835,Movies,281.62,1.7
2836,Gaming,460.61,3.81
2837,Books,430.13,1.83
2838,Books,38.5,2.35
2839,Education,260.76,4.21
2840,Fashion,201.87,2.08
2841,Music,189.41,3.81
2842,Gaming,171.43,4.92
2843,Sports,91.61,4.01
2844,Electronics,296.64,1.93
2845,Movies,378.04,2.79
2846,Electronics,342.79,3.65
2847,Electronics,59.77,4.36
2848,Education,342.33,4.12
2849,Movies,226.64,1.78
2850,Fashion,166.48,4.61
2851,Gaming,469.32,2.93
2852,Electronics,152.9,3.92
2853,Electronics,384.17,4.26
2854,Music,20.39,1.04
2855,Electronics,181.79,1.61
2856,Books,403.47,3.13
2857,Education,413.55,1.71
2858,Books,315.48,3.32
2859,Gaming,173.49,3.07
2860,Movies,296.57,4.56
2861,Movies,32.54,4.29
2862,Music,490.18,3.93
2863,Music,369.99,1.87
2864,Gaming,263.92,3.82
2865,Books,303.13,2.54
2866,Music,470.36,3.06
2867,Education,485.09,3.26
2868,Electronics,397.72,3.97
2869,Gaming,332.11,1.06
2870,Movies,43.33,3.33
2871,Education,456.33,3.4
2872,Education,121.82,2.28
2873,Books,313.46,3.39
2874,Music,478.07,3.12
2875,Books,180.73,3.1
2876,Electronics,394.19,3.16
2877,Sports,166.4,2.35
2878,Electronics,379.62,1.27
2879,Electronics,141.0,1.61
2880,Fashion,472.61,1.36
2881,Books,380.3,3.52
2882,Music,318.24,4.05
2883,Gaming,203.24,2.6
2884,Sports,147.91,3.39
2885,Fashion,465.25,4.7
2886,Books,352.97,4.62
2887,Sports,481.94,4.18
2888,Music,206.88,2.93
2889,Electronics,465.97,3.68
2890,Electronics,411.24,1.46
2891,Movies,100.98,2.38
2892,Electronics,98.18,4.63
2893,Books,112.36,3.23
2894,Electronics,47.3,1.62
2895,Movies,127.47,4.93
2896,Books,399.55,3.69
2897,Movies,458.55,4.82
2898,Music,229.52,2.31
2899,Gaming,161.08,1.14
2900,Movies,143.42,2.42
2901,Fashion,23.26,4.53
2902,Fashion,424.69,2.01
2903,Education,402.27,4.18
2904,Books,170.83,3.79
2905,Fashion,148.48,1.28
2906,Music,254.87,2.75
2907,Fashion,73.39,2.96
2908,Gaming,474.94,3.93
2909,Education,370.74,4.03
2910,Books,373.59,1.08
2911,Sports,462.72,4.32
2912,Education,140.92,3.21
2913,Education,309.43,1.53
2914,Movies,130.71,1.09
2915,Music,432.66,1.1
2916,Education,162.75,1.31
2917,Sports,391.8,4.7
2918,Books,283.59,1.56
2919,Movies,281.29,4.08
2920,Movies,360.62,3.97
2921,Books,143.19,1.29
2922,Music,78.74,4.82
2923,Sports,308.69,3.91
2924,Sports,450.04,4.41
2925,Books,113.11,1.23
2926,Books,462.94,4.93
2927,Education,285.84,4.55
2928,Electronics,119.75,1.44
2929,Sports,252.41,4.24
2930,Electronics,329.05,3.55
2931,Sports,13.64,2.27
2932,Education,470.05,1.54
2933,Gaming,364.55,4.04
2934,Sports,367.75,4.96
2935,Education,207.56,3.73
2936,Books,100.86,2.6
2937,Music,248.32,1.86
2938,Sports,453.87,3.86
2939,Music,145.46,1.54
2940,Movies,147.49,3.49
2941,Education,414.07,3.01
2942,Fashion,55.73,2.0
2943,Books,175.85,3.54
2944,Fashion,127.09,1.94
2945,Sports,146.67,3.37
2946,Music,248.85,4.37
2947,Gaming,350.48,3.67
2948,Education,81.55,1.22
2949,Sports,257.45,1.29
2950,Gaming,185.19,1.1
2951,Sports,92.52,1.44
2952,Books,401.49,2.38
2953,Movies,44.03,2.06
2954,Gaming,342.99,3.98
2955,Fashion,64.33,4.11
2956,Movies,188.43,3.72
2957,Books,337.4,4.17
2958,Fashion,350.11,1.16
2959,Education,262.14,1.66
2960,Books,485.13,2.02
2961,Books,212.95,1.79
2962,Sports,71.62,3.4
2963,Electronics,249.12,2.5
2964,Education,47.28,3.94
2965,Fashion,7.9,2.83
2966,Movies,318.12,2.72
2967,Electronics,67.47,4.11
2968,Education,165.35,1.54
2969,Education,277.38,1.08
2970,Music,165.41,4.0
2971,Movies,456.79,3.37
2972,Books,112.72,1.88
2973,Books,303.92,2.63
2974,Music,92.75,4.15
2975,Gaming,104.12,2.29
2976,Sports,35.41,3.81
2977,Fashion,141.26,1.93
2978,Gaming,155.16,4.5
2979,Gaming,261.42,1.63
2980,Music,388.37,1.83
2981,Electronics,209.18,3.27
2982,Education,294.3,1.28
2983,Movies,419.22,2.92
2984,Music,494.68,3.87
2985,Books,496.32,2.81
2986,Electronics,74.69,3.91
2987,Gaming,389.99,4.41
2988,Gaming,154.22,3.04
2989,Sports,429.47,4.46
2990,Movies,17.71,3.68
2991,Sports,302.84,1.33
2992,Gaming,465.42,2.78
2993,Fashion,338.76,4.53
2994,Movies,69.41,4.42
2995,Education,363.53,4.36
2996,Gaming,249.94,1.13
2997,Books,336.91,2.5
2998,Electronics,204.2,2.77
2999,Sports,248.99,3.65
3000,Books,364.75,4.11
3001,Sports,337.45,4.21
3002,Books,65.46,4.35
3003,Electronics,196.7,3.12
3004,Electronics,219.72,2.9
3005,Movies,146.29,1.68
3006,Sports,56.92,2.81
3007,Books,67.0,1.98
3008,Books,71.14,1.44
3009,Movies,441.82,3.7
3010,Sports,462.26,3.58
3011,Gaming,422.76,3.22
3012,Gaming,234.0,3.11
3013,Gaming,163.51,3.63
3014,Books,449.1,4.13
3015,Sports,233.69,4.82
3016,Movies,492.78,2.97
3017,Education,433.0,1.02
3018,Sports,37.99,1.09
3019,Fashion,387.72,1.32
3020,Sports,13.44,1.59
3021,Music,156.62,2.86
3022,Movies,37.37,3.0
3023,Movies,127.79,2.1
3024,Electronics,411.84,4.95
3025,Books,234.61,2.29
3026,Fashion,466.07,3.0
3027,Education,366.53,2.65
3028,Movies,105.26,3.62
3029,Sports,334.1,2.84
3030,Fashion,138.63,4.33
3031,Music,141.28,3.64
3032,Books,195.07,2.89
3033,Fashion,109.64,3.6
3034,Fashion,116.78,2.94
3035,Music,167.59,4.85
3036,Education,491.2,4.01
3037,Fashion,492.04,1.45
3038,Electronics,496.2,1.41
3039,Education,210.65,1.96
3040,Gaming,477.15,3.54
3041,Music,300.58,4.99
3042,Electronics,308.15,3.58
3043,Fashion,27.16,4.44
3044,Movies,485.19,4.84
3045,Books,114.45,1.9
3046,Fashion,186.19,2.24
3047,Electronics,156.28,3.42
3048,Music,403.78,4.75
3049,Education,38.59,2.11
3050,Electronics,131.23,2.43
3051,Education,215.05,2.56
3052,Sports,476.31,2.75
3053,Education,278.04,3.99
3054,Books,363.92,3.33
3055,Electronics,431.11,3.5
3056,Electronics,438.01,2.21
3057,Movies,70.35,4.28
3058,Sports,194.35,3.6
3059,Fashion,369.97,2.31
3060,Fashion,255.06,4.58
3061,Books,440.5,4.0
3062,Books,382.56,4.59
3063,Movies,369.48,2.36
3064,Music,64.79,2.69
3065,Education,48.23,1.46
3066,Education,475.34,3.7
3067,Music,426.55,3.57
3068,Movies,212.18,1.1
3069,Education,478.14,1.28
3070,Movies,307.03,1.41
3071,Music,145.65,1.74
3072,Education,279.09,4.55
3073,Electronics,319.63,3.66
3074,Music,454.92,4.0
3075,Movies,433.65,2.67
3076,Music,433.35,3.58
3077,Education,72.13,1.15
3078,Books,125.8,2.51
3079,Movies,419.6,3.96
3080,Electronics,477.91,3.24
3081,Fashion,375.13,2.1
3082,Gaming,341.39,3.82
3083,Sports,424.97,3.15
3084,Fashion,326.26,1.81
3085,Music,369.7,4.35
3086,Education,298.9,1.46
3087,Electronics,159.86,2.9
3088,Sports,340.2,2.28
3089,Gaming,420.94,2.49
3090,Music,26.2,4.18
3091,Sports,323.89,4.21
3092,Books,177.7,1.07
3093,Sports,41.51,1.45
3094,Gaming,403.55,2.21
3095,Books,498.96,4.03
3096,Movies,302.57,4.93
3097,Education,161.57,1.66
3098,Fashion,369.95,2.11
3099,Movies,480.71,4.95
3100,Music,463.57,4.78
3101,Music,309.75,3.77
3102,Gaming,51.65,4.05
3103,Gaming,105.02,4.36
3104,Movies,480.96,1.85
3105,Movies,43.63,2.94
3106,Sports,396.82,4.08
3107,Electronics,349.93,4.28
3108,Music,91.62,3.61
3109,Books,304.81,1.61
3110,Gaming,210.14,4.41
3111,Education,486.04,3.66
3112,Music,461.36,1.53
3113,Movies,487.65,1.13
3114,Books,265.99,2.16
3115,Electronics,407.89,1.87
3116,Education,10.71,2.66
3117,Fashion,36.73,2.16
3118,Education,323.66,2.18
3119,Fashion,126.67,1.62
3120,Movies,71.91,3.1
3121,Fashion,342.35,2.81
3122,Movies,66.18,3.59
3123,Education,280.78,2.53
3124,Movies,168.37,1.73
3125,Books,77.42,2.36
3126,Movies,25.61,2.75
3127,Electronics,302.78,4.77
3128,Education,314.78,3.5
3129,Electronics,190.34,1.53
3130,Sports,226.23,3.39
3131,Movies,363.4,4.3
3132,Books,131.68,1.96
3133,Electronics,284.82,3.26
3134,Education,112.88,3.35
3135,Movies,176.21,3.56
3136,Electronics,149.07,3.37
3137,Gaming,385.31,4.92
3138,Music,455.98,3.01
3139,Electronics,246.73,2.75
3140,Electronics,18.74,1.66
3141,Movies,34.3,3.79
3142,Fashion,209.55,1.26
3143,Music,346.83,3.58
3144,Movies,361.38,3.4
3145,Fashion,84.96,1.25
3146,Books,409.48,1.86
3147,Movies,273.55,2.94
3148,Fashion,460.92,3.21
3149,Sports,292.11,2.28
3150,Gaming,479.55,3.45
3151,Books,7.47,3.22
3152,Movies,185.11,1.13
3153,Sports,218.62,4.09
3154,Electronics,254.38,3.56
3155,Education,321.67,3.68
3156,Music,196.86,2.48
3157,Sports,7.27,1.62
3158,Gaming,475.65,4.37
3159,Gaming,141.18,2.6
3160,Gaming,470.26,2.0
3161,Books,268.6,1.09
3162,Movies,311.77,4.72
3163,Movies,442.95,3.01
3164,Movies,326.57,3.28
3165,Fashion,38.15,1.63
3166,Gaming,482.09,2.02
3167,Music,195.3,3.04
3168,Fashion,489.67,3.76
3169,Sports,316.65,3.1
3170,Movies,351.83,3.66
3171,Fashion,451.91,3.17
3172,Gaming,213.64,4.23
3173,Sports,400.89,1.68
3174,Movies,122.21,4.83
3175,Movies,224.83,3.08
3176,Books,158.53,2.92
3177,Movies,372.96,2.93
3178,Education,160.82,1.38
3179,Fashion,464.49,4.49
3180,Gaming,396.73,3.78
3181,Gaming,260.18,4.59
3182,Books,396.89,4.26
3183,Fashion,158.23,2.69
3184,Education,354.87,2.48
3185,Music,249.52,3.59
3186,Music,221.69,4.17
3187,Education,62.56,3.87
3188,Music,76.88,4.75
3189,Gaming,160.45,4.18
3190,Education,263.1,1.36
3191,Gaming,293.38,4.65
3192,Gaming,82.83,2.29
3193,Education,222.38,2.1
3194,Electronics,472.17,2.51
3195,Electronics,330.74,1.9
3196,Gaming,113.75,1.7
3197,Books,220.23,3.13
3198,Fashion,10.32,4.33
3199,Movies,258.81,1.63
3200,Sports,38.31,1.25
3201,Music,132.53,3.0
3202,Fashion,430.82,4.61
3203,Movies,417.0,2.31
3204,Electronics,156.75,4.95
3205,Gaming,342.23,2.22
3206,Fashion,167.89,2.74
3207,Gaming,312.79,4.59
3208,Electronics,103.16,1.34
3209,Education,205.85,1.98
3210,Education,290.14,3.8
3211,Electronics,158.81,3.74
3212,Books,174.86,3.54
3213,Electronics,318.37,2.11
3214,Movies,319.68,2.52
3215,Books,171.55,2.16
3216,Music,176.09,4.15
3217,Books,126.36,3.73
3218,Movies,450.81,2.4
3219,Education,19.61,1.1
3220,Music,74.05,1.44
3221,Electronics,375.3,2.18
3222,Books,327.99,1.17
3223,Electronics,151.39,1.94
3224,Sports,142.06,1.76
3225,Fashion,310.87,3.65
3226,Education,78.49,3.96
3227,Fashion,128.77,2.13
3228,Sports,415.26,4.6
3229,Fashion,413.25,1.59
3230,Movies,499.64,3.69
3231,Movies,257.78,4.82
3232,Electronics,409.6,3.77
3233,Education,420.01,2.54
3234,Sports,343.8,1.76
3235,Books,494.06,3.36
3236,Books,408.05,2.63
3237,Electronics,380.5,2.55
3238,Fashion,297.05,4.11
3239,Books,62.65,2.43
3240,Books,274.74,2.34
3241,Sports,158.04,2.13
3242,Sports,117.76,4.4
3243,Books,462.23,3.8
3244,Education,19.85,4.14
3245,Electronics,268.31,4.03
3246,Education,221.48,1.17
3247,Gaming,342.46,2.78
3248,Electronics,437.65,3.95
3249,Books,182.98,3.9
3250,Movies,250.13,1.8
3251,Gaming,212.84,1.89
3252,Education,7.46,1.99
3253,Fashion,108.71,1.02
3254,Sports,393.04,1.31
3255,Movies,227.28,2.67
3256,Education,94.8,4.87
3257,Books,303.85,4.25
3258,Gaming,250.59,3.89
3259,Fashion,485.04,2.39
3260,Electronics,254.61,3.06
3261,Fashion,496.04,1.93
3262,Fashion,339.28,1.55
3263,Sports,463.9,3.36
3264,Fashion,430.41,4.58
3265,Sports,280.77,3.73
3266,Education,350.87,2.84
3267,Education,220.24,1.74
3268,Movies,195.04,4.96
3269,Movies,138.58,4.05
3270,Books,34.38,2.87
3271,Education,33.91,2.9
3272,Music,18.64,3.45
3273,Movies,295.32,4.19
3274,Gaming,293.73,4.7
3275,Gaming,392.64,1.53
3276,Books,136.41,1.1
3277,Education,196.14,3.04
3278,Gaming,473.24,3.09
3279,Gaming,391.61,2.07
3280,Fashion,80.81,4.24
3281,Electronics,127.48,4.49
3282,Movies,89.08,4.41
3283,Education,387.56,3.44
3284,Books,425.86,2.32
3285,Gaming,87.19,1.63
3286,Electronics,138.83,2.78
3287,Movies,438.63,1.36
3288,Electronics,458.04,4.7
3289,Education,364.98,4.6
3290,Electronics,386.14,3.11
3291,Music,302.37,3.51
3292,Fashion,67.81,1.77
3293,Education,264.07,1.46
3294,Education,482.66,3.03
3295,Movies,193.14,1.63
3296,Electronics,211.18,2.21
3297,Fashion,48.52,4.87
3298,Music,136.16,3.76
3299,Sports,50.2,4.65
3300,Music,297.42,3.63
3301,Gaming,391.98,3.42
3302,Books,40.1,2.72
3303,Fashion,134.7,2.95
3304,Fashion,205.14,4.31
3305,Music,127.29,1.81
3306,Music,479.25,4.8
3307,Education,496.77,3.27
3308,Fashion,61.01,4.52
3309,Movies,76.83,1.62
3310,Movies,100.73,3.61
3311,Gaming,58.06,4.11
3312,Books,33.83,1.44
3313,Education,220.07,2.52
3314,Gaming,494.91,4.87
3315,Education,98.89,4.79
3316,Fashion,347.67,2.64
3317,Movies,371.12,4.6
3318,Fashion,94.17,1.78
3319,Music,207.32,1.68
3320,Music,183.4,3.58
3321,Gaming,407.34,2.21
3322,Books,144.46,4.12
3323,Electronics,193.61,4.27
3324,Electronics,496.72,4.92
3325,Fashion,333.03,2.5
3326,Sports,37.42,3.95
3327,Books,489.09,1.27
3328,Books,8.05,4.33
3329,Education,55.62,1.33
3330,Education,455.62,1.32
3331,Music,61.44,3.28
3332,Sports,379.62,2.6
3333,Sports,213.19,3.53
3334,Books,255.19,1.07
3335,Fashion,61.22,3.33
3336,Gaming,397.86,4.05
3337,Gaming,371.33,4.09
3338,Books,27.0,4.58
3339,Electronics,445.2,3.13
3340,Movies,128.05,3.37
3341,Books,281.15,1.89
3342,Electronics,303.55,4.19
3343,Books,404.02,1.24
3344,Education,102.6,3.67
3345,Music,430.62,3.08
3346,Electronics,355.23,1.08
3347,Fashion,306.17,4.85
3348,Music,332.2,4.69
3349,Books,285.17,4.37
3350,Education,66.46,1.49
3351,Gaming,64.49,2.96
3352,Fashion,168.48,3.88
3353,Sports,451.8,3.48
3354,Sports,110.54,4.72
3355,Movies,266.29,3.88
3356,Education,445.8,4.96
3357,Education,255.5,4.23
3358,Movies,285.6,2.95
3359,Sports,271.17,2.94
3360,Sports,213.41,3.89
3361,Fashion,128.59,3.47
3362,Gaming,357.92,4.57
3363,Sports,169.28,4.44
3364,Books,472.92,3.59
3365,Electronics,386.86,2.62
3366,Books,476.31,3.68
3367,Sports,158.53,2.62
3368,Electronics,310.79,1.94
3369,Fashion,378.19,1.9
3370,Electronics,297.94,3.79
3371,Music,430.58,3.94
3372,Gaming,400.42,4.65
3373,Books,300.9,4.39
3374,Music,119.78,4.26
3375,Fashion,114.73,4.74
3376,Education,168.34,1.69
3377,Sports,78.34,1.75
3378,Sports,226.53,3.09
3379,Education,457.32,2.52
3380,Music,112.65,3.98
3381,Music,71.65,4.57
3382,Fashion,207.65,3.46
3383,Books,97.16,1.58
3384,Education,400.43,2.72
3385,Gaming,493.44,3.1
3386,Gaming,423.6,4.92
3387,Books,144.17,4.2
3388,Books,15.89,3.72
3389,Fashion,373.87,2.91
3390,Movies,85.24,3.47
3391,Books,449.28,4.73
3392,Books,374.32,2.05
3393,Education,435.81,4.56
3394,Sports,186.78,1.73
3395,Electronics,437.96,4.54
3396,Music,54.95,4.87
3397,Electronics,268.87,4.97
3398,Sports,225.28,3.13
3399,Movies,136.71,4.6
3400,Movies,224.64,4.26
3401,Gaming,44.47,4.15
3402,Music,247.67,1.02
3403,Books,117.0,1.77
3404,Fashion,377.12,2.91
3405,Movies,84.06,2.03
3406,Books,254.52,1.08
3407,Sports,214.94,3.71
3408,Movies,261.29,3.39
3409,Gaming,166.68,1.73
3410,Electronics,405.82,4.62
3411,Books,257.82,2.22
3412,Education,258.05,4.52
3413,Movies,347.25,4.43
3414,Electronics,167.55,3.85
3415,Electronics,328.26,3.29
3416,Music,266.47,3.2
3417,Gaming,425.59,4.66
3418,Movies,60.87,3.28
3419,Sports,459.61,1.54
3420,Music,209.37,1.36
3421,Electronics,61.17,4.62
3422,Fashion,225.86,3.75
3423,Sports,73.76,1.09
3424,Music,445.79,3.3
3425,Electronics,14.89,4.97
3426,Sports,248.64,2.9
3427,Education,312.35,1.03
3428,Books,286.72,3.52
3429,Electronics,151.99,3.91
3430,Music,191.83,3.87
3431,Books,76.19,4.65
3432,Gaming,440.33,1.6
3433,Books,469.53,3.23
3434,Education,352.32,4.36
3435,Fashion,46.37,1.68
3436,Movies,148.74,2.91
3437,Electronics,176.3,3.02
3438,Books,97.03,3.73
3439,Electronics,32.59,2.45
3440,Education,93.62,3.92
3441,Sports,442.41,1.32
3442,Music,393.59,4.58
3443,Gaming,487.12,3.32
3444,Education,167.06,2.29
3445,Movies,192.59,3.45
3446,Sports,247.66,3.61
3447,Electronics,24.46,1.42
3448,Electronics,488.39,4.98
3449,Electronics,374.6,2.03
3450,Sports,476.92,1.85
3451,Gaming,367.06,1.46
3452,Electronics,326.21,4.04
3453,Education,430.52,3.94
3454,Electronics,462.13,3.08
3455,Gaming,340.33,2.48
3456,Gaming,10.14,4.03
3457,Fashion,435.58,1.7
3458,Gaming,19.18,1.66
3459,Gaming,448.17,2.18
3460,Fashion,120.68,1.06
3461,Books,152.04,3.86
3462,Education,479.75,2.25
3463,Books,124.14,4.55
3464,Music,426.99,2.31
3465,Music,39.06,4.97
3466,Sports,341.95,4.71
3467,Music,174.23,3.59
3468,Gaming,338.88,4.49
3469,Electronics,496.56,1.43
3470,Sports,317.4,2.35
3471,Sports,406.77,4.02
3472,Books,446.8,2.37
3473,Electronics,96.34,1.09
3474,Sports,131.48,2.47
3475,Gaming,473.3,2.97
3476,Electronics,280.44,4.52
3477,Electronics,443.11,3.11
3478,Sports,61.28,2.08
3479,Electronics,231.16,4.0
3480,Books,357.28,3.57
3481,Electronics,440.72,4.21
3482,Fashion,491.15,4.56
3483,Education,101.85,1.23
3484,Fashion,210.18,3.47
3485,Movies,323.34,2.07
3486,Electronics,430.64,2.32
3487,Music,459.96,2.89
3488,Music,10.14,1.65
3489,Sports,55.65,1.18
3490,Movies,358.44,1.77
3491,Fashion,420.12,2.06
3492,Gaming,21.0,4.28
3493,Education,235.74,3.4
3494,Books,171.43,1.18
3495,Books,188.24,3.07
3496,Books,10.78,3.3
3497,Movies,447.06,1.87
3498,Sports,463.75,1.39
3499,Education,413.59,4.36
3500,Music,132.59,4.83
3501,Sports,211.22,1.57
3502,Education,297.9,4.99
3503,Movies,450.15,2.11
3504,Music,290.61,1.46
3505,Movies,233.61,3.09
3506,Sports,161.06,2.94
3507,Movies,460.37,3.0
3508,Music,416.34,2.27
3509,Books,485.85,1.37
3510,Electronics,294.87,4.16
3511,Music,407.95,1.79
3512,Gaming,203.81,3.5
3513,Education,161.36,3.63
3514,Movies,192.5,2.4
3515,Books,58.49,1.16
3516,Sports,418.46,2.96
3517,Fashion,283.62,2.49
3518,Sports,72.69,2.8
3519,Movies,118.33,4.35
3520,Sports,493.46,4.56
3521,Books,266.5,3.51
3522,Music,474.32,3.15
3523,Fashion,321.1,3.52
3524,Electronics,355.52,3.56
3525,Sports,337.0,3.9
3526,Education,405.5,2.61
3527,Education,374.19,1.4
3528,Books,438.71,2.16
3529,Electronics,204.71,4.21
3530,Education,320.31,2.23
3531,Electronics,116.57,4.83
3532,Movies,48.45,1.02
3533,Movies,338.1,3.46
3534,Gaming,370.12,3.93
3535,Movies,432.31,4.69
3536,Books,388.64,1.93
3537,Electronics,234.43,3.57
3538,Movies,271.99,1.64
3539,Gaming,296.69,4.55
3540,Education,212.17,3.68
3541,Electronics,309.89,2.51
3542,Gaming,284.81,1.84
3543,Gaming,275.32,4.2
3544,Education,380.68,2.43
3545,Electronics,60.48,4.2
3546,Sports,136.19,1.21
3547,Sports,225.37,3.96
3548,Gaming,405.2,4.93
3549,Fashion,98.76,2.18
3550,Gaming,306.7,4.25
3551,Electronics,120.87,2.64
3552,Movies,207.16,4.09
3553,Electronics,124.26,4.88
3554,Music,257.68,2.13
3555,Electronics,145.72,1.07
3556,Music,347.75,4.1
3557,Movies,21.05,3.34
3558,Sports,391.93,2.5
3559,Electronics,219.21,2.45
3560,Music,161.25,2.96
3561,Gaming,87.22,2.76
3562,Gaming,471.2,1.11
3563,Electronics,86.55,4.11
3564,Books,70.37,2.09
3565,Gaming,230.15,4.77
3566,Movies,95.83,4.69
3567,Education,360.67,3.68
3568,Gaming,363.15,1.12
3569,Movies,53.96,2.34
3570,Fashion,41.61,4.95
3571,Gaming,292.3,2.95
3572,Education,393.83,4.91
3573,Sports,477.79,4.17
3574,Fashion,191.7,1.26
3575,Electronics,53.7,1.0
3576,Movies,5.94,4.75
3577,Movies,463.87,3.67
3578,Books,364.7,3.05
3579,Sports,122.73,4.66
3580,Movies,142.46,3.96
3581,Music,126.49,4.48
3582,Gaming,327.36,3.57
3583,Electronics,53.2,2.68
3584,Movies,264.83,2.18
3585,Music,441.08,4.35
3586,Movies,249.34,2.36
3587,Movies,401.76,1.79
3588,Electronics,40.4,1.18
3589,Books,24.15,2.96
3590,Movies,131.38,3.76
3591,Music,328.68,3.17
3592,Movies,179.66,4.4
3593,Fashion,356.3,2.09
3594,Education,253.34,1.63
3595,Education,167.74,4.99
3596,Electronics,115.8,3.79
3597,Education,123.02,4.75
3598,Electronics,158.52,2.39
3599,Education,298.96,3.35
3600,Electronics,291.64,3.29
3601,Music,159.53,2.74
3602,Education,298.75,3.69
3603,Sports,130.3,3.81
3604,Gaming,462.02,4.03
3605,Electronics,46.7,2.88
3606,Books,220.46,2.35
3607,Movies,248.2,2.76
3608,Music,8.05,1.95
3609,Books,110.82,2.4
3610,Education,91.36,1.27
3611,Fashion,102.32,4.42
3612,Movies,399.53,2.77
3613,Movies,439.52,1.93
3614,Movies,294.18,1.57
3615,Education,417.53,1.52
3616,Fashion,20.77,2.09
3617,Sports,450.96,1.52
3618,Fashion,168.68,2.27
3619,Fashion,401.81,2.69
3620,Electronics,307.73,2.62
3621,Sports,277.97,1.25
3622,Books,190.14,4.42
3623,Electronics,347.08,4.93
3624,Fashion,395.02,2.81
3625,Education,339.76,4.1
3626,Music,138.49,1.24
3627,Electronics,205.89,1.58
3628,Sports,142.23,4.79
3629,Electronics,424.31,3.37
3630,Movies,203.62,2.06
3631,Movies,287.87,3.13
3632,Electronics,391.49,4.71
3633,Music,167.82,1.83
3634,Electronics,204.39,2.75
3635,Sports,24.74,4.45
3636,Music,497.82,4.69
3637,Books,431.03,4.97
3638,Books,454.37,3.75
3639,Education,87.54,1.63
3640,Books,29.15,2.65
3641,Books,405.37,2.96
3642,Sports,186.33,1.44
3643,Sports,30.62,2.6
3644,Music,54.46,1.41
3645,Music,200.7,3.01
3646,Gaming,97.41,3.74
3647,Books,212.25,1.37
3648,Gaming,320.33,2.43
3649,Movies,30.9,4.79
3650,Fashion,287.74,2.91
3651,Electronics,430.27,4.75
3652,Music,114.06,4.24
3653,Music,416.38,1.22
3654,Music,357.41,1.25
3655,Gaming,299.36,3.68
3656,Music,186.69,4.52
3657,Education,401.25,4.7
3658,Movies,160.87,1.09
3659,Electronics,406.67,1.89
3660,Fashion,236.24,4.27
3661,Music,111.99,2.25
3662,Electronics,222.34,2.09
3663,Movies,233.35,1.04
3664,Fashion,110.03,4.33
3665,Electronics,209.67,3.55
3666,Books,119.98,3.6
3667,Sports,499.99,3.38
3668,Music,316.04,1.45
3669,Music,204.67,4.44
3670,Sports,417.96,3.09
3671,Gaming,452.21,1.57
3672,Electronics,330.8,2.0
3673,Fashion,324.55,1.35
3674,Gaming,472.09,4.15
3675,Books,104.48,3.55
3676,Books,380.78,1.84
3677,Sports,51.2,2.41
3678,Gaming,72.2,3.26
3679,Books,214.94,2.85
3680,Electronics,273.72,4.93
3681,Education,397.35,3.52
3682,Education,185.03,1.11
3683,Music,62.68,3.92
3684,Movies,187.76,2.34
3685,Sports,445.04,2.94
3686,Movies,450.29,4.55
3687,Sports,44.69,4.78
3688,Music,43.09,4.85
3689,Sports,229.04,4.04
3690,Music,354.54,3.07
3691,Sports,311.63,4.8
3692,Education,464.04,3.62
3693,Music,330.57,1.99
3694,Books,415.17,3.53
3695,Sports,413.99,3.63
3696,Education,153.16,1.76
3697,Gaming,43.1,3.34
3698,Music,145.61,3.52
3699,Books,34.03,2.5
3700,Music,133.97,2.48
3701,Books,31.87,3.9
3702,Music,62.77,1.06
3703,Education,473.41,1.77
3704,Sports,414.89,4.86
3705,Education,269.39,3.1
3706,Gaming,186.87,2.7
3707,Sports,243.63,1.61
3708,Fashion,185.54,4.26
3709,Sports,95.29,3.92
3710,Gaming,327.54,1.23
3711,Fashion,16.1,2.41
3712,Movies,347.62,2.32
3713,Movies,335.53,3.66
3714,Music,404.24,1.4
3715,Music,290.68,1.25
3716,Books,92.09,2.3
3717,Books,355.16,4.9
3718,Gaming,174.55,3.08
3719,Gaming,133.23,3.7
3720,Fashion,186.46,2.93
3721,Education,286.07,3.74
3722,Sports,34.73,3.22
3723,Fashion,218.43,1.54
3724,Education,107.98,4.54
3725,Electronics,436.53,1.13
3726,Fashion,346.25,3.22
3727,Books,470.21,4.63
3728,Gaming,291.88,1.56
3729,Movies,232.61,3.9
3730,Education,476.11,2.46
3731,Books,393.41,3.73
3732,Fashion,43.75,3.23
3733,Electronics,95.84,3.73
3734,Gaming,306.99,4.89
3735,Electronics,468.01,1.04
3736,Fashion,44.61,4.08
3737,Books,344.39,4.2
3738,Fashion,137.07,4.4
3739,Gaming,224.0,2.05
3740,Gaming,10.25,4.49
3741,Music,270.0,4.9
3742,Fashion,358.77,1.32
3743,Gaming,296.15,1.07
3744,Sports,281.1,2.4
3745,Movies,323.43,3.17
3746,Books,134.37,1.65
3747,Music,205.33,4.95
3748,Music,220.67,4.0
3749,Books,33.2,2.52
3750,Electronics,292.26,4.0
3751,Books,266.55,3.06
3752,Music,383.13,2.25
3753,Education,49.85,2.39
3754,Gaming,83.7,4.86
3755,Education,290.87,2.79
3756,Gaming,456.47,4.6
3757,Movies,210.77,4.5
3758,Education,36.69,4.54
3759,Fashion,158.74,3.26
3760,Fashion,138.5,4.94
3761,Books,40.53,2.79
3762,Fashion,312.39,3.46
3763,Electronics,370.69,3.9
3764,Music,397.61,1.94
3765,Education,188.4,2.53
3766,Gaming,478.14,2.64
3767,Music,114.83,3.53
3768,Education,216.5,2.0
3769,Fashion,358.99,1.77
3770,Movies,318.51,2.72
3771,Books,162.99,4.78
3772,Sports,165.58,2.39
3773,Movies,435.97,1.52
3774,Education,58.49,2.13
3775,Music,297.86,2.54
3776,Electronics,306.23,1.64
3777,Gaming,134.42,3.26
3778,Movies,112.49,2.69
3779,Music,288.46,4.89
3780,Gaming,44.54,2.84
3781,Music,201.15,4.3
3782,Fashion,450.65,4.63
3783,Fashion,190.69,2.22
3784,Electronics,227.32,2.38
3785,Sports,360.83,1.85
3786,Gaming,331.05,4.71
3787,Movies,143.56,3.71
3788,Music,76.06,1.49
3789,Books,62.24,1.55
3790,Music,112.0,3.25
3791,Movies,384.66,1.51
3792,Fashion,435.66,4.37
3793,Books,365.06,2.7
3794,Movies,5.77,3.94
3795,Movies,440.1,2.34
3796,Education,360.4,1.25
3797,Education,356.2,1.27
3798,Sports,295.66,3.39
3799,Fashion,154.57,1.32
3800,Movies,474.92,3.14
3801,Movies,291.98,3.46
3802,Books,446.07,1.24
3803,Sports,447.18,1.96
3804,Movies,43.59,3.63
3805,Fashion,488.6,1.23
3806,Books,215.93,3.12
3807,Sports,129.8,4.93
3808,Fashion,322.28,4.38
3809,Electronics,210.81,2.42
3810,Electronics,278.81,2.74
3811,Sports,358.9,2.06
3812,Electronics,227.55,4.58
3813,Education,379.27,1.67
3814,Electronics,444.0,3.36
3815,Music,341.25,2.18
3816,Sports,223.56,4.23
3817,Movies,168.68,1.66
3818,Gaming,192.26,1.28
3819,Education,360.34,1.59
3820,Fashion,146.14,4.52
3821,Education,272.55,2.29
3822,Movies,276.1,1.87
3823,Books,17.46,3.41
3824,Books,358.49,4.52
3825,Education,387.08,4.71
3826,Gaming,493.05,3.98
3827,Education,434.62,3.69
3828,Movies,89.61,1.73
3829,Books,59.58,4.77
3830,Fashion,338.01,4.16
3831,Movies,168.92,2.84
3832,Books,24.69,4.56
3833,Music,427.24,4.14
3834,Books,33.86,1.7
3835,Sports,170.41,2.05
3836,Books,420.04,1.78
3837,Music,268.4,3.29
3838,Fashion,215.38,1.96
3839,Music,480.35,2.65
3840,Movies,365.02,1.74
3841,Education,412.29,1.86
3842,Books,339.28,3.03
3843,Music,77.55,1.1
3844,Electronics,465.72,1.5
3845,Gaming,353.95,3.61
3846,Books,174.15,1.74
3847,Music,93.27,3.34
3848,Sports,275.73,4.5
3849,Electronics,321.8,4.28
3850,Electronics,21.04,3.68
3851,Sports,120.69,2.01
3852,Fashion,361.69,4.17
3853,Gaming,189.01,4.16
3854,Sports,224.65,4.43
3855,Sports,17.33,1.33
3856,Movies,389.29,3.5
3857,Education,281.72,3.46
3858,Fashion,465.44,3.62
3859,Education,325.5,4.04
3860,Fashion,433.98,2.05
3861,Education,310.29,3.34
3862,Movies,71.75,3.08
3863,Fashion,39.43,1.74
3864,Sports,456.92,1.48
3865,Books,291.56,2.29
3866,Sports,279.88,1.94
3867,Electronics,224.97,4.47
3868,Gaming,191.23,2.41
3869,Books,225.83,1.4
3870,Education,196.74,1.03
3871,Sports,254.18,4.39
3872,Fashion,278.28,3.43
3873,Electronics,20.13,4.44
3874,Gaming,195.58,4.9
3875,Movies,64.63,4.78
3876,Gaming,318.97,1.21
3877,Sports,485.99,1.06
3878,Music,366.7,4.56
3879,Education,92.03,2.37
3880,Fashion,282.81,3.72
3881,Movies,436.58,4.04
3882,Sports,184.85,4.29
3883,Movies,483.21,1.91
3884,Education,41.68,2.71
3885,Education,441.29,1.6
3886,Gaming,443.47,4.97
3887,Music,31.73,2.98
3888,Education,167.8,2.57
3889,Movies,228.56,3.96
3890,Books,297.69,4.84
3891,Sports,169.72,3.17
3892,Books,407.6,2.49
3893,Movies,235.32,3.74
3894,Gaming,431.07,2.66
3895,Education,268.32,4.9
3896,Music,26.02,2.79
3897,Sports,319.81,1.03
3898,Gaming,300.41,1.22
3899,Books,429.49,4.23
3900,Fashion,20.97,1.2
3901,Education,378.04,2.48
3902,Music,289.64,2.08
3903,Books,90.62,2.18
3904,Music,127.12,2.79
3905,Gaming,374.6,3.22
3906,Fashion,306.54,2.88
3907,Education,165.74,1.57
3908,Education,180.51,3.66
3909,Gaming,368.22,2.88
3910,Sports,324.27,1.84
3911,Electronics,430.73,4.46
3912,Movies,163.56,3.19
3913,Movies,305.3,2.89
3914,Sports,456.02,3.96
3915,Gaming,337.89,3.08
3916,Electronics,47.0,1.43
3917,Music,153.01,1.85
3918,Movies,476.5,2.64
3919,Music,438.92,4.27
3920,Gaming,407.22,1.86
3921,Gaming,226.42,2.27
3922,Education,485.35,4.51
3923,Gaming,128.71,2.25
3924,Gaming,266.81,2.11
3925,Movies,413.14,4.28
3926,Electronics,363.55,3.76
3927,Movies,275.91,2.39
3928,Education,419.28,4.44
3929,Sports,29.51,2.59
3930,Music,18.18,4.36
3931,Electronics,92.66,3.7
3932,Movies,181.9,4.26
3933,Education,257.3,2.3
3934,Gaming,165.32,2.31
3935,Sports,395.35,3.84
3936,Fashion,163.01,2.96
3937,Sports,42.7,4.31
3938,Books,136.65,4.56
3939,Music,300.41,3.27
3940,Fashion,85.55,1.28
3941,Electronics,278.55,2.87
3942,Electronics,64.24,4.34
3943,Gaming,211.53,2.04
3944,Books,395.19,4.65
3945,Music,156.45,4.1
3946,Music,328.0,4.96
3947,Books,105.98,4.84
3948,Electronics,161.06,2.65
3949,Sports,182.62,2.07
3950,Music,348.15,3.36
3951,Sports,156.32,1.53
3952,Fashion,162.1,2.52
3953,Gaming,193.42,2.43
3954,Sports,29.12,2.86
3955,Movies,418.92,1.72
3956,Fashion,77.1,2.89
3957,Music,188.45,3.25
3958,Music,473.8,4.04
3959,Gaming,345.09,2.66
3960,Sports,147.24,3.16
3961,Sports,443.29,4.51
3962,Electronics,225.53,1.98
3963,Electronics,116.55,1.14
3964,Electronics,422.12,2.06
3965,Books,182.7,4.24
3966,Gaming,64.41,2.84
3967,Education,65.56,2.77
3968,Electronics,28.33,3.07
3969,Fashion,398.88,3.71
3970,Movies,257.04,4.32
3971,Movies,117.76,4.32
3972,Electronics,141.8,2.45
3973,Sports,68.57,1.41
3974,Sports,466.4,1.76
3975,Electronics,169.98,3.12
3976,Movies,177.19,4.48
3977,Books,450.85,2.3
3978,Gaming,50.55,1.84
3979,Gaming,239.82,2.15
3980,Fashion,229.47,4.03
3981,Movies,213.22,1.79
3982,Books,182.19,3.97
3983,Books,214.91,2.0
3984,Books,216.57,2.82
3985,Gaming,151.71,4.98
3986,Electronics,384.97,3.77
3987,Electronics,428.16,3.67
3988,Fashion,396.54,2.65
3989,Books,252.68,1.19
3990,Gaming,143.92,2.47
3991,Sports,314.61,2.86
3992,Movies,305.88,3.85
3993,Music,26.15,2.03
3994,Gaming,89.6,1.75
3995,Electronics,254.05,3.96
3996,Movies,140.02,4.3
3997,Movies,446.77,2.4
3998,Education,342.27,1.47
3999,Sports,373.29,1.66
4000,Books,345.27,2.69
4001,Movies,464.59,2.86
4002,Education,20.3,2.92
4003,Gaming,398.77,3.59
4004,Movies,483.33,4.37
4005,Gaming,265.64,1.83
4006,Books,6.87,4.92
4007,Sports,469.47,2.1
4008,Gaming,320.92,3.92
4009,Movies,291.12,4.37
4010,Education,43.52,4.59
4011,Movies,199.05,2.92
4012,Sports,225.14,3.13
4013,Gaming,301.09,3.84
4014,Electronics,264.85,3.74
4015,Education,172.46,4.75
4016,Gaming,36.94,3.18
4017,Music,48.26,2.77
4018,Books,132.5,4.75
4019,Education,11.47,2.56
4020,Sports,392.11,1.75
4021,Electronics,408.72,4.44
4022,Gaming,355.46,1.84
4023,Sports,139.66,1.67
4024,Education,96.11,1.15
4025,Music,429.37,3.11
4026,Education,167.24,2.16
4027,Books,274.62,2.31
4028,Movies,432.54,1.84
4029,Music,441.74,3.66
4030,Fashion,478.53,1.06
4031,Books,34.25,3.0
4032,Books,456.63,3.92
4033,Fashion,312.96,1.13
4034,Sports,180.31,2.38
4035,Education,273.33,2.03
4036,Sports,137.24,3.48
4037,Books,472.56,3.64
4038,Fashion,335.72,4.94
4039,Gaming,80.97,1.14
4040,Education,374.03,2.76
4041,Sports,217.27,1.9
4042,Electronics,255.9,2.77
4043,Education,176.0,2.77
4044,Movies,195.0,4.76
4045,Gaming,490.22,4.36
4046,Movies,495.25,2.06
4047,Music,422.25,2.63
4048,Fashion,374.34,1.81
4049,Electronics,406.92,1.33
4050,Music,138.93,4.29
4051,Gaming,374.84,3.0
4052,Electronics,338.03,1.74
4053,Movies,335.54,1.03
4054,Sports,417.44,3.07
4055,Education,472.22,2.91
4056,Education,219.38,2.8
4057,Music,183.07,1.67
4058,Sports,421.82,2.56
4059,Music,266.91,1.08
4060,Education,34.83,3.39
4061,Education,440.22,2.97
4062,Books,86.66,1.46
4063,Books,450.4,3.81
4064,Gaming,483.27,1.33
4065,Books,451.79,4.38
4066,Gaming,447.13,1.02
4067,Fashion,372.24,3.2
4068,Electronics,288.72,2.88
4069,Fashion,372.63,5.0
4070,Books,356.72,3.71
4071,Fashion,328.95,3.78
4072,Sports,174.35,2.28
4073,Education,393.25,1.21
4074,Books,380.83,4.26
4075,Electronics,263.19,4.64
4076,Gaming,239.18,1.71
4077,Education,183.89,4.62
4078,Fashion,496.9,2.69
4079,Education,87.59,2.15
4080,Fashion,278.88,3.29
4081,Gaming,316.88,4.34
4082,Gaming,357.05,2.04
4083,Electronics,200.55,4.36
4084,Movies,318.52,1.67
4085,Books,166.14,4.16
4086,Gaming,90.19,3.76
4087,Movies,283.95,1.59
4088,Movies,346.0,1.57
4089,Music,202.23,2.23
4090,Music,346.55,4.13
4091,Fashion,88.32,4.25
4092,Fashion,8.57,3.12
4093,Movies,260.81,3.5
4094,Sports,123.65,1.04
4095,Music,230.11,1.29
4096,Movies,446.64,1.69
4097,Education,215.49,2.74
4098,Education,278.67,4.13
4099,Sports,238.71,1.1
4100,Music,386.7,1.33
4101,Fashion,322.57,4.21
4102,Fashion,144.93,2.8
4103,Education,12.1,4.22
4104,Electronics,353.11,1.93
4105,Music,198.16,3.78
4106,Gaming,182.29,1.65
4107,Fashion,261.66,3.89
4108,Fashion,163.8,1.49
4109,Education,415.62,2.01
4110,Books,258.84,3.77
4111,Electronics,161.95,3.59
4112,Movies,232.56,3.28
4113,Sports,297.34,4.3
4114,Sports,329.88,2.06
4115,Books,34.5,1.01
4116,Education,452.69,4.77
4117,Music,51.59,2.95
4118,Books,80.04,4.79
4119,Electronics,127.18,3.01
4120,Education,86.98,2.33
4121,Fashion,137.07,2.9
4122,Books,212.79,2.32
4123,Music,57.41,2.94
4124,Sports,425.85,3.92
4125,Music,361.68,2.46
4126,Electronics,355.67,2.86
4127,Sports,79.39,2.68
4128,Movies,70.71,1.46
4129,Movies,16.41,2.13
4130,Gaming,168.78,3.8
4131,Movies,271.31,4.43
4132,Music,92.35,2.06
4133,Gaming,470.83,2.78
4134,Movies,395.58,2.97
4135,Sports,238.19,1.59
4136,Books,426.34,1.31
4137,Fashion,158.58,3.69
4138,Books,256.09,4.53
4139,Sports,24.45,3.6
4140,Movies,241.35,1.62
4141,Fashion,372.91,2.65
4142,Movies,268.13,4.87
4143,Books,245.68,4.29
4144,Fashion,385.94,3.65
4145,Gaming,448.92,2.01
4146,Music,411.28,2.51
4147,Movies,407.18,2.98
4148,Education,429.57,4.58
4149,Sports,300.83,3.03
4150,Fashion,392.72,2.07
4151,Electronics,12.6,2.63
4152,Sports,256.35,2.19
4153,Sports,194.76,1.53
4154,Books,142.26,1.96
4155,Fashion,153.99,2.2
4156,Fashion,281.69,2.0
4157,Fashion,470.78,3.05
4158,Education,68.84,2.12
4159,Electronics,366.23,1.05
4160,Music,469.22,2.78
4161,Books,262.93,4.95
4162,Electronics,254.18,4.79
4163,Fashion,458.04,4.77
4164,Education,407.12,2.19
4165,Gaming,176.46,2.46
4166,Education,489.69,2.44
4167,Music,58.8,4.11
4168,Movies,186.2,3.48
4169,Books,462.56,3.3
4170,Sports,320.66,3.57
4171,Gaming,308.14,1.64
4172,Gaming,230.93,1.03
4173,Gaming,315.0,3.3
4174,Education,162.48,3.1
4175,Music,249.06,2.0
4176,Movies,150.18,4.05
4177,Music,379.09,2.88
4178,Books,360.17,2.8
4179,Sports,426.43,2.33
4180,Fashion,464.01,3.17
4181,Movies,270.17,3.68
4182,Fashion,173.72,3.9
4183,Gaming,163.61,2.59
4184,Education,338.98,2.51
4185,Education,103.99,4.49
4186,Movies,461.47,3.51
4187,Books,406.52,4.95
4188,Gaming,309.31,4.64
4189,Music,182.83,3.8
4190,Fashion,32.62,4.16
4191,Electronics,415.75,2.6
4192,Music,321.28,4.43
4193,Education,442.39,1.43
4194,Music,414.61,2.1
4195,Gaming,365.02,2.3
4196,Sports,32.88,1.84
4197,Sports,207.29,3.96
4198,Gaming,54.85,4.25
4199,Music,498.49,4.15
4200,Fashion,239.5,3.27
4201,Electronics,8.05,1.84
4202,Sports,450.0,1.09
4203,Education,452.87,1.45
4204,Music,70.87,1.7
4205,Sports,400.7,2.91
4206,Electronics,76.87,3.75
4207,Movies,470.64,3.29
4208,Music,53.86,1.22
4209,Books,398.96,3.5
4210,Music,461.72,3.19
4211,Movies,35.89,2.61
4212,Electronics,330.71,2.54
4213,Movies,499.8,2.62
4214,Electronics,275.39,1.9
4215,Movies,80.31,3.58
4216,Education,296.36,1.02
4217,Gaming,145.97,3.57
4218,Electronics,407.06,2.25
4219,Movies,325.48,2.06
4220,Movies,346.74,3.79
4221,Electronics,69.46,3.66
4222,Electronics,170.12,1.69
4223,Education,252.68,2.81
4224,Education,388.07,1.34
4225,Education,395.93,1.42
4226,Fashion,107.69,3.06
4227,Education,234.27,4.96
4228,Books,296.79,2.31
4229,Electronics,450.57,2.25
4230,Music,140.52,2.98
4231,Electronics,457.02,3.83
4232,Fashion,340.35,3.9
4233,Fashion,331.52,4.04
4234,Fashion,100.42,1.71
4235,Books,184.27,4.4
4236,Gaming,358.65,3.27
4237,Books,14.63,1.94
4238,Electronics,402.74,1.97
4239,Education,366.49,1.74
4240,Electronics,305.15,3.51
4241,Music,377.22,2.75
4242,Books,318.17,2.95
4243,Movies,473.93,3.09
4244,Sports,108.75,3.67
4245,Electronics,276.49,4.22
4246,Music,92.57,2.04
4247,Music,461.21,4.72
4248,Fashion,223.92,1.19
4249,Music,156.74,1.99
4250,Electronics,210.27,2.27
4251,Gaming,415.35,1.01
4252,Gaming,324.09,3.66
4253,Electronics,332.01,3.08
4254,Books,307.5,4.24
4255,Sports,393.18,1.14
4256,Fashion,20.07,4.36
4257,Movies,289.49,4.83
4258,Books,218.64,1.71
4259,Fashion,239.25,2.75
4260,Education,261.0,4.23
4261,Electronics,329.51,1.74
4262,Movies,368.57,3.37
4263,Sports,291.26,3.71
4264,Gaming,284.16,2.83
4265,Fashion,321.99,3.89
4266,Electronics,116.75,2.99
4267,Movies,231.8,1.16
4268,Movies,418.05,2.51
4269,Music,40.98,2.83
4270,Books,84.93,3.82
4271,Music,288.03,2.08
4272,Education,475.48,2.17
4273,Books,279.72,4.21
4274,Education,259.38,4.84
4275,Books,422.71,4.68
4276,Books,189.49,3.19
4277,Books,420.88,4.61
4278,Fashion,472.46,4.52
4279,Books,366.72,1.1
4280,Fashion,160.9,1.52
4281,Music,81.61,2.16
4282,Electronics,42.0,1.97
4283,Fashion,478.7,2.25
4284,Electronics,84.06,3.87
4285,Sports,415.11,2.26
4286,Music,142.86,1.97
4287,Education,199.66,1.35
4288,Books,336.22,4.29
4289,Sports,333.52,2.68
4290,Movies,148.04,2.64
4291,Sports,214.8,3.66
4292,Fashion,464.39,1.28
4293,Movies,476.91,4.64
4294,Electronics,63.28,1.73
4295,Gaming,159.24,3.24
4296,Movies,71.57,1.8
4297,Fashion,451.82,1.44
4298,Movies,202.44,4.05
4299,Fashion,444.85,2.34
4300,Music,86.4,3.95
4301,Gaming,387.42,4.92
4302,Sports,74.07,3.84
4303,Sports,211.56,4.66
4304,Movies,206.88,2.78
4305,Sports,67.76,2.28
4306,Fashion,203.42,1.07
4307,Movies,221.6,2.35
4308,Movies,402.9,1.43
4309,Education,381.3,3.86
4310,Movies,124.68,1.33
4311,Books,421.71,2.0
4312,Education,77.05,2.44
4313,Music,203.44,2.3
4314,Music,488.36,4.52
4315,Music,437.12,2.6
4316,Education,481.62,3.74
4317,Fashion,416.84,3.0
4318,Electronics,84.51,4.55
4319,Gaming,245.78,4.87
4320,Fashion,131.16,4.97
4321,Sports,115.1,2.47
4322,Gaming,299.04,3.77
4323,Music,361.54,2.91
4324,Movies,43.03,2.98
4325,Sports,170.67,3.63
4326,Music,95.23,2.58
4327,Movies,483.23,1.36
4328,Books,303.16,1.36
4329,Sports,82.71,3.42
4330,Movies,224.78,3.19
4331,Sports,440.54,4.27
4332,Education,444.55,3.47
4333,Movies,247.37,2.84
4334,Electronics,371.21,3.09
4335,Books,57.36,1.57
4336,Fashion,181.76,1.27
4337,Education,123.42,3.63
4338,Fashion,11.15,3.42
4339,Education,387.32,1.68
4340,Music,94.58,1.12
4341,Music,258.66,3.62
4342,Gaming,231.17,2.56
4343,Electronics,229.93,4.13
4344,Music,21.59,4.14
4345,Books,334.84,1.97
4346,Music,264.75,1.2
4347,Electronics,192.9,1.7
4348,Fashion,16.04,2.43
4349,Gaming,364.43,4.68
4350,Education,332.82,2.61
4351,Music,499.75,2.13
4352,Music,97.63,2.85
4353,Books,254.93,2.42
4354,Fashion,349.27,1.74
4355,Music,257.62,3.0
4356,Movies,412.77,4.71
4357,Fashion,333.32,2.22
4358,Education,346.36,2.01
4359,Fashion,483.44,4.29
4360,Electronics,218.44,4.14
4361,Education,207.28,1.3
4362,Education,354.85,2.62
4363,Gaming,465.51,2.23
4364,Gaming,422.45,3.72
4365,Education,427.4,2.17
4366,Sports,233.37,4.29
4367,Movies,323.69,2.44
4368,Music,258.44,4.98
4369,Music,372.21,3.46
4370,Education,414.82,2.77
4371,Gaming,475.28,3.21
4372,Movies,166.8,1.34
4373,Electronics,190.97,3.27
4374,Sports,353.11,4.5
4375,Books,472.26,1.41
4376,Gaming,302.45,3.67
4377,Gaming,90.17,3.18
4378,Movies,170.74,1.31
4379,Gaming,37.6,4.04
4380,Electronics,309.65,3.86
4381,Fashion,344.21,1.54
4382,Fashion,80.02,2.01
4383,Movies,202.55,4.76
4384,Sports,338.58,2.02
4385,Fashion,32.71,3.74
4386,Fashion,314.53,3.7
4387,Music,134.28,3.07
4388,Electronics,184.04,4.27
4389,Books,39.35,2.1
4390,Movies,303.46,1.82
4391,Fashion,337.99,1.55
4392,Music,16.29,4.45
4393,Education,170.05,1.63
4394,Gaming,90.49,4.54
4395,Fashion,328.94,4.83
4396,Education,401.02,4.07
4397,Electronics,252.41,4.28
4398,Fashion,209.26,4.31
4399,Sports,380.08,3.71
4400,Fashion,168.21,3.52
4401,Movies,255.86,2.85
4402,Movies,495.17,3.02
4403,Books,20.83,3.51
4404,Fashion,365.37,4.54
4405,Sports,318.18,1.08
4406,Sports,64.27,1.64
4407,Gaming,109.57,4.2
4408,Books,158.33,2.25
4409,Sports,379.02,2.65
4410,Fashion,37.0,3.34
4411,Music,69.38,3.29
4412,Electronics,390.92,4.72
4413,Education,38.19,2.22
4414,Fashion,327.97,2.26
4415,Music,228.26,1.08
4416,Books,348.28,4.53
4417,Education,488.55,4.32
4418,Gaming,20.73,3.61
4419,Sports,250.35,4.75
4420,Education,451.56,4.95
4421,Gaming,431.66,3.19
4422,Education,358.88,4.86
4423,Sports,291.17,4.36
4424,Books,471.39,3.28
4425,Gaming,83.78,1.62
4426,Fashion,62.08,2.91
4427,Music,242.67,3.47
4428,Fashion,244.02,4.89
4429,Gaming,149.2,4.5
4430,Music,54.66,3.41
4431,Movies,325.92,4.09
4432,Gaming,254.0,1.79
4433,Gaming,187.65,2.09
4434,Books,212.46,3.12
4435,Music,314.41,4.38
4436,Education,455.46,2.85
4437,Electronics,48.89,4.19
4438,Sports,241.19,3.19
4439,Fashion,299.92,3.67
4440,Sports,445.6,4.81
4441,Music,470.38,4.24
4442,Music,445.17,1.2
4443,Music,425.31,1.29
4444,Electronics,374.37,1.68
4445,Gaming,183.25,1.74
4446,Books,224.51,2.65
4447,Sports,28.79,4.32
4448,Fashion,427.82,4.15
4449,Education,424.57,4.0
4450,Sports,469.05,3.31
4451,Electronics,293.41,4.44
4452,Sports,177.96,1.2
4453,Movies,376.18,2.02
4454,Gaming,239.75,1.96
4455,Books,414.41,4.83
4456,Music,32.24,1.93
4457,Gaming,98.83,3.69
4458,Fashion,217.2,2.83
4459,Gaming,82.75,2.66
4460,Fashion,155.1,3.44
4461,Movies,112.53,3.46
4462,Movies,191.98,2.39
4463,Gaming,156.25,3.7
4464,Education,283.4,4.41
4465,Electronics,124.6,1.16
4466,Movies,95.1,2.37
4467,Gaming,93.93,1.33
4468,Fashion,225.44,3.71
4469,Fashion,377.03,2.59
4470,Gaming,241.63,4.02
4471,Books,179.59,4.14
4472,Education,483.85,4.52
4473,Books,229.53,3.32
4474,Music,359.63,2.4
4475,Books,400.62,2.75
4476,Gaming,424.19,2.02
4477,Electronics,10.63,3.53
4478,Fashion,228.69,1.24
4479,Music,246.37,1.67
4480,Fashion,316.73,2.78
4481,Gaming,89.71,2.65
4482,Education,120.19,3.61
4483,Electronics,151.1,4.29
4484,Education,12.01,2.61
4485,Gaming,310.45,1.09
4486,Gaming,111.84,2.31
4487,Electronics,15.81,3.19
4488,Movies,317.28,1.91
4489,Gaming,274.02,5.0
4490,Movies,444.03,1.23
4491,Books,68.3,2.98
4492,Education,126.37,1.32
4493,Music,131.0,1.24
4494,Education,267.31,2.96
4495,Music,8.13,2.93
4496,Music,262.3,3.42
4497,Books,485.2,4.93
4498,Fashion,265.83,4.38
4499,Gaming,47.16,3.12
4500,Gaming,341.06,3.26
4501,Books,119.21,1.25
4502,Fashion,196.4,3.59
4503,Electronics,495.9,1.95
4504,Music,459.31,1.27
4505,Movies,465.84,4.33
4506,Sports,15.37,2.19
4507,Education,30.22,4.98
4508,Gaming,216.78,3.65
4509,Electronics,120.92,4.73
4510,Education,140.72,2.04
4511,Movies,160.73,2.85
4512,Electronics,14.17,3.39
4513,Books,20.67,3.16
4514,Education,231.65,1.97
4515,Education,168.24,3.82
4516,Music,9.75,2.27
4517,Electronics,341.75,1.61
4518,Music,282.39,1.68
4519,Movies,81.61,4.09
4520,Gaming,136.93,2.5
4521,Music,366.36,1.72
4522,Movies,268.21,4.67
4523,Electronics,279.14,1.2
4524,Movies,296.9,1.36
4525,Fashion,144.65,4.4
4526,Movies,10.48,1.31
4527,Music,184.87,5.0
4528,Gaming,149.47,1.63
4529,Electronics,276.96,3.08
4530,Education,227.56,4.79
4531,Music,143.67,2.17
4532,Movies,74.43,3.79
4533,Electronics,164.08,4.21
4534,Books,486.02,1.17
4535,Music,496.6,2.02
4536,Electronics,212.95,4.11
4537,Gaming,334.34,4.11
4538,Sports,235.83,4.66
4539,Fashion,396.02,2.24
4540,Books,474.5,4.84
4541,Books,210.45,3.61
4542,Fashion,408.31,4.27
4543,Fashion,11.99,3.52
4544,Education,486.98,1.93
4545,Gaming,398.83,3.14
4546,Movies,114.63,1.2
4547,Music,381.16,2.27
4548,Education,190.92,2.94
4549,Sports,256.06,1.82
4550,Education,336.97,3.77
4551,Electronics,75.44,3.13
4552,Books,306.58,1.75
4553,Music,447.76,2.93
4554,Music,61.94,2.34
4555,Electronics,241.1,1.04
4556,Fashion,20.8,1.22
4557,Books,271.38,2.34
4558,Gaming,447.09,3.24
4559,Books,381.15,3.75
4560,Music,262.56,3.98
4561,Movies,274.63,2.54
4562,Gaming,220.72,4.35
4563,Gaming,283.82,2.51
4564,Electronics,93.97,2.98
4565,Fashion,129.94,4.82
4566,Movies,248.04,1.04
4567,Books,50.97,2.14
4568,Gaming,50.62,4.58
4569,Books,427.9,4.88
4570,Sports,354.7,3.58
4571,Movies,462.13,4.79
4572,Movies,439.36,4.45
4573,Sports,337.49,1.01
4574,Electronics,217.61,3.54
4575,Music,275.83,4.28
4576,Education,410.36,3.39
4577,Sports,15.89,2.48
4578,Gaming,118.26,2.36
4579,Movies,310.56,1.27
4580,Fashion,16.01,2.75
4581,Movies,397.82,1.12
4582,Electronics,425.28,2.54
4583,Gaming,63.53,3.27
4584,Fashion,476.42,3.17
4585,Movies,344.88,4.27
4586,Movies,400.67,1.29
4587,Electronics,371.79,4.8
4588,Gaming,351.82,4.35
4589,Sports,245.35,2.28
4590,Electronics,339.74,2.97
4591,Gaming,448.17,4.9
4592,Fashion,410.8,4.97
4593,Movies,177.44,4.58
4594,Movies,168.32,1.47
4595,Education,312.58,2.82
4596,Music,461.24,2.97
4597,Books,464.18,1.31
4598,Sports,416.1,4.04
4599,Sports,361.39,2.42
4600,Electronics,392.96,2.93
4601,Music,359.03,3.21
4602,Sports,82.93,1.26
4603,Books,186.26,4.73
4604,Movies,267.22,4.21
4605,Education,290.1,4.83
4606,Gaming,187.88,1.23
4607,Music,391.43,3.82
4608,Gaming,266.13,2.31
4609,Education,98.19,2.93
4610,Electronics,334.77,3.32
4611,Music,221.56,3.16
4612,Music,58.44,3.78
4613,Music,368.46,1.05
4614,Music,138.91,1.37
4615,Education,499.12,3.37
4616,Fashion,235.54,2.85
4617,Education,482.56,3.64
4618,Education,88.49,2.79
4619,Sports,388.23,2.69
4620,Fashion,158.22,4.96
4621,Gaming,468.14,4.77
4622,Movies,70.18,1.94
4623,Gaming,223.82,4.33
4624,Electronics,369.73,4.4
4625,Books,460.78,4.12
4626,Education,134.58,2.14
4627,Music,179.48,2.21
4628,Books,128.3,4.01
4629,Sports,21.83,3.91
4630,Music,412.66,1.26
4631,Movies,35.61,2.14
4632,Movies,108.11,3.32
4633,Music,339.35,3.54
4634,Education,181.89,2.99
4635,Education,321.8,1.48
4636,Electronics,118.61,4.56
4637,Fashion,174.45,4.2
4638,Fashion,129.24,1.17
4639,Music,252.7,4.57
4640,Gaming,410.55,2.01
4641,Gaming,455.42,2.92
4642,Electronics,29.25,1.11
4643,Movies,245.13,3.19
4644,Education,44.56,4.69
4645,Sports,360.52,4.21
4646,Gaming,294.09,3.65
4647,Fashion,196.99,3.72
4648,Gaming,489.2,3.59
4649,Books,174.11,2.14
4650,Books,481.86,1.74
4651,Gaming,404.07,2.86
4652,Sports,224.66,3.99
4653,Sports,78.28,2.87
4654,Books,22.74,3.68
4655,Movies,33.9,1.35
4656,Fashion,423.19,2.77
4657,Fashion,104.48,3.37
4658,Gaming,262.05,2.64
4659,Gaming,453.18,4.0
4660,Music,80.04,3.28
4661,Sports,48.93,1.98
4662,Gaming,455.38,2.85
4663,Movies,446.59,1.66
4664,Music,106.64,2.41
4665,Music,186.33,3.98
4666,Books,301.71,3.21
4667,Music,303.18,3.93
4668,Gaming,446.94,2.66
4669,Sports,402.45,2.98
4670,Gaming,362.43,4.5
4671,Education,20.95,3.19
4672,Education,494.74,2.98
4673,Movies,432.83,1.74
4674,Education,304.12,4.48
4675,Fashion,218.61,2.95
4676,Fashion,45.6,1.17
4677,Gaming,237.01,4.37
4678,Movies,466.01,3.63
4679,Electronics,414.07,3.94
4680,Music,352.24,4.08
4681,Education,255.12,2.83
4682,Fashion,83.78,4.38
4683,Books,27.08,2.07
4684,Gaming,262.36,4.89
4685,Gaming,394.06,2.47
4686,Gaming,358.4,4.73
4687,Gaming,271.75,2.85
4688,Sports,278.73,2.25
4689,Electronics,454.14,4.19
4690,Sports,354.21,3.36
4691,Fashion,484.89,2.19
4692,Books,145.15,1.97
4693,Gaming,372.18,4.19
4694,Electronics,300.57,3.61
4695,Music,177.74,1.16
4696,Sports,130.55,3.34
4697,Fashion,407.4,4.11
4698,Education,93.85,1.21
4699,Books,426.03,1.3
4700,Music,199.69,1.38
4701,Electronics,284.2,2.45
4702,Gaming,105.23,3.38
4703,Sports,184.88,1.67
4704,Fashion,351.54,4.35
4705,Education,140.5,1.75
4706,Music,42.25,3.11
4707,Sports,416.49,2.0
4708,Fashion,233.02,1.64
4709,Education,205.08,1.06
4710,Sports,455.81,3.71
4711,Music,169.74,4.52
4712,Fashion,95.55,1.31
4713,Movies,471.6,2.24
4714,Books,468.31,3.55
4715,Electronics,490.12,4.01
4716,Sports,57.21,4.41
4717,Education,78.2,3.77
4718,Education,252.7,3.83
4719,Sports,383.67,4.21
4720,Education,418.32,4.39
4721,Sports,209.22,4.56
4722,Fashion,361.19,4.36
4723,Education,494.65,1.47
4724,Books,188.44,4.23
4725,Music,47.72,3.16
4726,Fashion,429.91,1.08
4727,Sports,470.06,4.91
4728,Education,164.53,4.07
4729,Books,67.95,4.09
4730,Electronics,243.35,4.44
4731,Electronics,110.24,3.69
4732,Gaming,394.13,1.81
4733,Education,410.05,4.83
4734,Gaming,309.96,4.14
4735,Books,268.63,3.39
4736,Gaming,11.61,3.1
4737,Movies,289.9,3.68
4738,Books,88.85,1.97
4739,Electronics,379.22,1.67
4740,Education,210.93,2.0
4741,Education,274.87,4.95
4742,Electronics,426.76,2.08
4743,Movies,187.46,4.67
4744,Gaming,449.66,1.64
4745,Electronics,415.49,2.19
4746,Music,274.18,1.02
4747,Gaming,499.3,4.04
4748,Education,124.66,3.74
4749,Gaming,150.19,1.36
4750,Books,215.53,3.45
4751,Books,49.44,3.07
4752,Fashion,259.86,3.51
4753,Movies,126.1,1.08
4754,Books,165.8,2.59
4755,Fashion,319.69,4.72
4756,Music,105.68,3.75
4757,Gaming,53.21,1.76
4758,Music,257.02,3.83
4759,Fashion,429.99,3.98
4760,Sports,12.6,3.74
4761,Education,413.21,3.1
4762,Sports,482.97,1.02
4763,Movies,410.24,2.34
4764,Books,326.97,3.77
4765,Music,156.59,4.98
4766,Books,56.11,1.63
4767,Education,446.63,1.48
4768,Education,193.74,3.93
4769,Sports,396.79,4.82
4770,Movies,395.84,4.38
4771,Music,474.94,3.21
4772,Movies,175.0,4.05
4773,Education,85.95,1.27
4774,Music,393.74,4.8
4775,Education,224.01,1.64
4776,Movies,251.03,2.57
4777,Movies,189.37,3.51
4778,Electronics,91.49,2.52
4779,Fashion,435.0,3.92
4780,Fashion,32.52,3.06
4781,Movies,50.19,4.83
4782,Electronics,126.1,4.73
4783,Sports,417.83,3.21
4784,Music,171.47,4.43
4785,Music,80.63,1.72
4786,Movies,116.24,3.39
4787,Movies,160.59,4.96
4788,Fashion,101.58,4.22
4789,Movies,52.44,2.41
4790,Education,125.66,4.91
4791,Education,17.74,3.89
4792,Movies,127.62,4.24
4793,Fashion,159.06,1.75
4794,Fashion,348.05,2.03
4795,Fashion,245.35,1.53
4796,Movies,363.68,2.63
4797,Gaming,74.59,3.97
4798,Movies,56.16,3.3
4799,Sports,305.71,4.72
4800,Electronics,79.74,3.61
4801,Sports,193.48,2.6
4802,Movies,253.4,1.94
4803,Fashion,233.29,3.75
4804,Electronics,231.27,1.17
4805,Movies,132.62,2.41
4806,Music,180.59,1.32
4807,Gaming,227.54,3.77
4808,Education,29.09,4.0
4809,Fashion,477.78,1.04
4810,Music,100.88,3.17
4811,Fashion,112.93,4.06
4812,Music,159.51,2.17
4813,Music,5.46,2.08
4814,Gaming,112.75,2.37
4815,Education,78.09,3.38
4816,Fashion,123.18,4.33
4817,Education,145.86,1.84
4818,Fashion,33.09,3.96
4819,Education,256.56,1.46
4820,Gaming,114.56,4.99
4821,Electronics,403.98,2.4
4822,Books,273.56,2.66
4823,Music,23.01,4.11
4824,Sports,359.91,2.64
4825,Movies,423.72,3.14
4826,Sports,37.28,2.04
4827,Sports,233.58,1.41
4828,Fashion,287.69,1.48
4829,Movies,104.25,4.58
4830,Books,499.91,3.2
4831,Sports,311.73,4.19
4832,Music,349.59,1.73
4833,Education,208.78,3.14
4834,Education,183.06,1.7
4835,Electronics,369.38,1.8
4836,Sports,133.94,2.15
4837,Sports,85.08,4.4
4838,Music,307.26,4.34
4839,Electronics,249.4,3.08
4840,Gaming,309.99,2.48
4841,Books,250.81,3.19
4842,Music,477.0,4.53
4843,Books,68.98,1.17
4844,Movies,341.77,1.2
4845,Books,34.87,1.64
4846,Electronics,179.1,2.74
4847,Education,262.09,4.97
4848,Sports,195.69,1.97
4849,Sports,289.75,1.86
4850,Movies,470.57,2.04
4851,Fashion,495.02,2.67
4852,Sports,407.28,3.59
4853,Sports,467.08,3.5
4854,Education,292.7,3.61
4855,Fashion,394.3,4.6
4856,Electronics,137.07,1.8
4857,Movies,22.0,2.48
4858,Movies,423.86,1.28
4859,Books,271.57,3.78
4860,Sports,419.24,3.33
4861,Books,97.23,4.86
4862,Fashion,51.85,4.08
4863,Movies,47.85,1.57
4864,Electronics,449.62,4.01
4865,Sports,185.93,3.55
4866,Sports,231.34,1.27
4867,Sports,361.96,4.05
4868,Education,441.76,3.16
4869,Education,338.2,2.75
4870,Books,162.86,2.65
4871,Electronics,456.32,1.66
4872,Music,128.01,3.42
4873,Books,62.56,4.57
4874,Sports,28.38,4.02
4875,Education,190.0,1.2
4876,Books,422.25,3.56
4877,Education,9.39,2.07
4878,Books,179.26,2.29
4879,Education,251.68,3.11
4880,Sports,201.39,2.33
4881,Books,254.68,1.13
4882,Sports,324.37,3.42
4883,Education,143.21,1.72
4884,Movies,41.13,3.35
4885,Electronics,286.61,3.13
4886,Gaming,492.88,3.13
4887,Books,362.29,1.45
4888,Education,152.99,2.1
4889,Sports,290.11,2.32
4890,Education,322.33,3.76
4891,Electronics,21.68,3.56
4892,Movies,62.81,2.86
4893,Gaming,364.66,3.81
4894,Movies,153.41,2.09
4895,Education,222.91,1.75
4896,Fashion,487.48,2.38
4897,Music,461.88,4.63
4898,Education,185.6,2.02
4899,Movies,386.56,1.92
4900,Movies,263.02,1.44
4901,Movies,196.04,1.31
4902,Sports,145.3,3.66
4903,Music,495.7,2.02
4904,Movies,239.29,2.79
4905,Movies,96.16,3.44
4906,Education,363.73,1.59
4907,Books,379.78,3.8
4908,Fashion,102.68,3.6
4909,Education,199.87,3.72
4910,Electronics,250.57,1.19
4911,Music,394.55,3.22
4912,Education,363.77,1.5
4913,Education,362.03,2.65
4914,Fashion,400.64,3.4
4915,Fashion,180.68,1.81
4916,Books,408.88,3.24
4917,Gaming,493.8,2.49
4918,Movies,344.43,3.49
4919,Books,320.6,3.95
4920,Education,73.86,3.2
4921,Music,257.02,2.37
4922,Fashion,220.89,3.08
4923,Sports,163.86,2.17
4924,Books,370.44,1.27
4925,Sports,159.92,3.61
4926,Sports,108.34,3.29
4927,Movies,154.57,4.37
4928,Movies,178.24,1.92
4929,Music,267.4,1.54
4930,Education,399.75,3.72
4931,Books,386.4,2.6
4932,Movies,418.33,2.97
4933,Sports,51.88,1.9
4934,Fashion,356.97,4.59
4935,Music,52.12,4.46
4936,Fashion,400.54,2.43
4937,Sports,346.19,1.75
4938,Gaming,407.63,3.63
4939,Fashion,222.22,4.46
4940,Fashion,73.92,4.38
4941,Fashion,16.82,4.01
4942,Music,288.82,3.79
4943,Education,209.11,4.46
4944,Gaming,160.01,2.1
4945,Movies,154.37,4.1
4946,Sports,250.17,3.15
4947,Movies,416.67,4.33
4948,Education,85.06,3.2
4949,Movies,67.38,4.47
4950,Music,419.32,4.4
4951,Fashion,353.9,2.87
4952,Movies,205.34,2.58
4953,Music,37.78,4.8
4954,Music,227.89,4.72
4955,Music,440.23,4.31
4956,Education,296.21,1.41
4957,Movies,165.34,3.41
4958,Gaming,11.66,1.17
4959,Gaming,340.44,4.55
4960,Gaming,428.31,1.67
4961,Electronics,456.06,3.79
4962,Gaming,359.58,2.22
4963,Electronics,359.42,3.84
4964,Gaming,299.36,2.43
4965,Music,406.45,4.75
4966,Fashion,435.59,1.97
4967,Education,225.61,2.37
4968,Movies,355.2,4.33
4969,Electronics,111.82,4.79
4970,Sports,340.28,1.87
4971,Sports,188.69,1.42
4972,Movies,300.55,1.68
4973,Movies,348.08,3.95
4974,Music,242.27,1.38
4975,Electronics,307.38,2.49
4976,Music,475.08,3.05
4977,Gaming,40.77,3.54
4978,Gaming,390.78,1.64
4979,Music,227.28,3.97
4980,Sports,15.14,1.12
4981,Sports,340.07,3.9
4982,Education,423.71,2.6
4983,Movies,197.94,3.21
4984,Books,379.88,3.56
4985,Books,167.03,2.39
4986,Sports,382.69,3.14
4987,Fashion,53.5,1.61
4988,Music,426.34,5.0
4989,Education,171.16,2.55
4990,Education,81.47,1.94
4991,Electronics,215.19,2.14
4992,Gaming,352.21,3.15
4993,Education,412.04,3.9
4994,Sports,68.41,1.49
4995,Movies,448.35,4.28
4996,Gaming,236.62,1.52
4997,Electronics,449.8,1.92
4998,Books,22.59,4.7
4999,Electronics,405.42,3.77
