user_id,age,premium_user,favorite_category,secondary_category
0,56,1,Books,Electronics
1,32,1,Movies,Books
2,38,0,Sports,Books
3,36,0,Books,Gaming
4,28,1,Books,Music
5,53,0,Gaming,Electronics
6,20,0,Electronics,Books
7,19,1,Sports,Books
8,47,0,Electronics,Music
9,38,0,Sports,Gaming
10,39,0,Gaming,Books
11,42,0,Education,Movies
12,59,0,Movies,Education
13,33,0,Electronics,Education
14,64,0,Fashion,Gaming
15,61,0,Gaming,Fashion
16,20,1,Movies,Books
17,24,0,Sports,Education
18,56,0,Music,Electronics
19,42,1,Books,Movies
20,67,0,Books,Sports
21,43,0,Music,Movies
22,37,0,Movies,Education
23,24,0,Electronics,Gaming
24,25,0,Education,Movies
25,31,0,Books,Movies
26,67,0,Books,Music
27,19,0,Movies,Education
28,59,0,Music,Movies
29,46,1,Sports,Gaming
30,43,0,Books,Electronics
31,27,1,Sports,Education
32,31,1,Movies,Electronics
33,32,0,Sports,Education
34,40,0,Books,Movies
35,57,1,Movies,Sports
36,62,0,Music,Books
37,41,0,Music,Fashion
38,62,0,Sports,Gaming
39,32,0,Movies,Gaming
40,42,1,Books,Music
41,41,0,Fashion,Music
42,25,0,Sports,Books
43,28,0,Education,Sports
44,25,1,Movies,Gaming
45,50,0,Sports,Gaming
46,59,0,Music,Education
47,58,1,Electronics,Fashion
48,26,0,Electronics,Education
49,51,0,Music,Sports
50,40,0,Movies,Electronics
51,54,1,Sports,Music
52,57,0,Music,Books
53,52,0,Education,Sports
54,54,1,Education,Books
55,20,1,Movies,Books
56,43,0,Sports,Gaming
57,31,0,Movies,Gaming
58,26,1,Gaming,Movies
59,43,0,Gaming,Fashion
60,30,0,Sports,Books
61,49,0,Education,Electronics
62,69,0,Electronics,Education
63,21,1,Books,Fashion
64,40,0,Fashion,Education
65,32,1,Gaming,Movies
66,53,1,Books,Movies
67,24,0,Gaming,Movies
68,39,1,Education,Movies
69,59,1,Movies,Music
70,23,0,Electronics,Gaming
71,61,0,Books,Gaming
72,47,1,Movies,Education
73,45,0,Music,Electronics
74,50,0,Movies,Sports
75,44,0,Fashion,Movies
76,69,0,Electronics,Gaming
77,20,0,Movies,Music
78,25,0,Fashion,Music
79,54,0,Books,Education
80,59,0,Movies,Education
81,32,0,Sports,Books
82,49,0,Music,Education
83,58,0,Fashion,Music
84,66,0,Electronics,Music
85,29,0,Music,Sports
86,19,1,Electronics,Books
87,54,0,Music,Education
88,34,0,Movies,Books
89,19,0,Electronics,Fashion
90,40,0,Books,Electronics
91,50,0,Education,Gaming
92,19,0,Books,Education
93,43,1,Fashion,Books
94,49,0,Education,Movies
95,28,0,Fashion,Sports
96,34,1,Gaming,Books
97,41,0,Sports,Gaming
98,51,0,Movies,Sports
99,28,1,Music,Sports
100,33,1,Education,Electronics
101,23,0,Sports,Books
102,20,0,Books,Sports
103,53,0,Electronics,Music
104,20,1,Sports,Music
105,37,0,Sports,Electronics
106,69,1,Books,Gaming
107,57,0,Electronics,Fashion
108,35,1,Books,Electronics
109,28,0,Music,Electronics
110,42,0,Sports,Fashion
111,48,1,Education,Books
112,52,0,Fashion,Gaming
113,33,1,Education,Books
114,69,0,Education,Gaming
115,19,1,Gaming,Books
116,29,0,Books,Electronics
117,49,0,Gaming,Fashion
118,26,0,Gaming,Sports
119,36,1,Education,Gaming
120,20,1,Electronics,Gaming
121,50,0,Books,Electronics
122,28,1,Gaming,Music
123,53,1,Music,Education
124,37,0,Books,Fashion
125,65,0,Sports,Books
126,52,1,Education,Books
127,35,0,Gaming,Books
128,35,0,Movies,Sports
129,52,0,Sports,Education
130,58,0,Books,Movies
131,21,0,Books,Electronics
132,38,0,Electronics,Books
133,25,1,Sports,Books
134,34,0,Gaming,Sports
135,65,0,Education,Books
136,68,0,Gaming,Electronics
137,39,0,Fashion,Movies
138,55,1,Electronics,Movies
139,68,1,Movies,Education
140,44,0,Education,Fashion
141,38,0,Gaming,Music
142,45,0,Education,Books
143,50,0,Sports,Fashion
144,65,0,Sports,Electronics
145,52,1,Electronics,Gaming
146,34,1,Music,Electronics
147,47,1,Electronics,Music
148,23,0,Education,Movies
149,58,1,Fashion,Electronics
150,46,0,Books,Education
151,48,1,Fashion,Electronics
152,50,0,Books,Gaming
153,38,0,Sports,Movies
154,50,0,Books,Music
155,35,0,Sports,Music
156,48,1,Electronics,Music
157,20,0,Books,Movies
158,41,0,Music,Fashion
159,64,1,Sports,Gaming
160,19,0,Music,Books
161,59,1,Movies,Sports
162,34,1,Fashion,Gaming
163,26,1,Movies,Sports
164,65,0,Music,Education
165,59,1,Books,Electronics
166,52,0,Education,Movies
167,41,1,Books,Electronics
168,24,0,Sports,Music
169,62,0,Movies,Books
170,25,1,Music,Electronics
171,33,0,Sports,Fashion
172,68,0,Movies,Books
173,45,0,Education,Gaming
174,49,0,Movies,Music
175,39,0,Electronics,Gaming
176,39,0,Movies,Gaming
177,39,0,Books,Fashion
178,59,1,Movies,Electronics
179,60,0,Books,Gaming
180,50,1,Fashion,Sports
181,61,1,Movies,Music
182,56,0,Sports,Gaming
183,62,0,Music,Books
184,47,0,Movies,Music
185,57,1,Education,Fashion
186,30,1,Electronics,Books
187,59,0,Gaming,Education
188,34,0,Movies,Electronics
189,36,0,Electronics,Sports
190,43,0,Fashion,Gaming
191,40,0,Movies,Books
192,29,0,Education,Movies
193,18,0,Gaming,Movies
194,49,0,Electronics,Books
195,65,0,Books,Gaming
196,62,0,Fashion,Music
197,33,0,Electronics,Education
198,22,0,Music,Movies
199,20,0,Fashion,Movies
200,33,0,Fashion,Electronics
201,39,0,Movies,Fashion
202,31,0,Electronics,Sports
203,64,0,Sports,Gaming
204,63,1,Sports,Gaming
205,22,0,Books,Sports
206,43,1,Gaming,Movies
207,38,0,Fashion,Books
208,50,0,Fashion,Education
209,54,0,Fashion,Movies
210,27,1,Electronics,Fashion
211,53,0,Music,Education
212,48,0,Gaming,Education
213,36,0,Sports,Fashion
214,18,0,Fashion,Education
215,62,0,Books,Movies
216,41,1,Electronics,Education
217,19,0,Education,Books
218,49,1,Sports,Education
219,41,0,Education,Fashion
220,52,0,Movies,Education
221,50,1,Sports,Books
222,60,1,Electronics,Gaming
223,20,1,Sports,Movies
224,57,1,Music,Fashion
225,61,0,Books,Education
226,29,0,Movies,Fashion
227,19,0,Gaming,Music
228,67,0,Music,Electronics
229,34,0,Books,Sports
230,46,1,Fashion,Music
231,43,0,Movies,Electronics
232,68,0,Books,Music
233,21,0,Gaming,Fashion
234,67,0,Music,Sports
235,46,0,Books,Movies
236,42,1,Sports,Fashion
237,53,0,Electronics,Gaming
238,26,0,Gaming,Electronics
239,52,1,Sports,Fashion
240,65,0,Gaming,Electronics
241,66,1,Music,Movies
242,41,1,Music,Gaming
243,49,1,Books,Gaming
244,66,0,Movies,Music
245,40,1,Movies,Gaming
246,58,0,Gaming,Fashion
247,66,0,Gaming,Music
248,65,0,Movies,Music
249,30,1,Fashion,Books
250,66,0,Gaming,Music
251,58,1,Gaming,Music
252,26,0,Fashion,Music
253,31,0,Movies,Sports
254,69,0,Electronics,Sports
255,64,0,Movies,Books
256,22,0,Gaming,Education
257,42,0,Music,Sports
258,38,1,Education,Sports
259,40,1,Sports,Music
260,56,0,Education,Gaming
261,59,1,Fashion,Gaming
262,31,0,Books,Sports
263,22,1,Music,Electronics
264,46,0,Sports,Gaming
265,35,1,Movies,Books
266,26,1,Sports,Books
267,61,1,Electronics,Books
268,55,0,Sports,Movies
269,30,0,Books,Movies
270,26,1,Gaming,Music
271,19,0,Sports,Gaming
272,54,0,Gaming,Sports
273,25,0,Gaming,Books
274,18,1,Fashion,Gaming
275,34,1,Electronics,Education
276,42,0,Books,Education
277,53,0,Gaming,Books
278,48,0,Fashion,Education
279,61,0,Education,Electronics
280,44,0,Sports,Education
281,36,0,Books,Movies
282,20,0,Fashion,Education
283,67,0,Education,Music
284,37,0,Music,Education
285,58,1,Education,Movies
286,20,0,Gaming,Education
287,66,0,Education,Books
288,50,0,Education,Sports
289,23,1,Movies,Education
290,62,1,Sports,Education
291,64,1,Movies,Education
292,38,1,Education,Music
293,54,0,Sports,Fashion
294,36,1,Education,Electronics
295,35,0,Movies,Books
296,66,0,Movies,Fashion
297,48,1,Music,Movies
298,20,1,Books,Fashion
299,28,0,Fashion,Books
300,49,0,Gaming,Music
301,55,0,Fashion,Gaming
302,45,0,Sports,Electronics
303,45,0,Gaming,Sports
304,25,0,Music,Movies
305,67,0,Education,Sports
306,54,1,Electronics,Fashion
307,44,0,Gaming,Sports
308,34,0,Electronics,Education
309,37,0,Gaming,Sports
310,65,0,Electronics,Sports
311,63,0,Movies,Education
312,23,1,Gaming,Education
313,22,0,Gaming,Movies
314,19,0,Sports,Movies
315,47,1,Sports,Fashion
316,62,0,Gaming,Sports
317,50,1,Electronics,Movies
318,35,1,Music,Gaming
319,66,0,Gaming,Music
320,43,0,Fashion,Education
321,39,1,Education,Books
322,66,1,Electronics,Movies
323,51,0,Electronics,Books
324,18,0,Gaming,Books
325,23,0,Education,Books
326,22,1,Electronics,Sports
327,55,1,Gaming,Fashion
328,40,1,Sports,Movies
329,54,1,Music,Fashion
330,36,0,Gaming,Fashion
331,31,0,Gaming,Fashion
332,18,1,Books,Movies
333,30,0,Electronics,Gaming
334,18,0,Electronics,Sports
335,49,0,Sports,Gaming
336,48,0,Books,Education
337,43,0,Electronics,Education
338,20,0,Electronics,Fashion
339,29,1,Sports,Education
340,61,0,Electronics,Music
341,47,1,Fashion,Books
342,34,0,Fashion,Movies
343,64,0,Books,Music
344,54,0,Sports,Movies
345,19,1,Movies,Education
346,56,0,Music,Books
347,51,0,Books,Education
348,51,0,Fashion,Sports
349,32,0,Books,Music
350,51,0,Electronics,Sports
351,55,0,Gaming,Sports
352,32,0,Sports,Electronics
353,59,1,Sports,Electronics
354,22,1,Movies,Education
355,27,1,Books,Education
356,27,1,Electronics,Sports
357,37,0,Gaming,Music
358,51,0,Music,Electronics
359,19,0,Music,Electronics
360,60,0,Gaming,Education
361,28,0,Education,Electronics
362,40,0,Gaming,Fashion
363,48,0,Education,Music
364,33,0,Fashion,Movies
365,57,0,Fashion,Gaming
366,42,1,Movies,Music
367,20,0,Education,Sports
368,49,0,Gaming,Education
369,68,0,Movies,Fashion
370,22,0,Sports,Education
371,59,0,Books,Sports
372,38,0,Education,Books
373,22,0,Education,Movies
374,43,1,Gaming,Fashion
375,66,0,Electronics,Movies
376,62,0,Music,Books
377,43,1,Education,Books
378,39,0,Music,Education
379,47,0,Movies,Fashion
380,65,0,Movies,Music
381,43,1,Movies,Music
382,25,1,Electronics,Music
383,69,0,Sports,Electronics
384,39,0,Sports,Gaming
385,45,0,Gaming,Sports
386,41,1,Sports,Gaming
387,43,0,Education,Music
388,68,1,Education,Sports
389,64,1,Electronics,Books
390,60,0,Movies,Books
391,62,1,Gaming,Music
392,55,0,Sports,Fashion
393,32,0,Music,Sports
394,54,0,Music,Sports
395,56,0,Music,Fashion
396,56,0,Education,Fashion
397,61,0,Movies,Fashion
398,30,0,Sports,Electronics
399,21,0,Sports,Fashion
400,58,0,Books,Gaming
401,64,0,Fashion,Books
402,39,0,Sports,Gaming
403,25,0,Education,Fashion
404,61,0,Movies,Electronics
405,58,0,Sports,Fashion
406,69,0,Sports,Fashion
407,51,0,Fashion,Sports
408,62,0,Electronics,Gaming
409,50,0,Fashion,Sports
410,38,0,Electronics,Books
411,65,0,Movies,Gaming
412,28,0,Fashion,Gaming
413,47,0,Education,Electronics
414,26,0,Electronics,Music
415,68,0,Movies,Sports
416,54,1,Education,Sports
417,48,1,Music,Books
418,37,1,Electronics,Sports
419,21,0,Education,Electronics
420,66,0,Books,Movies
421,55,0,Education,Electronics
422,19,0,Electronics,Fashion
423,25,0,Fashion,Education
424,62,1,Movies,Electronics
425,23,1,Sports,Electronics
426,21,0,Gaming,Movies
427,50,1,Sports,Education
428,29,0,Gaming,Sports
429,43,1,Education,Fashion
430,55,0,Gaming,Fashion
431,28,1,Electronics,Music
432,30,0,Books,Education
433,50,0,Sports,Gaming
434,27,0,Sports,Fashion
435,27,1,Books,Fashion
436,30,0,Sports,Books
437,37,0,Books,Fashion
438,54,0,Electronics,Movies
439,26,0,Education,Music
440,41,0,Education,Fashion
441,52,0,Electronics,Fashion
442,66,1,Movies,Gaming
443,61,0,Movies,Gaming
444,28,1,Education,Electronics
445,29,0,Sports,Fashion
446,18,1,Sports,Movies
447,39,0,Books,Music
448,46,0,Sports,Gaming
449,58,1,Fashion,Sports
450,47,1,Fashion,Electronics
451,54,1,Electronics,Fashion
452,31,0,Movies,Music
453,21,0,Movies,Sports
454,59,0,Books,Movies
455,57,0,Movies,Gaming
456,57,0,Gaming,Fashion
457,68,0,Education,Sports
458,50,1,Books,Music
459,32,0,Electronics,Movies
460,34,1,Music,Movies
461,19,0,Movies,Electronics
462,57,0,Books,Fashion
463,56,0,Electronics,Education
464,23,0,Movies,Music
465,68,0,Electronics,Education
466,69,1,Fashion,Movies
467,46,0,Education,Fashion
468,47,1,Fashion,Music
469,53,1,Gaming,Music
470,50,1,Education,Electronics
471,44,1,Education,Fashion
472,21,0,Gaming,Fashion
473,27,0,Music,Gaming
474,27,0,Books,Education
475,55,0,Fashion,Sports
476,64,1,Gaming,Music
477,41,0,Education,Fashion
478,32,1,Gaming,Education
479,22,0,Electronics,Movies
480,21,1,Books,Sports
481,19,0,Movies,Fashion
482,68,0,Books,Education
483,53,1,Gaming,Education
484,44,0,Electronics,Gaming
485,28,1,Education,Sports
486,57,0,Electronics,Fashion
487,25,0,Music,Movies
488,43,1,Education,Music
489,29,1,Education,Gaming
490,57,0,Electronics,Fashion
491,42,0,Movies,Music
492,57,1,Fashion,Sports
493,29,0,Education,Music
494,65,0,Education,Electronics
495,54,1,Electronics,Gaming
496,59,1,Sports,Gaming
497,48,0,Fashion,Sports
498,68,1,Electronics,Music
499,57,1,Gaming,Electronics
500,28,0,Sports,Education
501,63,0,Books,Movies
502,43,1,Books,Gaming
503,40,1,Fashion,Movies
504,68,0,Movies,Music
505,38,0,Movies,Sports
506,26,0,Education,Sports
507,43,0,Sports,Movies
508,69,0,Fashion,Movies
509,28,1,Sports,Music
510,24,0,Fashion,Education
511,51,1,Books,Sports
512,60,0,Gaming,Fashion
513,68,0,Movies,Education
514,42,0,Electronics,Sports
515,23,0,Movies,Education
516,50,0,Education,Gaming
517,60,0,Fashion,Movies
518,45,0,Education,Fashion
519,66,0,Music,Movies
520,37,0,Gaming,Sports
521,37,0,Music,Education
522,45,0,Sports,Gaming
523,57,0,Sports,Music
524,18,0,Gaming,Books
525,47,1,Gaming,Electronics
526,36,0,Music,Gaming
527,47,0,Education,Music
528,62,0,Gaming,Sports
529,33,0,Fashion,Movies
530,35,0,Electronics,Fashion
531,68,0,Music,Education
532,19,0,Books,Education
533,66,0,Education,Electronics
534,55,1,Education,Electronics
535,21,0,Fashion,Movies
536,46,0,Fashion,Electronics
537,20,0,Education,Gaming
538,27,1,Movies,Fashion
539,51,0,Gaming,Music
540,40,1,Books,Education
541,49,1,Music,Education
542,46,0,Gaming,Fashion
543,20,0,Education,Gaming
544,25,0,Electronics,Music
545,64,0,Books,Fashion
546,68,0,Movies,Books
547,64,1,Books,Movies
548,52,0,Books,Education
549,31,0,Books,Movies
550,63,1,Fashion,Gaming
551,21,1,Movies,Electronics
552,38,0,Electronics,Sports
553,65,0,Electronics,Sports
554,27,0,Music,Fashion
555,40,1,Gaming,Books
556,65,0,Sports,Music
557,53,0,Gaming,Movies
558,35,1,Fashion,Books
559,64,0,Fashion,Electronics
560,28,0,Gaming,Movies
561,19,0,Sports,Movies
562,29,1,Fashion,Books
563,54,0,Education,Music
564,47,0,Movies,Sports
565,61,0,Movies,Gaming
566,39,1,Electronics,Education
567,34,1,Education,Fashion
568,63,0,Fashion,Electronics
569,49,0,Education,Fashion
570,68,0,Movies,Gaming
571,26,0,Gaming,Music
572,62,0,Movies,Sports
573,26,0,Movies,Books
574,60,0,Gaming,Education
575,43,0,Education,Electronics
576,62,0,Sports,Movies
577,54,0,Music,Movies
578,35,0,Movies,Gaming
579,59,0,Movies,Electronics
580,55,0,Gaming,Fashion
581,54,0,Electronics,Music
582,29,0,Electronics,Music
583,59,0,Education,Gaming
584,44,1,Movies,Education
585,23,1,Sports,Music
586,51,0,Music,Books
587,24,0,Sports,Music
588,34,0,Movies,Gaming
589,45,1,Fashion,Gaming
590,63,0,Books,Gaming
591,60,0,Electronics,Sports
592,53,1,Education,Electronics
593,46,0,Music,Gaming
594,57,0,Fashion,Electronics
595,53,1,Movies,Fashion
596,56,0,Gaming,Books
597,51,0,Sports,Books
598,41,1,Music,Movies
599,22,0,Movies,Education
600,53,0,Fashion,Sports
601,36,0,Education,Gaming
602,60,1,Movies,Gaming
603,62,0,Music,Education
604,26,1,Books,Movies
605,26,0,Books,Fashion
606,34,0,Sports,Education
607,60,0,Gaming,Education
608,42,0,Music,Electronics
609,20,0,Gaming,Electronics
610,61,0,Movies,Music
611,47,0,Books,Movies
612,29,0,Music,Gaming
613,61,1,Movies,Music
614,66,0,Gaming,Education
615,27,0,Music,Electronics
616,66,0,Sports,Movies
617,33,1,Electronics,Music
618,25,0,Music,Movies
619,34,0,Sports,Gaming
620,33,1,Books,Gaming
621,42,1,Education,Music
622,29,0,Movies,Gaming
623,43,0,Gaming,Electronics
624,43,0,Fashion,Electronics
625,27,0,Electronics,Sports
626,34,0,Education,Electronics
627,38,0,Books,Fashion
628,24,0,Fashion,Movies
629,24,0,Education,Fashion
630,65,0,Gaming,Movies
631,40,1,Fashion,Movies
632,48,1,Books,Education
633,56,0,Education,Movies
634,59,0,Gaming,Fashion
635,31,0,Electronics,Gaming
636,52,0,Music,Books
637,62,0,Education,Sports
638,54,0,Sports,Education
639,43,1,Music,Electronics
640,61,0,Music,Movies
641,66,0,Music,Electronics
642,39,0,Gaming,Fashion
643,35,0,Sports,Electronics
644,62,0,Education,Electronics
645,19,0,Sports,Gaming
646,59,1,Electronics,Books
647,30,0,Music,Books
648,49,1,Fashion,Education
649,56,0,Sports,Electronics
650,46,1,Sports,Music
651,46,0,Sports,Education
652,61,0,Sports,Fashion
653,61,1,Fashion,Education
654,27,0,Electronics,Sports
655,56,0,Fashion,Books
656,18,0,Movies,Education
657,20,0,Fashion,Electronics
658,47,1,Electronics,Fashion
659,35,0,Electronics,Sports
660,42,0,Sports,Music
661,63,0,Music,Electronics
662,32,0,Fashion,Sports
663,41,0,Electronics,Fashion
664,54,1,Gaming,Movies
665,60,0,Books,Gaming
666,56,1,Books,Movies
667,63,0,Education,Gaming
668,30,1,Music,Movies
669,24,1,Books,Movies
670,25,1,Sports,Music
671,68,0,Electronics,Gaming
672,27,0,Movies,Sports
673,43,0,Electronics,Books
674,20,1,Education,Gaming
675,22,0,Gaming,Sports
676,64,0,Books,Movies
677,26,1,Education,Electronics
678,66,0,Books,Sports
679,59,0,Fashion,Electronics
680,35,0,Fashion,Sports
681,41,1,Music,Sports
682,52,0,Movies,Sports
683,64,0,Gaming,Electronics
684,21,0,Books,Education
685,51,0,Sports,Movies
686,20,0,Education,Books
687,46,1,Gaming,Fashion
688,42,1,Education,Sports
689,59,1,Gaming,Music
690,57,1,Books,Sports
691,28,0,Gaming,Fashion
692,41,0,Movies,Fashion
693,55,0,Fashion,Gaming
694,22,0,Education,Electronics
695,35,0,Books,Education
696,65,0,Books,Electronics
697,22,1,Gaming,Electronics
698,67,0,Music,Education
699,49,0,Fashion,Music
700,68,1,Electronics,Music
701,57,0,Music,Gaming
702,44,1,Books,Movies
703,50,1,Music,Education
704,36,1,Gaming,Education
705,45,1,Electronics,Sports
706,65,1,Movies,Fashion
707,60,0,Books,Music
708,59,0,Sports,Books
709,44,1,Education,Books
710,24,1,Books,Sports
711,62,1,Music,Electronics
712,68,1,Movies,Music
713,59,0,Sports,Education
714,60,0,Gaming,Education
715,56,0,Electronics,Music
716,53,0,Movies,Electronics
717,30,0,Fashion,Sports
718,56,0,Movies,Fashion
719,30,0,Music,Electronics
720,66,0,Fashion,Education
721,57,0,Fashion,Music
722,41,1,Gaming,Electronics
723,65,0,Fashion,Gaming
724,47,0,Electronics,Books
725,58,1,Sports,Movies
726,45,0,Gaming,Sports
727,47,1,Music,Books
728,39,1,Music,Fashion
729,49,1,Music,Education
730,21,0,Books,Electronics
731,34,1,Fashion,Books
732,34,0,Electronics,Gaming
733,18,0,Books,Sports
734,35,1,Education,Music
735,64,1,Gaming,Sports
736,53,0,Education,Sports
737,69,1,Movies,Books
738,24,0,Books,Sports
739,50,0,Gaming,Electronics
740,32,1,Movies,Gaming
741,28,0,Education,Movies
742,43,0,Movies,Electronics
743,51,1,Sports,Movies
744,34,0,Electronics,Books
745,58,0,Sports,Fashion
746,46,0,Sports,Education
747,69,1,Fashion,Education
748,64,0,Movies,Fashion
749,39,0,Music,Electronics
750,20,1,Electronics,Movies
751,61,0,Gaming,Books
752,46,1,Fashion,Movies
753,33,1,Sports,Music
754,37,0,Music,Electronics
755,22,1,Gaming,Education
756,18,0,Electronics,Movies
757,55,0,Electronics,Movies
758,52,0,Books,Education
759,42,1,Music,Movies
760,35,1,Gaming,Movies
761,33,0,Gaming,Music
762,63,0,Gaming,Fashion
763,46,1,Books,Movies
764,32,0,Electronics,Sports
765,67,1,Fashion,Education
766,20,1,Education,Gaming
767,61,0,Music,Electronics
768,20,0,Gaming,Education
769,32,0,Books,Fashion
770,31,0,Gaming,Movies
771,61,0,Gaming,Movies
772,26,0,Books,Movies
773,39,0,Movies,Gaming
774,19,1,Music,Books
775,28,1,Music,Education
776,34,0,Fashion,Electronics
777,35,0,Books,Music
778,35,0,Sports,Education
779,48,1,Music,Fashion
780,28,0,Fashion,Books
781,50,1,Books,Fashion
782,58,0,Movies,Books
783,39,1,Fashion,Music
784,58,0,Fashion,Education
785,63,0,Books,Fashion
786,33,0,Education,Sports
787,45,1,Education,Music
788,27,1,Music,Education
789,67,0,Music,Books
790,19,0,Education,Electronics
791,58,0,Education,Sports
792,50,1,Movies,Education
793,43,0,Movies,Music
794,19,1,Electronics,Sports
795,43,0,Books,Sports
796,67,1,Education,Sports
797,59,0,Electronics,Books
798,66,1,Music,Education
799,20,1,Movies,Electronics
800,26,1,Books,Music
801,56,0,Gaming,Sports
802,58,1,Electronics,Movies
803,25,1,Sports,Fashion
804,45,1,Education,Movies
805,64,1,Fashion,Electronics
806,24,0,Education,Electronics
807,33,0,Music,Gaming
808,39,0,Books,Music
809,20,0,Fashion,Electronics
810,59,0,Sports,Gaming
811,35,0,Education,Sports
812,40,0,Fashion,Sports
813,42,1,Music,Fashion
814,36,1,Gaming,Sports
815,53,1,Music,Gaming
816,46,1,Electronics,Education
817,49,0,Music,Electronics
818,35,0,Music,Electronics
819,36,0,Gaming,Fashion
820,49,0,Movies,Gaming
821,20,0,Fashion,Sports
822,68,0,Books,Music
823,46,0,Fashion,Sports
824,32,0,Movies,Gaming
825,29,0,Gaming,Books
826,38,1,Books,Sports
827,41,0,Gaming,Music
828,21,1,Music,Education
829,37,0,Fashion,Gaming
830,67,1,Books,Gaming
831,49,0,Gaming,Movies
832,51,0,Music,Electronics
833,19,0,Music,Fashion
834,53,0,Fashion,Books
835,59,1,Music,Education
836,29,0,Education,Books
837,35,0,Sports,Books
838,32,0,Fashion,Electronics
839,43,1,Movies,Education
840,65,0,Books,Music
841,59,0,Electronics,Gaming
842,31,0,Music,Education
843,54,1,Fashion,Music
844,62,0,Gaming,Books
845,64,0,Fashion,Books
846,56,0,Fashion,Gaming
847,19,0,Education,Electronics
848,34,0,Gaming,Fashion
849,45,0,Sports,Movies
850,54,0,Movies,Education
851,18,1,Education,Books
852,53,1,Sports,Fashion
853,64,0,Education,Gaming
854,27,0,Sports,Fashion
855,31,0,Education,Sports
856,46,0,Movies,Education
857,47,0,Gaming,Movies
858,22,0,Gaming,Books
859,60,1,Sports,Education
860,37,0,Fashion,Education
861,60,1,Movies,Electronics
862,54,0,Education,Gaming
863,66,1,Music,Movies
864,61,0,Books,Gaming
865,64,1,Books,Sports
866,61,0,Books,Education
867,37,0,Fashion,Sports
868,19,0,Education,Movies
869,54,1,Fashion,Education
870,46,0,Gaming,Electronics
871,52,0,Sports,Education
872,22,0,Education,Fashion
873,68,0,Electronics,Movies
874,59,0,Electronics,Movies
875,67,1,Music,Books
876,60,0,Gaming,Electronics
877,42,0,Music,Books
878,56,0,Electronics,Sports
879,64,0,Books,Education
880,40,0,Music,Education
881,37,0,Fashion,Books
882,62,0,Electronics,Sports
883,67,0,Education,Music
884,25,1,Fashion,Education
885,18,1,Education,Sports
886,46,0,Electronics,Books
887,22,1,Electronics,Sports
888,64,0,Sports,Education
889,43,0,Fashion,Music
890,47,0,Gaming,Electronics
891,34,1,Movies,Books
892,64,0,Movies,Electronics
893,29,0,Electronics,Fashion
894,42,0,Gaming,Music
895,50,0,Education,Electronics
896,48,0,Books,Education
897,65,0,Education,Movies
898,43,0,Electronics,Gaming
899,19,1,Sports,Gaming
900,23,0,Fashion,Sports
901,50,0,Gaming,Electronics
902,65,1,Music,Books
903,30,0,Gaming,Books
904,28,1,Books,Music
905,55,0,Music,Electronics
906,55,0,Electronics,Movies
907,51,1,Education,Electronics
908,58,0,Gaming,Fashion
909,62,1,Movies,Gaming
910,41,0,Electronics,Sports
911,24,0,Books,Sports
912,32,0,Sports,Gaming
913,24,0,Books,Education
914,36,0,Music,Books
915,42,0,Electronics,Sports
916,49,0,Music,Education
917,61,0,Fashion,Education
918,28,0,Education,Music
919,63,0,Education,Music
920,19,0,Fashion,Education
921,20,0,Fashion,Electronics
922,25,0,Education,Electronics
923,23,1,Movies,Books
924,46,0,Electronics,Education
925,29,0,Sports,Electronics
926,65,0,Music,Fashion
927,61,0,Gaming,Education
928,60,1,Education,Fashion
929,23,1,Electronics,Education
930,61,1,Sports,Fashion
931,62,1,Music,Education
932,60,0,Electronics,Education
933,64,0,Music,Fashion
934,32,0,Books,Education
935,28,0,Music,Sports
936,21,1,Gaming,Music
937,39,0,Education,Sports
938,31,0,Music,Books
939,65,0,Education,Music
940,63,0,Education,Fashion
941,64,0,Movies,Education
942,25,0,Books,Gaming
943,53,1,Gaming,Electronics
944,19,0,Gaming,Movies
945,21,1,Fashion,Music
946,47,0,Movies,Fashion
947,48,1,Books,Electronics
948,56,0,Music,Gaming
949,24,0,Movies,Fashion
950,66,0,Education,Movies
951,59,1,Gaming,Books
952,37,0,Education,Fashion
953,24,1,Education,Electronics
954,61,0,Music,Movies
955,59,0,Gaming,Fashion
956,30,0,Electronics,Books
957,38,1,Gaming,Fashion
958,26,1,Fashion,Electronics
959,32,0,Fashion,Education
960,59,1,Education,Electronics
961,33,0,Fashion,Electronics
962,44,1,Sports,Education
963,67,1,Music,Fashion
964,53,0,Gaming,Movies
965,27,1,Electronics,Music
966,36,0,Fashion,Gaming
967,50,0,Education,Fashion
968,22,0,Music,Sports
969,52,1,Books,Music
970,50,0,Fashion,Music
971,34,0,Music,Sports
972,54,0,Music,Gaming
973,45,0,Movies,Books
974,28,0,Books,Electronics
975,31,0,Fashion,Movies
976,42,1,Gaming,Movies
977,52,0,Books,Sports
978,35,0,Movies,Gaming
979,56,1,Education,Books
980,28,1,Movies,Gaming
981,63,0,Education,Books
982,43,0,Books,Fashion
983,49,0,Books,Movies
984,63,0,Fashion,Gaming
985,54,1,Education,Electronics
986,20,0,Music,Gaming
987,50,0,Music,Gaming
988,58,0,Books,Music
989,30,0,Movies,Fashion
990,19,0,Fashion,Gaming
991,61,0,Fashion,Education
992,38,0,Music,Movies
993,25,0,Sports,Electronics
994,61,0,Sports,Education
995,20,0,Fashion,Books
996,19,1,Education,Electronics
997,19,0,Music,Movies
998,52,1,Music,Sports
999,47,0,Fashion,Music
1000,39,0,Books,Electronics
1001,53,1,Movies,Sports
1002,46,0,Education,Movies
1003,33,0,Gaming,Education
1004,47,0,Gaming,Education
1005,33,0,Books,Fashion
1006,33,0,Music,Gaming
1007,37,0,Books,Movies
1008,47,0,Education,Music
1009,45,1,Music,Books
1010,22,1,Fashion,Education
1011,61,0,Fashion,Movies
1012,47,0,Electronics,Education
1013,23,0,Books,Music
1014,25,1,Fashion,Sports
1015,50,0,Fashion,Books
1016,29,1,Music,Gaming
1017,51,0,Sports,Fashion
1018,53,0,Movies,Education
1019,67,0,Books,Sports
1020,58,0,Sports,Gaming
1021,44,0,Movies,Books
1022,18,0,Movies,Music
1023,69,0,Books,Music
1024,43,0,Fashion,Music
1025,23,1,Fashion,Books
1026,60,0,Music,Education
1027,54,0,Electronics,Education
1028,29,1,Electronics,Books
1029,59,0,Electronics,Gaming
1030,62,0,Movies,Gaming
1031,41,0,Sports,Education
1032,31,1,Gaming,Movies
1033,33,0,Electronics,Movies
1034,31,0,Movies,Gaming
1035,38,0,Movies,Sports
1036,44,0,Sports,Education
1037,35,1,Gaming,Fashion
1038,35,0,Education,Electronics
1039,42,0,Electronics,Fashion
1040,50,1,Education,Sports
1041,31,0,Education,Sports
1042,33,1,Sports,Fashion
1043,69,0,Fashion,Sports
1044,58,1,Music,Gaming
1045,30,0,Music,Sports
1046,25,0,Fashion,Education
1047,21,0,Music,Movies
1048,21,0,Books,Sports
1049,29,1,Sports,Movies
1050,49,0,Books,Sports
1051,48,0,Education,Books
1052,35,0,Fashion,Electronics
1053,23,0,Electronics,Sports
1054,60,0,Gaming,Education
1055,40,0,Gaming,Books
1056,68,0,Fashion,Education
1057,51,0,Music,Movies
1058,19,0,Music,Books
1059,67,0,Fashion,Movies
1060,32,1,Education,Sports
1061,36,0,Movies,Sports
1062,38,0,Electronics,Books
1063,63,0,Gaming,Movies
1064,33,0,Education,Books
1065,50,0,Sports,Music
1066,56,0,Music,Electronics
1067,54,0,Electronics,Sports
1068,69,0,Education,Movies
1069,53,0,Education,Fashion
1070,56,1,Electronics,Education
1071,54,1,Books,Movies
1072,52,0,Fashion,Sports
1073,45,0,Music,Education
1074,24,1,Gaming,Fashion
1075,39,1,Electronics,Movies
1076,19,0,Electronics,Music
1077,38,0,Sports,Fashion
1078,32,0,Movies,Electronics
1079,40,0,Gaming,Movies
1080,56,0,Education,Gaming
1081,30,0,Movies,Education
1082,67,0,Books,Fashion
1083,35,0,Books,Movies
1084,49,0,Music,Education
1085,52,0,Music,Movies
1086,28,0,Music,Education
1087,69,0,Fashion,Books
1088,43,0,Gaming,Movies
1089,51,0,Electronics,Books
1090,35,0,Electronics,Fashion
1091,58,0,Music,Education
1092,46,0,Education,Movies
1093,38,1,Education,Books
1094,66,1,Fashion,Sports
1095,34,0,Music,Books
1096,58,0,Gaming,Movies
1097,65,0,Movies,Music
1098,27,1,Music,Movies
1099,57,0,Education,Music
1100,28,0,Movies,Sports
1101,25,1,Electronics,Sports
1102,25,0,Music,Gaming
1103,34,0,Books,Movies
1104,41,1,Movies,Education
1105,22,1,Electronics,Music
1106,18,0,Education,Fashion
1107,25,0,Sports,Gaming
1108,40,1,Electronics,Music
1109,62,1,Education,Books
1110,52,0,Gaming,Books
1111,22,0,Sports,Electronics
1112,57,0,Books,Fashion
1113,63,1,Electronics,Movies
1114,69,1,Music,Sports
1115,24,1,Fashion,Movies
1116,68,0,Sports,Movies
1117,22,0,Education,Gaming
1118,49,0,Electronics,Gaming
1119,27,0,Fashion,Music
1120,49,0,Sports,Music
1121,34,0,Music,Gaming
1122,57,0,Education,Movies
1123,19,0,Gaming,Fashion
1124,20,0,Fashion,Movies
1125,21,1,Music,Movies
1126,58,1,Music,Gaming
1127,67,0,Movies,Music
1128,53,0,Education,Books
1129,57,0,Sports,Fashion
1130,30,0,Movies,Books
1131,48,0,Movies,Education
1132,49,0,Movies,Gaming
1133,28,0,Sports,Gaming
1134,34,1,Education,Fashion
1135,26,0,Education,Fashion
1136,31,0,Movies,Fashion
1137,42,0,Books,Music
1138,69,0,Gaming,Sports
1139,38,0,Music,Education
1140,68,1,Fashion,Sports
1141,38,0,Electronics,Sports
1142,49,0,Books,Sports
1143,56,1,Education,Music
1144,58,0,Movies,Gaming
1145,38,1,Education,Books
1146,38,1,Sports,Education
1147,63,1,Movies,Music
1148,24,0,Movies,Books
1149,49,0,Books,Music
1150,39,1,Sports,Books
1151,42,1,Electronics,Gaming
1152,46,1,Sports,Gaming
1153,19,0,Sports,Electronics
1154,32,0,Books,Movies
1155,67,0,Music,Gaming
1156,68,0,Education,Electronics
1157,61,1,Fashion,Electronics
1158,60,1,Fashion,Movies
1159,50,0,Education,Sports
1160,36,0,Sports,Education
1161,47,1,Movies,Fashion
1162,64,1,Movies,Gaming
1163,54,0,Electronics,Education
1164,59,0,Books,Gaming
1165,25,0,Sports,Music
1166,22,1,Electronics,Fashion
1167,21,0,Gaming,Education
1168,49,1,Fashion,Electronics
1169,51,0,Gaming,Education
1170,27,1,Education,Books
1171,63,0,Movies,Electronics
1172,44,0,Electronics,Sports
1173,65,1,Books,Sports
1174,69,0,Movies,Sports
1175,59,1,Education,Books
1176,29,1,Education,Fashion
1177,31,1,Sports,Education
1178,37,0,Books,Sports
1179,68,1,Fashion,Gaming
1180,23,1,Education,Music
1181,54,0,Movies,Gaming
1182,64,0,Fashion,Electronics
1183,37,1,Music,Education
1184,52,0,Movies,Music
1185,55,0,Sports,Books
1186,57,0,Gaming,Education
1187,27,0,Gaming,Movies
1188,21,0,Music,Electronics
1189,62,0,Gaming,Music
1190,24,0,Books,Fashion
1191,31,1,Fashion,Movies
1192,54,0,Music,Books
1193,69,0,Electronics,Sports
1194,41,0,Gaming,Books
1195,35,0,Education,Gaming
1196,36,0,Movies,Fashion
1197,63,0,Movies,Music
1198,41,0,Electronics,Sports
1199,47,1,Music,Gaming
1200,48,1,Sports,Electronics
1201,36,0,Books,Movies
1202,53,0,Movies,Books
1203,66,0,Gaming,Music
1204,35,0,Movies,Gaming
1205,66,0,Books,Gaming
1206,64,1,Movies,Fashion
1207,62,0,Sports,Books
1208,23,0,Fashion,Movies
1209,65,0,Fashion,Movies
1210,32,0,Music,Sports
1211,31,1,Education,Gaming
1212,56,0,Sports,Education
1213,33,0,Sports,Gaming
1214,69,0,Books,Music
1215,67,0,Education,Movies
1216,60,0,Music,Electronics
1217,62,0,Books,Electronics
1218,62,1,Sports,Music
1219,36,0,Fashion,Books
1220,63,0,Music,Education
1221,22,1,Education,Electronics
1222,54,0,Sports,Gaming
1223,38,0,Education,Electronics
1224,22,1,Education,Gaming
1225,43,0,Electronics,Movies
1226,56,1,Fashion,Music
1227,52,0,Gaming,Sports
1228,53,1,Electronics,Music
1229,63,0,Education,Music
1230,48,1,Movies,Gaming
1231,42,1,Electronics,Movies
1232,47,0,Movies,Education
1233,59,0,Electronics,Gaming
1234,45,0,Sports,Music
1235,45,1,Books,Electronics
1236,27,0,Gaming,Fashion
1237,48,0,Books,Music
1238,30,0,Electronics,Books
1239,26,0,Education,Electronics
1240,60,0,Movies,Sports
1241,60,0,Fashion,Education
1242,21,0,Fashion,Education
1243,44,0,Gaming,Fashion
1244,32,0,Gaming,Sports
1245,28,1,Gaming,Sports
1246,32,1,Books,Gaming
1247,38,0,Fashion,Gaming
1248,61,1,Music,Electronics
1249,31,1,Fashion,Music
1250,38,0,Gaming,Movies
1251,20,1,Fashion,Gaming
1252,54,0,Sports,Education
1253,36,0,Electronics,Education
1254,38,0,Electronics,Sports
1255,58,0,Education,Music
1256,21,0,Gaming,Movies
1257,24,0,Gaming,Education
1258,50,0,Sports,Books
1259,51,0,Education,Fashion
1260,60,0,Fashion,Sports
1261,39,0,Sports,Gaming
1262,51,0,Books,Electronics
1263,23,1,Gaming,Movies
1264,27,0,Electronics,Fashion
1265,19,0,Sports,Electronics
1266,19,0,Books,Music
1267,33,0,Electronics,Movies
1268,56,0,Electronics,Fashion
1269,41,1,Electronics,Movies
1270,55,1,Education,Books
1271,27,1,Sports,Education
1272,68,1,Electronics,Fashion
1273,49,0,Movies,Books
1274,37,0,Music,Movies
1275,21,1,Music,Books
1276,39,0,Movies,Books
1277,57,1,Sports,Movies
1278,39,0,Movies,Fashion
1279,31,0,Electronics,Music
1280,58,0,Fashion,Gaming
1281,45,1,Gaming,Movies
1282,19,0,Education,Electronics
1283,20,1,Music,Gaming
1284,50,0,Gaming,Education
1285,52,0,Music,Gaming
1286,69,0,Gaming,Sports
1287,67,0,Fashion,Sports
1288,22,1,Gaming,Books
1289,29,0,Education,Books
1290,41,0,Sports,Fashion
1291,58,0,Fashion,Education
1292,38,0,Education,Electronics
1293,26,0,Gaming,Sports
1294,65,1,Fashion,Movies
1295,35,0,Sports,Fashion
1296,37,0,Sports,Fashion
1297,19,0,Books,Movies
1298,20,0,Music,Electronics
1299,44,0,Sports,Electronics
1300,57,0,Movies,Sports
1301,45,0,Electronics,Education
1302,25,1,Books,Fashion
1303,65,0,Sports,Movies
1304,21,1,Sports,Education
1305,63,0,Music,Fashion
1306,49,0,Electronics,Fashion
1307,28,0,Sports,Gaming
1308,33,1,Books,Gaming
1309,62,1,Education,Books
1310,38,1,Sports,Movies
1311,51,0,Sports,Music
1312,55,1,Music,Education
1313,44,0,Movies,Sports
1314,20,0,Education,Movies
1315,42,1,Music,Fashion
1316,43,0,Movies,Fashion
1317,22,1,Education,Sports
1318,45,1,Books,Education
1319,69,1,Education,Gaming
1320,23,1,Music,Books
1321,61,1,Music,Fashion
1322,19,1,Gaming,Electronics
1323,61,0,Sports,Gaming
1324,41,0,Fashion,Electronics
1325,20,1,Movies,Music
1326,47,0,Gaming,Fashion
1327,38,0,Fashion,Books
1328,43,0,Music,Books
1329,38,0,Gaming,Movies
1330,51,0,Sports,Movies
1331,64,0,Music,Fashion
1332,28,0,Education,Music
1333,65,0,Education,Sports
1334,34,1,Fashion,Gaming
1335,28,1,Music,Books
1336,44,0,Fashion,Gaming
1337,37,1,Education,Books
1338,51,0,Electronics,Music
1339,57,0,Electronics,Education
1340,64,0,Books,Education
1341,26,0,Electronics,Education
1342,18,1,Electronics,Movies
1343,40,0,Fashion,Education
1344,20,0,Sports,Electronics
1345,42,0,Fashion,Electronics
1346,32,0,Sports,Music
1347,52,1,Education,Fashion
1348,63,1,Electronics,Music
1349,53,1,Education,Music
1350,56,1,Education,Electronics
1351,30,1,Electronics,Music
1352,68,1,Gaming,Electronics
1353,44,0,Electronics,Music
1354,44,0,Movies,Music
1355,63,0,Movies,Electronics
1356,53,0,Gaming,Education
1357,52,0,Fashion,Electronics
1358,31,0,Books,Music
1359,66,0,Fashion,Books
1360,41,0,Sports,Music
1361,55,0,Movies,Education
1362,65,1,Music,Fashion
1363,63,1,Gaming,Electronics
1364,59,0,Music,Sports
1365,45,0,Education,Movies
1366,24,0,Sports,Gaming
1367,26,0,Sports,Fashion
1368,36,1,Books,Gaming
1369,31,0,Electronics,Books
1370,53,0,Gaming,Sports
1371,47,0,Gaming,Movies
1372,50,0,Education,Electronics
1373,42,1,Electronics,Gaming
1374,52,0,Fashion,Electronics
1375,31,1,Education,Gaming
1376,21,0,Gaming,Music
1377,45,1,Music,Movies
1378,58,0,Books,Music
1379,39,1,Electronics,Fashion
1380,33,0,Sports,Education
1381,66,0,Education,Fashion
1382,29,0,Electronics,Books
1383,63,1,Movies,Music
1384,38,0,Electronics,Fashion
1385,37,0,Music,Electronics
1386,61,0,Sports,Music
1387,26,1,Fashion,Education
1388,21,1,Gaming,Electronics
1389,51,1,Movies,Books
1390,18,0,Sports,Music
1391,40,0,Gaming,Music
1392,29,1,Music,Sports
1393,63,1,Fashion,Education
1394,58,0,Books,Music
1395,69,0,Music,Electronics
1396,57,1,Books,Movies
1397,55,0,Sports,Education
1398,46,0,Books,Sports
1399,24,0,Gaming,Education
1400,21,0,Music,Electronics
1401,62,1,Movies,Education
1402,61,1,Education,Sports
1403,51,0,Sports,Fashion
1404,58,0,Gaming,Sports
1405,40,0,Fashion,Gaming
1406,39,0,Gaming,Electronics
1407,34,0,Movies,Education
1408,23,0,Sports,Gaming
1409,25,0,Books,Electronics
1410,59,1,Movies,Books
1411,46,0,Gaming,Music
1412,52,0,Fashion,Gaming
1413,52,0,Gaming,Fashion
1414,37,0,Music,Electronics
1415,30,0,Books,Electronics
1416,66,0,Movies,Sports
1417,25,0,Music,Education
1418,50,0,Movies,Electronics
1419,38,0,Fashion,Electronics
1420,59,0,Fashion,Movies
1421,58,0,Education,Movies
1422,54,0,Gaming,Electronics
1423,34,0,Electronics,Books
1424,68,1,Music,Movies
1425,58,0,Books,Music
1426,28,0,Music,Education
1427,28,0,Gaming,Electronics
1428,63,0,Movies,Sports
1429,57,0,Gaming,Education
1430,29,1,Books,Gaming
1431,62,0,Sports,Music
1432,65,0,Fashion,Gaming
1433,43,1,Gaming,Books
1434,22,0,Fashion,Sports
1435,44,0,Movies,Fashion
1436,47,0,Education,Books
1437,40,0,Books,Fashion
1438,37,0,Gaming,Fashion
1439,19,0,Gaming,Fashion
1440,50,0,Education,Gaming
1441,35,0,Books,Sports
1442,64,0,Movies,Books
1443,37,1,Education,Movies
1444,29,0,Sports,Movies
1445,32,1,Books,Fashion
1446,19,0,Movies,Electronics
1447,58,0,Gaming,Fashion
1448,68,0,Gaming,Education
1449,27,0,Music,Sports
1450,68,1,Music,Sports
1451,56,1,Fashion,Sports
1452,37,0,Music,Movies
1453,19,0,Sports,Movies
1454,20,0,Music,Books
1455,57,1,Gaming,Fashion
1456,58,0,Movies,Gaming
1457,52,0,Education,Movies
1458,62,0,Sports,Fashion
1459,54,0,Gaming,Fashion
1460,66,0,Gaming,Fashion
1461,42,1,Books,Music
1462,55,1,Sports,Music
1463,60,0,Fashion,Gaming
1464,52,0,Electronics,Gaming
1465,26,0,Education,Music
1466,47,0,Sports,Movies
1467,51,0,Movies,Education
1468,20,1,Books,Education
1469,32,1,Gaming,Music
1470,40,0,Education,Books
1471,65,0,Movies,Books
1472,53,0,Movies,Gaming
1473,41,0,Fashion,Gaming
1474,45,0,Gaming,Education
1475,21,0,Gaming,Electronics
1476,18,0,Education,Movies
1477,37,0,Education,Movies
1478,27,0,Gaming,Movies
1479,45,0,Gaming,Movies
1480,64,0,Electronics,Education
1481,28,0,Music,Gaming
1482,55,1,Books,Electronics
1483,25,0,Sports,Gaming
1484,69,0,Music,Books
1485,55,0,Electronics,Music
1486,21,0,Gaming,Education
1487,67,0,Music,Education
1488,41,0,Gaming,Electronics
1489,28,0,Electronics,Books
1490,43,0,Movies,Books
1491,60,0,Sports,Movies
1492,59,0,Music,Sports
1493,23,1,Education,Gaming
1494,32,0,Fashion,Sports
1495,59,1,Electronics,Movies
1496,54,1,Books,Sports
1497,54,0,Gaming,Electronics
1498,23,0,Books,Education
1499,26,1,Fashion,Sports
1500,30,0,Movies,Fashion
1501,69,0,Education,Gaming
1502,49,0,Sports,Music
1503,21,1,Education,Fashion
1504,58,0,Education,Electronics
1505,51,0,Education,Music
1506,40,0,Education,Fashion
1507,59,1,Books,Sports
1508,62,0,Electronics,Education
1509,66,0,Books,Electronics
1510,61,0,Music,Gaming
1511,28,0,Books,Gaming
1512,68,0,Fashion,Gaming
1513,41,1,Sports,Music
1514,30,0,Fashion,Music
1515,28,0,Fashion,Sports
1516,34,1,Gaming,Sports
1517,35,0,Sports,Education
1518,41,0,Gaming,Music
1519,54,1,Fashion,Books
1520,25,0,Gaming,Sports
1521,34,1,Electronics,Gaming
1522,36,0,Sports,Movies
1523,44,1,Gaming,Sports
1524,28,0,Electronics,Gaming
1525,64,1,Sports,Books
1526,38,1,Movies,Education
1527,56,0,Books,Music
1528,34,0,Books,Education
1529,58,1,Fashion,Sports
1530,29,1,Music,Books
1531,68,0,Education,Electronics
1532,65,0,Movies,Gaming
1533,69,1,Education,Movies
1534,53,0,Music,Movies
1535,50,0,Gaming,Movies
1536,40,0,Gaming,Movies
1537,28,1,Books,Sports
1538,68,0,Music,Education
1539,68,1,Education,Movies
1540,44,0,Fashion,Education
1541,68,0,Movies,Music
1542,64,0,Books,Gaming
1543,62,0,Fashion,Sports
1544,26,0,Books,Fashion
1545,62,0,Movies,Electronics
1546,66,0,Fashion,Sports
1547,25,0,Fashion,Music
1548,55,0,Gaming,Sports
1549,22,0,Fashion,Music
1550,63,0,Gaming,Sports
1551,33,1,Fashion,Movies
1552,39,0,Fashion,Music
1553,60,1,Fashion,Movies
1554,27,0,Movies,Books
1555,38,0,Fashion,Sports
1556,19,0,Education,Movies
1557,52,0,Electronics,Education
1558,47,0,Music,Electronics
1559,36,0,Education,Books
1560,43,1,Sports,Education
1561,24,0,Gaming,Movies
1562,20,1,Education,Sports
1563,42,0,Education,Sports
1564,32,0,Education,Sports
1565,57,1,Fashion,Electronics
1566,26,1,Electronics,Education
1567,53,1,Sports,Fashion
1568,57,0,Electronics,Sports
1569,51,0,Sports,Music
1570,21,0,Movies,Books
1571,55,0,Education,Movies
1572,25,0,Education,Movies
1573,30,1,Books,Music
1574,51,0,Books,Sports
1575,36,0,Music,Movies
1576,33,0,Electronics,Education
1577,34,0,Education,Movies
1578,59,0,Sports,Movies
1579,55,0,Books,Gaming
1580,19,1,Sports,Fashion
1581,64,0,Electronics,Movies
1582,51,0,Movies,Fashion
1583,25,0,Books,Movies
1584,44,0,Books,Education
1585,56,0,Sports,Books
1586,18,0,Music,Education
1587,47,1,Gaming,Books
1588,38,0,Fashion,Education
1589,36,0,Sports,Education
1590,39,0,Sports,Education
1591,40,1,Electronics,Music
1592,27,0,Music,Movies
1593,25,0,Movies,Music
1594,37,0,Fashion,Sports
1595,31,0,Movies,Fashion
1596,63,1,Movies,Education
1597,41,0,Books,Fashion
1598,47,0,Gaming,Electronics
1599,30,1,Movies,Education
1600,25,0,Fashion,Gaming
1601,48,0,Fashion,Books
1602,35,1,Fashion,Gaming
1603,28,0,Music,Education
1604,66,0,Sports,Education
1605,48,0,Gaming,Sports
1606,46,0,Fashion,Music
1607,49,0,Movies,Gaming
1608,34,0,Gaming,Sports
1609,67,0,Education,Electronics
1610,23,0,Books,Movies
1611,46,1,Movies,Gaming
1612,18,0,Music,Sports
1613,26,1,Education,Fashion
1614,61,0,Electronics,Education
1615,35,1,Books,Gaming
1616,30,0,Education,Music
1617,23,0,Music,Education
1618,29,0,Books,Education
1619,34,0,Gaming,Books
1620,43,0,Gaming,Education
1621,44,1,Sports,Movies
1622,27,0,Movies,Fashion
1623,38,1,Movies,Fashion
1624,30,0,Fashion,Music
1625,41,1,Education,Gaming
1626,34,0,Music,Gaming
1627,42,0,Electronics,Books
1628,38,0,Books,Gaming
1629,36,0,Education,Electronics
1630,59,0,Books,Education
1631,65,0,Fashion,Movies
1632,58,0,Education,Electronics
1633,65,0,Gaming,Books
1634,31,1,Fashion,Gaming
1635,58,0,Movies,Books
1636,58,0,Movies,Electronics
1637,54,1,Music,Fashion
1638,48,1,Books,Sports
1639,26,0,Fashion,Electronics
1640,28,1,Gaming,Music
1641,39,0,Movies,Gaming
1642,62,1,Sports,Movies
1643,62,0,Books,Gaming
1644,41,1,Books,Electronics
1645,53,1,Sports,Movies
1646,45,1,Books,Fashion
1647,61,0,Sports,Music
1648,57,0,Education,Electronics
1649,18,1,Electronics,Gaming
1650,60,0,Music,Education
1651,66,0,Books,Education
1652,27,0,Gaming,Music
1653,64,1,Fashion,Movies
1654,63,0,Books,Fashion
1655,55,0,Gaming,Electronics
1656,39,1,Books,Electronics
1657,31,0,Music,Fashion
1658,42,1,Movies,Books
1659,55,0,Gaming,Education
1660,69,0,Fashion,Gaming
1661,60,1,Fashion,Electronics
1662,43,0,Electronics,Music
1663,37,0,Fashion,Movies
1664,33,1,Music,Gaming
1665,57,0,Sports,Gaming
1666,29,0,Fashion,Movies
1667,59,1,Education,Gaming
1668,47,0,Sports,Electronics
1669,54,0,Books,Fashion
1670,49,0,Books,Music
1671,42,1,Gaming,Fashion
1672,24,0,Gaming,Fashion
1673,29,0,Fashion,Books
1674,60,0,Movies,Gaming
1675,30,1,Books,Fashion
1676,64,0,Movies,Education
1677,49,1,Electronics,Education
1678,50,0,Movies,Books
1679,25,0,Sports,Gaming
1680,21,1,Gaming,Fashion
1681,46,0,Electronics,Education
1682,51,0,Sports,Movies
1683,30,1,Gaming,Electronics
1684,40,0,Sports,Movies
1685,21,1,Books,Music
1686,26,0,Electronics,Sports
1687,49,0,Music,Books
1688,28,1,Gaming,Education
1689,45,1,Gaming,Fashion
1690,34,0,Fashion,Education
1691,61,0,Education,Gaming
1692,43,1,Books,Electronics
1693,62,0,Books,Electronics
1694,30,1,Movies,Books
1695,57,1,Electronics,Books
1696,48,0,Gaming,Movies
1697,60,1,Movies,Gaming
1698,64,1,Gaming,Sports
1699,41,1,Gaming,Electronics
1700,64,0,Fashion,Sports
1701,63,0,Books,Sports
1702,66,1,Books,Music
1703,37,0,Sports,Education
1704,28,0,Fashion,Music
1705,50,1,Music,Sports
1706,44,1,Books,Sports
1707,49,0,Gaming,Music
1708,38,1,Sports,Electronics
1709,23,0,Sports,Electronics
1710,39,1,Gaming,Electronics
1711,31,0,Education,Movies
1712,30,0,Electronics,Sports
1713,20,0,Fashion,Electronics
1714,46,0,Electronics,Gaming
1715,62,0,Fashion,Gaming
1716,50,0,Electronics,Fashion
1717,28,1,Education,Fashion
1718,28,0,Movies,Books
1719,61,1,Music,Books
1720,33,0,Movies,Gaming
1721,65,0,Books,Education
1722,43,0,Electronics,Sports
1723,29,0,Gaming,Fashion
1724,42,1,Books,Sports
1725,40,0,Books,Movies
1726,35,1,Education,Movies
1727,21,1,Music,Electronics
1728,46,1,Education,Gaming
1729,51,0,Fashion,Sports
1730,60,0,Fashion,Sports
1731,19,1,Books,Music
1732,25,0,Books,Fashion
1733,25,1,Electronics,Books
1734,53,0,Electronics,Fashion
1735,18,0,Electronics,Movies
1736,34,0,Music,Sports
1737,41,1,Fashion,Books
1738,46,0,Electronics,Music
1739,26,1,Gaming,Books
1740,53,0,Music,Books
1741,45,0,Gaming,Music
1742,60,0,Music,Fashion
1743,59,0,Books,Music
1744,19,0,Music,Electronics
1745,65,0,Electronics,Fashion
1746,54,0,Sports,Education
1747,46,0,Electronics,Movies
1748,30,0,Books,Movies
1749,53,0,Movies,Education
1750,44,1,Movies,Fashion
1751,18,0,Books,Music
1752,46,0,Education,Electronics
1753,20,0,Music,Books
1754,47,1,Movies,Music
1755,66,0,Movies,Gaming
1756,43,0,Sports,Movies
1757,35,1,Music,Movies
1758,46,0,Education,Gaming
1759,44,0,Sports,Gaming
1760,18,0,Sports,Books
1761,43,1,Electronics,Movies
1762,69,0,Electronics,Fashion
1763,28,1,Music,Gaming
1764,22,0,Electronics,Sports
1765,34,0,Electronics,Education
1766,62,0,Gaming,Education
1767,21,0,Movies,Electronics
1768,28,0,Sports,Music
1769,38,0,Sports,Movies
1770,43,1,Education,Electronics
1771,62,0,Fashion,Gaming
1772,64,1,Movies,Electronics
1773,43,1,Electronics,Fashion
1774,38,1,Gaming,Music
1775,40,0,Music,Sports
1776,32,0,Books,Music
1777,62,0,Books,Music
1778,58,0,Fashion,Gaming
1779,65,1,Gaming,Electronics
1780,45,0,Electronics,Movies
1781,44,0,Fashion,Books
1782,32,1,Movies,Fashion
1783,18,0,Music,Education
1784,41,1,Gaming,Music
1785,53,0,Music,Fashion
1786,41,0,Education,Fashion
1787,21,0,Sports,Electronics
1788,66,0,Sports,Books
1789,69,0,Books,Fashion
1790,22,0,Books,Fashion
1791,58,0,Education,Sports
1792,23,0,Music,Sports
1793,27,0,Books,Music
1794,56,0,Music,Education
1795,37,0,Sports,Movies
1796,68,0,Movies,Sports
1797,21,1,Movies,Education
1798,55,1,Books,Electronics
1799,53,1,Fashion,Education
1800,22,1,Movies,Education
1801,67,1,Electronics,Fashion
1802,54,1,Music,Books
1803,44,0,Books,Gaming
1804,65,1,Sports,Fashion
1805,53,1,Gaming,Movies
1806,39,0,Electronics,Gaming
1807,38,0,Movies,Fashion
1808,33,0,Fashion,Electronics
1809,48,1,Gaming,Education
1810,49,0,Education,Movies
1811,26,0,Sports,Electronics
1812,49,0,Education,Electronics
1813,34,0,Fashion,Electronics
1814,69,0,Electronics,Books
1815,38,0,Sports,Books
1816,66,0,Sports,Education
1817,42,0,Gaming,Fashion
1818,34,1,Books,Music
1819,41,0,Movies,Education
1820,32,1,Books,Electronics
1821,23,1,Books,Fashion
1822,40,0,Education,Gaming
1823,34,0,Fashion,Electronics
1824,58,0,Music,Electronics
1825,30,0,Electronics,Movies
1826,37,1,Electronics,Fashion
1827,20,0,Gaming,Education
1828,66,1,Gaming,Sports
1829,64,0,Electronics,Movies
1830,18,0,Gaming,Books
1831,43,0,Music,Books
1832,49,0,Fashion,Sports
1833,21,0,Movies,Sports
1834,36,1,Fashion,Electronics
1835,52,0,Sports,Gaming
1836,50,1,Movies,Sports
1837,21,0,Gaming,Movies
1838,46,1,Education,Electronics
1839,50,1,Books,Sports
1840,36,0,Gaming,Books
1841,22,1,Gaming,Books
1842,23,0,Sports,Gaming
1843,65,1,Electronics,Movies
1844,52,1,Music,Sports
1845,33,0,Education,Fashion
1846,27,1,Music,Sports
1847,48,0,Movies,Books
1848,40,0,Electronics,Sports
1849,39,0,Sports,Electronics
1850,54,0,Movies,Electronics
1851,31,0,Education,Movies
1852,20,1,Music,Education
1853,36,0,Sports,Books
1854,69,0,Books,Fashion
1855,50,0,Sports,Fashion
1856,28,0,Electronics,Education
1857,29,0,Sports,Music
1858,50,0,Gaming,Fashion
1859,45,0,Fashion,Books
1860,50,0,Sports,Music
1861,65,0,Music,Education
1862,39,0,Music,Movies
1863,19,0,Electronics,Gaming
1864,56,1,Music,Movies
1865,30,1,Fashion,Music
1866,24,0,Sports,Education
1867,31,1,Education,Movies
1868,46,0,Movies,Books
1869,46,0,Education,Electronics
1870,27,1,Books,Electronics
1871,25,0,Sports,Music
1872,46,1,Sports,Electronics
1873,19,1,Education,Electronics
1874,22,1,Music,Movies
1875,58,1,Sports,Education
1876,43,0,Fashion,Sports
1877,66,0,Fashion,Education
1878,29,0,Music,Electronics
1879,20,0,Electronics,Fashion
1880,42,1,Fashion,Education
1881,19,0,Books,Education
1882,27,0,Music,Electronics
1883,43,0,Music,Gaming
1884,56,0,Gaming,Movies
1885,64,1,Books,Sports
1886,44,0,Movies,Fashion
1887,37,0,Fashion,Books
1888,37,0,Gaming,Education
1889,19,0,Education,Music
1890,51,1,Music,Books
1891,23,0,Music,Books
1892,27,0,Fashion,Movies
1893,49,0,Movies,Gaming
1894,58,0,Movies,Books
1895,19,1,Fashion,Gaming
1896,18,0,Electronics,Gaming
1897,42,0,Gaming,Education
1898,32,0,Electronics,Fashion
1899,68,1,Music,Education
1900,39,0,Sports,Gaming
1901,47,0,Books,Movies
1902,45,0,Fashion,Sports
1903,62,0,Books,Fashion
1904,66,0,Music,Fashion
1905,36,1,Fashion,Gaming
1906,53,1,Books,Education
1907,63,0,Music,Sports
1908,49,0,Electronics,Sports
1909,55,0,Sports,Books
1910,67,1,Books,Sports
1911,67,0,Movies,Education
1912,38,1,Books,Gaming
1913,45,1,Electronics,Books
1914,21,0,Gaming,Sports
1915,26,0,Gaming,Books
1916,36,0,Gaming,Sports
1917,34,0,Gaming,Fashion
1918,58,0,Gaming,Electronics
1919,37,0,Education,Gaming
1920,56,0,Sports,Books
1921,40,0,Education,Electronics
1922,69,0,Electronics,Sports
1923,50,0,Electronics,Sports
1924,22,0,Movies,Electronics
1925,51,0,Books,Sports
1926,67,1,Fashion,Movies
1927,50,0,Fashion,Gaming
1928,35,0,Books,Music
1929,27,1,Books,Sports
1930,36,0,Education,Music
1931,30,1,Electronics,Movies
1932,20,0,Fashion,Music
1933,18,0,Gaming,Books
1934,44,0,Electronics,Books
1935,68,1,Music,Books
1936,34,1,Sports,Movies
1937,23,1,Movies,Gaming
1938,56,0,Movies,Fashion
1939,45,1,Sports,Electronics
1940,54,0,Electronics,Movies
1941,38,0,Education,Books
1942,60,0,Electronics,Sports
1943,55,0,Electronics,Movies
1944,53,0,Books,Sports
1945,60,1,Education,Books
1946,45,0,Books,Electronics
1947,39,1,Sports,Books
1948,30,0,Movies,Electronics
1949,24,0,Education,Gaming
1950,41,1,Books,Sports
1951,32,0,Gaming,Sports
1952,20,0,Education,Music
1953,67,0,Movies,Electronics
1954,55,0,Gaming,Books
1955,65,0,Music,Sports
1956,66,0,Music,Books
1957,38,1,Education,Electronics
1958,20,1,Movies,Sports
1959,37,0,Education,Fashion
1960,21,0,Sports,Education
1961,21,1,Movies,Music
1962,44,0,Electronics,Fashion
1963,40,0,Books,Electronics
1964,69,1,Music,Education
1965,62,0,Gaming,Education
1966,49,1,Sports,Music
1967,22,0,Electronics,Education
1968,59,0,Gaming,Education
1969,56,0,Gaming,Movies
1970,66,0,Education,Movies
1971,26,0,Sports,Movies
1972,62,0,Movies,Electronics
1973,39,0,Gaming,Education
1974,22,0,Electronics,Music
1975,34,0,Fashion,Electronics
1976,33,1,Education,Books
1977,39,0,Fashion,Books
1978,64,0,Sports,Books
1979,30,1,Electronics,Movies
1980,69,0,Books,Gaming
1981,40,0,Gaming,Books
1982,57,1,Fashion,Education
1983,54,1,Movies,Fashion
1984,35,0,Books,Electronics
1985,50,0,Gaming,Movies
1986,60,1,Gaming,Movies
1987,68,0,Music,Education
1988,27,0,Movies,Music
1989,68,0,Education,Gaming
1990,26,0,Electronics,Education
1991,28,0,Gaming,Electronics
1992,64,0,Gaming,Books
1993,36,0,Fashion,Music
1994,45,0,Books,Electronics
1995,60,0,Books,Education
1996,64,1,Movies,Education
1997,50,0,Music,Sports
1998,27,0,Movies,Sports
1999,59,0,Education,Movies
2000,67,0,Education,Electronics
2001,30,1,Fashion,Sports
2002,51,0,Gaming,Books
2003,64,0,Gaming,Electronics
2004,66,0,Gaming,Fashion
2005,46,0,Sports,Electronics
2006,41,0,Education,Fashion
2007,24,0,Music,Electronics
2008,43,1,Music,Education
2009,24,1,Movies,Fashion
2010,56,0,Movies,Education
2011,66,0,Education,Gaming
2012,60,0,Books,Education
2013,20,0,Sports,Books
2014,60,0,Movies,Gaming
2015,33,0,Education,Gaming
2016,45,0,Music,Fashion
2017,18,0,Gaming,Movies
2018,39,1,Books,Fashion
2019,68,0,Education,Books
2020,58,0,Gaming,Music
2021,46,0,Education,Gaming
2022,19,0,Music,Education
2023,32,0,Electronics,Music
2024,63,0,Fashion,Electronics
2025,57,0,Movies,Gaming
2026,65,0,Gaming,Books
2027,25,1,Electronics,Fashion
2028,29,0,Sports,Education
2029,57,1,Sports,Education
2030,45,0,Electronics,Fashion
2031,66,0,Electronics,Movies
2032,19,0,Electronics,Sports
2033,32,0,Sports,Fashion
2034,46,0,Music,Education
2035,46,0,Education,Movies
2036,20,0,Gaming,Music
2037,57,0,Books,Gaming
2038,21,0,Electronics,Fashion
2039,69,0,Music,Sports
2040,48,1,Education,Books
2041,44,0,Education,Movies
2042,19,0,Music,Fashion
2043,66,0,Fashion,Education
2044,48,1,Movies,Gaming
2045,32,0,Books,Sports
2046,53,1,Electronics,Movies
2047,54,0,Electronics,Fashion
2048,56,0,Sports,Education
2049,69,0,Sports,Gaming
2050,54,0,Sports,Gaming
2051,61,1,Sports,Fashion
2052,24,0,Gaming,Movies
2053,45,0,Electronics,Education
2054,34,0,Electronics,Movies
2055,48,0,Fashion,Gaming
2056,43,1,Fashion,Music
2057,54,0,Electronics,Fashion
2058,59,0,Movies,Music
2059,30,1,Movies,Gaming
2060,33,0,Movies,Sports
2061,57,0,Gaming,Education
2062,19,0,Music,Sports
2063,29,1,Movies,Books
2064,28,0,Education,Fashion
2065,34,0,Gaming,Movies
2066,67,0,Books,Electronics
2067,43,0,Music,Movies
2068,49,0,Movies,Fashion
2069,55,0,Books,Movies
2070,20,1,Books,Sports
2071,47,0,Movies,Gaming
2072,47,0,Music,Education
2073,45,0,Movies,Fashion
2074,63,0,Movies,Books
2075,53,1,Fashion,Music
2076,27,0,Sports,Electronics
2077,32,1,Gaming,Music
2078,49,1,Music,Gaming
2079,23,1,Fashion,Gaming
2080,54,1,Electronics,Gaming
2081,50,0,Education,Fashion
2082,18,0,Movies,Sports
2083,39,0,Gaming,Sports
2084,38,1,Electronics,Music
2085,32,0,Sports,Fashion
2086,63,0,Sports,Gaming
2087,23,0,Education,Music
2088,63,1,Music,Movies
2089,57,1,Movies,Education
2090,24,1,Fashion,Education
2091,55,0,Fashion,Sports
2092,25,0,Books,Movies
2093,55,0,Fashion,Gaming
2094,37,1,Movies,Gaming
2095,48,1,Fashion,Gaming
2096,27,0,Music,Gaming
2097,44,0,Books,Fashion
2098,32,0,Music,Books
2099,30,0,Movies,Sports
2100,69,1,Music,Fashion
2101,38,1,Movies,Music
2102,28,0,Movies,Sports
2103,65,0,Books,Movies
2104,39,0,Electronics,Education
2105,31,1,Books,Movies
2106,66,1,Sports,Music
2107,49,0,Books,Education
2108,60,0,Gaming,Movies
2109,20,0,Movies,Sports
2110,38,0,Electronics,Education
2111,36,0,Fashion,Books
2112,46,1,Sports,Fashion
2113,60,0,Gaming,Movies
2114,60,0,Education,Books
2115,65,0,Music,Education
2116,41,0,Fashion,Education
2117,51,0,Books,Movies
2118,22,0,Music,Gaming
2119,22,1,Fashion,Sports
2120,29,0,Electronics,Books
2121,66,0,Education,Fashion
2122,55,0,Sports,Education
2123,28,1,Fashion,Music
2124,35,0,Fashion,Movies
2125,35,0,Books,Fashion
2126,28,0,Gaming,Music
2127,22,0,Gaming,Sports
2128,42,0,Gaming,Sports
2129,27,0,Gaming,Electronics
2130,18,0,Electronics,Music
2131,21,0,Sports,Gaming
2132,57,1,Music,Electronics
2133,39,0,Music,Education
2134,34,1,Sports,Electronics
2135,31,0,Electronics,Gaming
2136,67,1,Sports,Books
2137,60,0,Music,Fashion
2138,57,1,Fashion,Electronics
2139,47,1,Gaming,Movies
2140,45,0,Movies,Books
2141,47,1,Books,Education
2142,19,0,Electronics,Sports
2143,55,0,Movies,Sports
2144,43,1,Music,Sports
2145,61,0,Fashion,Sports
2146,39,1,Education,Fashion
2147,46,0,Sports,Books
2148,47,1,Gaming,Electronics
2149,37,1,Sports,Books
2150,33,0,Fashion,Books
2151,60,0,Electronics,Music
2152,62,1,Fashion,Electronics
2153,65,0,Music,Gaming
2154,40,0,Electronics,Movies
2155,26,1,Movies,Education
2156,37,0,Electronics,Music
2157,34,0,Electronics,Gaming
2158,25,1,Books,Gaming
2159,47,0,Electronics,Books
2160,56,0,Books,Movies
2161,29,1,Education,Sports
2162,59,1,Books,Music
2163,36,0,Movies,Sports
2164,51,0,Fashion,Books
2165,61,0,Electronics,Sports
2166,37,0,Gaming,Music
2167,41,0,Books,Gaming
2168,69,0,Movies,Music
2169,37,1,Fashion,Movies
2170,57,0,Books,Music
2171,61,0,Books,Sports
2172,57,0,Books,Education
2173,25,0,Books,Movies
2174,27,0,Sports,Music
2175,66,0,Sports,Education
2176,30,0,Movies,Education
2177,54,0,Sports,Fashion
2178,21,0,Gaming,Fashion
2179,55,1,Fashion,Electronics
2180,40,0,Education,Books
2181,48,0,Education,Fashion
2182,45,0,Sports,Electronics
2183,22,0,Electronics,Gaming
2184,27,0,Books,Electronics
2185,63,0,Education,Books
2186,61,0,Books,Education
2187,40,0,Books,Gaming
2188,48,0,Books,Sports
2189,59,0,Sports,Movies
2190,51,0,Movies,Fashion
2191,30,0,Education,Electronics
2192,35,0,Books,Education
2193,57,0,Fashion,Education
2194,59,0,Electronics,Education
2195,56,0,Movies,Fashion
2196,49,1,Music,Sports
2197,37,0,Books,Electronics
2198,38,0,Electronics,Books
2199,33,0,Fashion,Gaming
2200,29,0,Fashion,Sports
2201,36,0,Music,Sports
2202,52,1,Movies,Gaming
2203,33,0,Books,Sports
2204,21,0,Music,Books
2205,49,0,Books,Movies
2206,30,1,Gaming,Sports
2207,66,0,Movies,Education
2208,36,1,Gaming,Music
2209,43,1,Education,Gaming
2210,21,1,Gaming,Music
2211,25,0,Fashion,Electronics
2212,49,0,Fashion,Gaming
2213,55,1,Electronics,Education
2214,47,1,Fashion,Electronics
2215,20,0,Gaming,Movies
2216,51,1,Education,Gaming
2217,49,1,Education,Books
2218,25,0,Gaming,Education
2219,23,0,Music,Movies
2220,52,1,Electronics,Education
2221,29,0,Fashion,Movies
2222,48,0,Education,Electronics
2223,22,0,Gaming,Sports
2224,42,0,Electronics,Books
2225,48,0,Movies,Gaming
2226,37,0,Music,Electronics
2227,39,1,Sports,Gaming
2228,62,1,Music,Movies
2229,67,0,Books,Movies
2230,69,1,Sports,Movies
2231,53,0,Music,Gaming
2232,32,0,Gaming,Books
2233,41,0,Electronics,Books
2234,67,1,Fashion,Music
2235,40,0,Education,Gaming
2236,25,1,Education,Gaming
2237,64,1,Fashion,Electronics
2238,56,0,Education,Fashion
2239,45,1,Sports,Fashion
2240,33,0,Movies,Electronics
2241,35,0,Sports,Music
2242,47,1,Gaming,Sports
2243,49,0,Sports,Electronics
2244,63,1,Education,Sports
2245,30,0,Education,Electronics
2246,47,0,Education,Sports
2247,34,0,Music,Electronics
2248,69,0,Education,Music
2249,69,0,Electronics,Books
2250,48,0,Gaming,Sports
2251,69,0,Electronics,Music
2252,69,1,Electronics,Education
2253,64,0,Books,Education
2254,52,1,Movies,Music
2255,33,0,Sports,Gaming
2256,32,0,Education,Fashion
2257,62,0,Music,Education
2258,25,0,Electronics,Education
2259,29,0,Sports,Education
2260,57,0,Education,Fashion
2261,68,1,Education,Music
2262,60,0,Music,Gaming
2263,50,0,Education,Electronics
2264,46,1,Books,Education
2265,57,1,Sports,Electronics
2266,23,0,Music,Fashion
2267,55,0,Movies,Music
2268,68,0,Music,Gaming
2269,58,0,Books,Electronics
2270,68,0,Fashion,Movies
2271,66,0,Fashion,Education
2272,19,0,Gaming,Electronics
2273,36,0,Movies,Music
2274,34,0,Sports,Books
2275,55,0,Books,Education
2276,55,1,Gaming,Books
2277,68,0,Education,Gaming
2278,39,0,Sports,Gaming
2279,60,0,Music,Electronics
2280,30,0,Gaming,Electronics
2281,49,0,Books,Education
2282,53,0,Education,Sports
2283,63,1,Fashion,Movies
2284,52,0,Electronics,Music
2285,45,0,Electronics,Music
2286,35,1,Gaming,Education
2287,50,1,Education,Movies
2288,25,1,Fashion,Gaming
2289,67,1,Fashion,Gaming
2290,61,0,Fashion,Electronics
2291,64,0,Gaming,Music
2292,29,0,Music,Movies
2293,31,0,Gaming,Sports
2294,51,0,Sports,Fashion
2295,41,0,Gaming,Fashion
2296,59,1,Movies,Sports
2297,37,1,Fashion,Books
2298,27,0,Gaming,Movies
2299,41,1,Movies,Education
2300,44,0,Music,Gaming
2301,32,0,Sports,Books
2302,58,0,Sports,Music
2303,43,1,Movies,Gaming
2304,40,1,Music,Gaming
2305,37,1,Fashion,Gaming
2306,21,0,Fashion,Music
2307,65,0,Music,Gaming
2308,42,1,Books,Education
2309,20,0,Music,Movies
2310,42,1,Education,Movies
2311,69,0,Gaming,Music
2312,50,0,Movies,Education
2313,32,1,Gaming,Education
2314,63,0,Electronics,Music
2315,63,0,Books,Electronics
2316,41,0,Gaming,Books
2317,22,0,Electronics,Gaming
2318,60,0,Electronics,Fashion
2319,64,0,Movies,Education
2320,44,1,Fashion,Sports
2321,45,1,Movies,Books
2322,57,0,Electronics,Gaming
2323,20,0,Movies,Books
2324,27,0,Electronics,Sports
2325,66,0,Education,Electronics
2326,28,1,Sports,Gaming
2327,22,0,Gaming,Books
2328,54,0,Movies,Gaming
2329,62,0,Electronics,Movies
2330,22,0,Gaming,Sports
2331,65,1,Music,Movies
2332,57,0,Electronics,Books
2333,47,1,Movies,Books
2334,61,0,Education,Gaming
2335,43,1,Sports,Gaming
2336,25,0,Music,Education
2337,45,1,Sports,Education
2338,26,0,Sports,Fashion
2339,38,0,Education,Books
2340,51,0,Books,Fashion
2341,69,0,Fashion,Gaming
2342,18,0,Books,Movies
2343,57,1,Electronics,Movies
2344,18,0,Movies,Music
2345,59,0,Movies,Books
2346,38,1,Fashion,Music
2347,39,0,Movies,Electronics
2348,62,1,Music,Sports
2349,64,0,Fashion,Electronics
2350,43,0,Fashion,Sports
2351,55,0,Electronics,Education
2352,31,1,Movies,Sports
2353,52,0,Music,Electronics
2354,64,0,Music,Movies
2355,32,1,Sports,Books
2356,44,1,Books,Education
2357,48,0,Fashion,Movies
2358,52,0,Gaming,Electronics
2359,22,1,Music,Books
2360,66,0,Sports,Gaming
2361,51,0,Music,Fashion
2362,22,0,Music,Fashion
2363,23,0,Sports,Education
2364,67,1,Education,Movies
2365,34,1,Electronics,Books
2366,31,0,Music,Sports
2367,61,0,Sports,Gaming
2368,36,1,Sports,Electronics
2369,64,0,Music,Sports
2370,34,0,Books,Movies
2371,37,0,Movies,Music
2372,49,1,Movies,Electronics
2373,61,1,Music,Movies
2374,34,1,Education,Sports
2375,67,0,Electronics,Sports
2376,49,1,Sports,Fashion
2377,23,0,Books,Electronics
2378,31,0,Fashion,Education
2379,32,0,Electronics,Gaming
2380,21,0,Books,Fashion
2381,33,1,Sports,Education
2382,21,0,Gaming,Education
2383,45,0,Books,Fashion
2384,19,0,Gaming,Music
2385,25,0,Books,Gaming
2386,60,0,Fashion,Electronics
2387,56,0,Education,Music
2388,25,0,Music,Electronics
2389,61,1,Books,Electronics
2390,59,0,Electronics,Fashion
2391,33,0,Movies,Music
2392,27,0,Books,Music
2393,67,0,Sports,Fashion
2394,46,0,Gaming,Sports
2395,51,1,Education,Music
2396,62,0,Gaming,Sports
2397,47,0,Music,Electronics
2398,63,0,Gaming,Music
2399,46,1,Books,Music
2400,49,0,Electronics,Gaming
2401,32,0,Books,Education
2402,49,0,Electronics,Gaming
2403,27,0,Books,Sports
2404,65,1,Books,Sports
2405,20,1,Movies,Music
2406,60,1,Books,Sports
2407,21,0,Education,Sports
2408,34,1,Gaming,Education
2409,22,1,Electronics,Movies
2410,23,0,Fashion,Music
2411,18,0,Sports,Books
2412,65,0,Gaming,Education
2413,30,1,Movies,Gaming
2414,20,1,Fashion,Sports
2415,29,0,Music,Electronics
2416,50,0,Fashion,Electronics
2417,58,0,Electronics,Books
2418,27,0,Gaming,Movies
2419,64,0,Books,Sports
2420,69,0,Sports,Gaming
2421,47,1,Music,Books
2422,51,0,Gaming,Music
2423,65,0,Fashion,Books
2424,27,1,Fashion,Books
2425,63,0,Movies,Books
2426,58,0,Books,Fashion
2427,52,0,Electronics,Education
2428,51,0,Education,Music
2429,28,0,Books,Sports
2430,38,1,Books,Sports
2431,24,0,Books,Fashion
2432,19,1,Education,Fashion
2433,59,1,Music,Books
2434,28,0,Sports,Electronics
2435,68,0,Movies,Music
2436,43,1,Books,Fashion
2437,61,0,Music,Sports
2438,64,0,Education,Fashion
2439,29,0,Movies,Gaming
2440,21,1,Fashion,Music
2441,19,0,Music,Education
2442,44,1,Music,Sports
2443,25,1,Fashion,Electronics
2444,64,0,Music,Books
2445,57,0,Sports,Gaming
2446,30,1,Gaming,Fashion
2447,34,0,Music,Books
2448,34,0,Music,Sports
2449,38,0,Education,Sports
2450,43,0,Music,Education
2451,45,0,Movies,Sports
2452,64,1,Books,Fashion
2453,47,0,Books,Education
2454,31,1,Movies,Education
2455,62,1,Fashion,Music
2456,54,1,Sports,Fashion
2457,32,0,Books,Gaming
2458,63,0,Books,Electronics
2459,30,0,Electronics,Education
2460,54,1,Gaming,Education
2461,69,0,Sports,Electronics
2462,42,0,Movies,Music
2463,53,0,Education,Music
2464,49,0,Fashion,Sports
2465,22,1,Gaming,Books
2466,47,0,Movies,Books
2467,40,1,Education,Movies
2468,60,0,Books,Movies
2469,46,0,Music,Movies
2470,69,1,Electronics,Gaming
2471,53,0,Sports,Education
2472,68,0,Fashion,Education
2473,23,1,Fashion,Movies
2474,32,1,Fashion,Books
2475,26,0,Fashion,Gaming
2476,67,0,Education,Fashion
2477,37,0,Electronics,Fashion
2478,28,0,Education,Books
2479,21,0,Books,Sports
2480,51,0,Music,Books
2481,26,0,Electronics,Gaming
2482,24,0,Sports,Music
2483,59,1,Music,Sports
2484,52,0,Education,Sports
2485,48,0,Electronics,Books
2486,49,0,Music,Electronics
2487,69,0,Movies,Education
2488,19,0,Movies,Music
2489,34,0,Fashion,Movies
2490,33,0,Gaming,Fashion
2491,48,0,Books,Music
2492,18,0,Movies,Sports
2493,38,1,Sports,Music
2494,43,0,Gaming,Fashion
2495,29,0,Music,Sports
2496,50,0,Education,Movies
2497,49,0,Electronics,Music
2498,45,1,Fashion,Movies
2499,24,0,Fashion,Books
2500,41,0,Books,Music
2501,36,0,Movies,Books
2502,57,0,Fashion,Books
2503,28,1,Fashion,Sports
2504,29,0,Books,Gaming
2505,44,0,Sports,Movies
2506,19,1,Music,Gaming
2507,19,0,Books,Movies
2508,47,0,Education,Sports
2509,45,1,Sports,Music
2510,27,0,Fashion,Gaming
2511,57,0,Gaming,Electronics
2512,58,0,Sports,Electronics
2513,64,0,Fashion,Music
2514,33,0,Fashion,Books
2515,37,1,Electronics,Music
2516,44,1,Fashion,Electronics
2517,51,0,Fashion,Sports
2518,42,1,Fashion,Music
2519,57,0,Gaming,Movies
2520,43,0,Electronics,Gaming
2521,49,1,Movies,Electronics
2522,65,0,Sports,Movies
2523,19,0,Education,Gaming
2524,53,0,Education,Books
2525,44,0,Sports,Education
2526,31,0,Gaming,Movies
2527,32,1,Fashion,Education
2528,45,0,Fashion,Music
2529,56,0,Movies,Books
2530,27,0,Music,Sports
2531,54,0,Books,Fashion
2532,31,1,Gaming,Sports
2533,29,0,Fashion,Electronics
2534,23,1,Electronics,Fashion
2535,53,1,Gaming,Education
2536,33,1,Fashion,Music
2537,42,0,Books,Fashion
2538,62,0,Education,Movies
2539,35,0,Electronics,Education
2540,40,0,Books,Electronics
2541,33,0,Education,Music
2542,21,0,Fashion,Music
2543,68,0,Electronics,Education
2544,48,0,Gaming,Movies
2545,29,0,Gaming,Fashion
2546,62,1,Electronics,Gaming
2547,24,0,Gaming,Books
2548,32,0,Education,Gaming
2549,58,0,Gaming,Fashion
2550,61,0,Books,Movies
2551,62,1,Fashion,Sports
2552,40,1,Education,Gaming
2553,31,0,Sports,Education
2554,50,0,Books,Sports
2555,52,0,Gaming,Fashion
2556,36,0,Sports,Electronics
2557,40,1,Electronics,Music
2558,30,1,Books,Music
2559,52,1,Electronics,Movies
2560,46,0,Sports,Gaming
2561,42,0,Music,Sports
2562,19,0,Music,Electronics
2563,44,0,Fashion,Movies
2564,18,0,Movies,Fashion
2565,40,0,Gaming,Movies
2566,56,1,Music,Movies
2567,41,0,Movies,Gaming
2568,43,0,Gaming,Education
2569,37,0,Sports,Movies
2570,18,0,Education,Books
2571,64,0,Music,Movies
2572,19,0,Education,Fashion
2573,23,0,Movies,Music
2574,65,0,Music,Education
2575,20,1,Gaming,Music
2576,22,0,Fashion,Education
2577,29,0,Books,Gaming
2578,37,1,Sports,Movies
2579,21,0,Fashion,Electronics
2580,36,1,Sports,Music
2581,62,1,Gaming,Education
2582,30,0,Music,Education
2583,39,0,Electronics,Fashion
2584,64,0,Gaming,Music
2585,39,0,Electronics,Education
2586,25,0,Books,Education
2587,59,0,Fashion,Movies
2588,68,0,Gaming,Electronics
2589,60,0,Books,Sports
2590,26,0,Sports,Fashion
2591,36,1,Books,Music
2592,68,0,Electronics,Gaming
2593,48,0,Gaming,Sports
2594,28,0,Movies,Gaming
2595,44,1,Electronics,Education
2596,51,0,Fashion,Gaming
2597,23,0,Education,Sports
2598,55,0,Electronics,Fashion
2599,45,1,Movies,Books
2600,57,0,Electronics,Education
2601,69,1,Sports,Music
2602,24,0,Fashion,Gaming
2603,21,0,Electronics,Sports
2604,43,1,Sports,Gaming
2605,29,0,Electronics,Fashion
2606,54,0,Books,Sports
2607,41,1,Gaming,Fashion
2608,30,1,Gaming,Sports
2609,69,0,Sports,Music
2610,28,1,Electronics,Gaming
2611,24,0,Books,Electronics
2612,28,0,Movies,Gaming
2613,58,0,Music,Fashion
2614,40,0,Movies,Books
2615,60,1,Sports,Movies
2616,43,1,Gaming,Movies
2617,46,0,Electronics,Sports
2618,53,0,Fashion,Movies
2619,52,0,Books,Music
2620,34,0,Books,Music
2621,63,0,Movies,Fashion
2622,46,1,Books,Education
2623,63,1,Movies,Music
2624,68,0,Movies,Gaming
2625,64,0,Education,Sports
2626,69,0,Education,Gaming
2627,40,0,Sports,Education
2628,24,0,Music,Education
2629,35,0,Education,Music
2630,27,0,Education,Movies
2631,24,0,Electronics,Movies
2632,67,0,Books,Sports
2633,69,0,Books,Movies
2634,61,0,Sports,Gaming
2635,51,0,Sports,Education
2636,21,0,Music,Sports
2637,43,0,Music,Movies
2638,24,0,Electronics,Gaming
2639,26,0,Movies,Books
2640,25,0,Movies,Electronics
2641,36,0,Gaming,Music
2642,69,0,Music,Electronics
2643,44,0,Fashion,Movies
2644,35,0,Music,Fashion
2645,46,0,Sports,Music
2646,64,1,Movies,Books
2647,48,0,Sports,Movies
2648,34,0,Sports,Books
2649,63,1,Sports,Education
2650,56,0,Movies,Books
2651,47,0,Sports,Books
2652,28,1,Sports,Education
2653,29,1,Music,Books
2654,35,0,Books,Electronics
2655,24,0,Books,Gaming
2656,43,1,Education,Movies
2657,62,0,Electronics,Education
2658,61,0,Electronics,Education
2659,39,0,Education,Fashion
2660,35,0,Music,Sports
2661,54,0,Movies,Sports
2662,59,0,Fashion,Education
2663,54,1,Movies,Sports
2664,47,0,Sports,Education
2665,26,1,Fashion,Electronics
2666,29,1,Gaming,Sports
2667,50,0,Electronics,Music
2668,32,0,Music,Sports
2669,56,0,Fashion,Movies
2670,35,0,Books,Gaming
2671,60,0,Education,Fashion
2672,55,0,Electronics,Books
2673,50,1,Sports,Movies
2674,48,1,Books,Sports
2675,21,0,Music,Movies
2676,21,0,Movies,Books
2677,46,0,Movies,Books
2678,19,1,Movies,Sports
2679,23,0,Music,Fashion
2680,38,0,Fashion,Movies
2681,33,1,Gaming,Books
2682,56,0,Gaming,Music
2683,45,0,Music,Fashion
2684,66,0,Gaming,Fashion
2685,62,1,Education,Books
2686,22,0,Fashion,Music
2687,59,0,Sports,Education
2688,27,0,Books,Gaming
2689,32,0,Movies,Education
2690,64,0,Sports,Music
2691,27,0,Gaming,Education
2692,32,0,Gaming,Books
2693,29,0,Fashion,Education
2694,30,1,Fashion,Movies
2695,20,0,Electronics,Fashion
2696,37,0,Gaming,Sports
2697,68,0,Fashion,Education
2698,62,0,Music,Education
2699,33,0,Education,Fashion
2700,65,0,Movies,Music
2701,31,1,Electronics,Movies
2702,24,0,Books,Gaming
2703,55,1,Fashion,Electronics
2704,39,0,Sports,Education
2705,54,0,Movies,Sports
2706,27,1,Books,Movies
2707,63,0,Music,Fashion
2708,66,0,Music,Fashion
2709,29,1,Movies,Fashion
2710,43,1,Electronics,Movies
2711,31,0,Books,Sports
2712,40,1,Sports,Music
2713,64,1,Fashion,Education
2714,42,0,Movies,Fashion
2715,30,0,Music,Gaming
2716,45,0,Education,Gaming
2717,45,0,Education,Electronics
2718,44,1,Gaming,Movies
2719,26,0,Movies,Sports
2720,37,0,Fashion,Education
2721,21,0,Fashion,Gaming
2722,51,0,Music,Sports
2723,43,0,Gaming,Education
2724,33,1,Books,Electronics
2725,56,0,Fashion,Sports
2726,30,0,Sports,Fashion
2727,37,0,Music,Gaming
2728,64,0,Movies,Gaming
2729,27,0,Movies,Music
2730,67,0,Gaming,Fashion
2731,29,0,Education,Gaming
2732,67,0,Music,Gaming
2733,28,1,Education,Sports
2734,56,0,Fashion,Books
2735,63,1,Electronics,Fashion
2736,62,0,Sports,Gaming
2737,58,0,Movies,Gaming
2738,60,1,Books,Fashion
2739,40,0,Fashion,Movies
2740,36,0,Books,Electronics
2741,45,0,Books,Movies
2742,50,1,Electronics,Books
2743,69,1,Gaming,Movies
2744,66,1,Books,Electronics
2745,52,0,Movies,Music
2746,52,0,Fashion,Electronics
2747,55,0,Gaming,Fashion
2748,40,0,Sports,Books
2749,39,0,Movies,Sports
2750,65,1,Fashion,Books
2751,62,0,Fashion,Electronics
2752,61,1,Electronics,Gaming
2753,39,1,Music,Education
2754,57,0,Music,Education
2755,58,0,Education,Sports
2756,40,0,Movies,Music
2757,40,0,Education,Books
2758,40,0,Fashion,Music
2759,30,0,Education,Music
2760,40,0,Gaming,Movies
2761,38,0,Movies,Fashion
2762,40,0,Education,Movies
2763,61,0,Sports,Education
2764,68,1,Books,Movies
2765,68,0,Movies,Fashion
2766,67,0,Gaming,Fashion
2767,44,0,Fashion,Sports
2768,26,1,Electronics,Books
2769,48,0,Fashion,Sports
2770,57,0,Movies,Sports
2771,30,0,Electronics,Gaming
2772,37,0,Education,Gaming
2773,45,0,Education,Fashion
2774,58,0,Electronics,Education
2775,67,0,Gaming,Education
2776,28,0,Movies,Music
2777,55,0,Sports,Education
2778,28,0,Electronics,Music
2779,57,0,Music,Books
2780,52,0,Gaming,Movies
2781,36,0,Gaming,Sports
2782,66,0,Sports,Books
2783,41,0,Gaming,Education
2784,18,0,Gaming,Books
2785,62,0,Movies,Electronics
2786,60,0,Gaming,Music
2787,33,0,Sports,Music
2788,36,1,Movies,Fashion
2789,42,1,Movies,Sports
2790,68,0,Sports,Education
2791,59,0,Books,Fashion
2792,51,0,Fashion,Sports
2793,57,0,Books,Gaming
2794,51,0,Education,Movies
2795,62,0,Education,Fashion
2796,23,0,Education,Books
2797,65,0,Music,Electronics
2798,48,0,Fashion,Electronics
2799,47,1,Electronics,Fashion
2800,35,0,Books,Sports
2801,69,0,Movies,Books
2802,48,0,Education,Music
2803,57,0,Electronics,Fashion
2804,26,0,Books,Fashion
2805,34,0,Electronics,Movies
2806,52,0,Sports,Fashion
2807,22,0,Gaming,Fashion
2808,37,1,Education,Fashion
2809,64,0,Education,Music
2810,30,0,Electronics,Sports
2811,62,1,Books,Education
2812,48,0,Fashion,Electronics
2813,20,0,Movies,Education
2814,63,0,Gaming,Electronics
2815,47,0,Education,Books
2816,52,1,Sports,Education
2817,59,1,Movies,Education
2818,30,0,Gaming,Education
2819,27,1,Electronics,Books
2820,26,1,Sports,Movies
2821,19,0,Education,Books
2822,40,0,Electronics,Fashion
2823,56,0,Education,Music
2824,46,0,Books,Music
2825,68,1,Sports,Movies
2826,48,0,Gaming,Music
2827,67,0,Movies,Fashion
2828,34,0,Fashion,Gaming
2829,42,1,Electronics,Gaming
2830,56,0,Books,Sports
2831,23,0,Education,Music
2832,52,0,Movies,Books
2833,37,1,Music,Electronics
2834,36,0,Sports,Electronics
2835,36,0,Sports,Gaming
2836,33,1,Gaming,Fashion
2837,58,0,Electronics,Fashion
2838,42,0,Movies,Music
2839,52,1,Books,Movies
2840,66,0,Sports,Electronics
2841,53,0,Electronics,Music
2842,36,1,Education,Music
2843,33,0,Fashion,Sports
2844,57,1,Books,Fashion
2845,35,0,Fashion,Movies
2846,69,0,Books,Gaming
2847,34,0,Music,Education
2848,30,1,Electronics,Books
2849,27,1,Music,Gaming
2850,42,1,Fashion,Gaming
2851,35,1,Books,Fashion
2852,46,0,Education,Books
2853,34,0,Music,Movies
2854,28,0,Music,Education
2855,68,0,Education,Music
2856,45,1,Sports,Electronics
2857,55,0,Gaming,Fashion
2858,68,1,Fashion,Sports
2859,38,0,Electronics,Movies
2860,56,1,Education,Movies
2861,25,1,Movies,Music
2862,65,0,Education,Books
2863,24,0,Fashion,Music
2864,18,0,Music,Fashion
2865,25,0,Education,Fashion
2866,21,0,Fashion,Electronics
2867,20,0,Fashion,Movies
2868,57,1,Movies,Education
2869,18,0,Movies,Music
2870,55,0,Music,Sports
2871,40,0,Electronics,Education
2872,28,0,Gaming,Music
2873,50,0,Fashion,Electronics
2874,53,0,Music,Education
2875,34,0,Sports,Fashion
2876,22,1,Books,Gaming
2877,20,1,Gaming,Books
2878,52,1,Education,Gaming
2879,65,0,Fashion,Music
2880,48,0,Movies,Fashion
2881,41,0,Gaming,Music
2882,35,0,Music,Electronics
2883,31,0,Books,Music
2884,32,1,Books,Electronics
2885,32,1,Fashion,Books
2886,25,0,Electronics,Fashion
2887,64,1,Books,Movies
2888,51,1,Sports,Electronics
2889,49,0,Electronics,Music
2890,47,1,Gaming,Music
2891,30,1,Education,Movies
2892,32,0,Movies,Electronics
2893,46,0,Music,Books
2894,24,1,Books,Electronics
2895,48,0,Sports,Gaming
2896,42,0,Education,Gaming
2897,25,0,Books,Movies
2898,19,0,Electronics,Sports
2899,31,1,Gaming,Education
2900,47,0,Music,Education
2901,38,0,Electronics,Education
2902,39,0,Movies,Music
2903,33,1,Electronics,Gaming
2904,66,0,Books,Education
2905,33,0,Movies,Electronics
2906,19,1,Sports,Music
2907,56,0,Books,Electronics
2908,23,0,Sports,Music
2909,42,0,Gaming,Books
2910,37,0,Sports,Music
2911,68,0,Sports,Music
2912,57,0,Fashion,Music
2913,59,0,Gaming,Music
2914,26,0,Books,Education
2915,39,1,Music,Gaming
2916,39,1,Education,Music
2917,46,0,Gaming,Electronics
2918,63,1,Fashion,Education
2919,24,1,Fashion,Music
2920,50,1,Gaming,Movies
2921,21,0,Music,Gaming
2922,35,0,Fashion,Music
2923,49,1,Education,Fashion
2924,59,0,Music,Movies
2925,53,1,Music,Education
2926,33,0,Music,Sports
2927,67,0,Gaming,Education
2928,66,0,Music,Movies
2929,35,0,Sports,Music
2930,66,0,Sports,Movies
2931,56,1,Movies,Fashion
2932,34,1,Education,Sports
2933,40,0,Gaming,Electronics
2934,47,1,Electronics,Sports
2935,21,1,Electronics,Music
2936,35,1,Fashion,Sports
2937,57,0,Electronics,Sports
2938,18,1,Sports,Books
2939,66,1,Music,Electronics
2940,60,0,Movies,Music
2941,43,0,Fashion,Electronics
2942,64,0,Electronics,Movies
2943,68,0,Music,Books
2944,23,0,Fashion,Sports
2945,41,0,Music,Movies
2946,25,0,Sports,Books
2947,66,0,Movies,Education
2948,64,0,Movies,Electronics
2949,39,0,Gaming,Movies
2950,52,0,Sports,Gaming
2951,46,1,Books,Gaming
2952,37,1,Music,Education
2953,68,0,Education,Books
2954,51,1,Education,Gaming
2955,47,0,Books,Music
2956,34,0,Movies,Electronics
2957,40,0,Gaming,Electronics
2958,63,1,Electronics,Education
2959,20,0,Music,Fashion
2960,36,0,Gaming,Sports
2961,51,1,Books,Education
2962,18,1,Sports,Gaming
2963,46,0,Electronics,Gaming
2964,18,1,Gaming,Electronics
2965,44,1,Movies,Music
2966,33,0,Electronics,Sports
2967,57,0,Fashion,Sports
2968,45,1,Sports,Books
2969,27,0,Electronics,Gaming
2970,34,1,Gaming,Sports
2971,40,1,Books,Fashion
2972,24,0,Gaming,Fashion
2973,51,0,Gaming,Books
2974,21,1,Fashion,Sports
2975,33,0,Books,Movies
2976,36,1,Electronics,Music
2977,67,0,Gaming,Fashion
2978,54,1,Books,Movies
2979,39,1,Gaming,Education
2980,37,0,Fashion,Education
2981,64,0,Fashion,Movies
2982,23,1,Sports,Movies
2983,23,0,Gaming,Music
2984,40,1,Sports,Music
2985,30,1,Sports,Books
2986,61,1,Books,Sports
2987,50,0,Gaming,Fashion
2988,62,1,Books,Electronics
2989,44,1,Gaming,Sports
2990,19,1,Music,Fashion
2991,50,0,Sports,Fashion
2992,55,0,Music,Movies
2993,31,0,Electronics,Education
2994,52,0,Movies,Books
2995,40,0,Music,Movies
2996,50,1,Education,Movies
2997,40,1,Fashion,Movies
2998,49,0,Electronics,Education
2999,60,0,Sports,Books
3000,18,0,Music,Books
3001,69,0,Books,Electronics
3002,56,0,Electronics,Fashion
3003,43,0,Fashion,Education
3004,53,0,Movies,Electronics
3005,34,0,Music,Gaming
3006,68,0,Books,Sports
3007,59,0,Education,Sports
3008,29,0,Electronics,Sports
3009,58,0,Sports,Gaming
3010,44,1,Sports,Books
3011,63,0,Movies,Music
3012,19,0,Education,Movies
3013,67,1,Fashion,Gaming
3014,32,0,Electronics,Movies
3015,39,0,Electronics,Sports
3016,43,0,Fashion,Electronics
3017,27,1,Movies,Books
3018,65,0,Movies,Electronics
3019,55,0,Education,Music
3020,41,0,Electronics,Books
3021,50,0,Gaming,Music
3022,54,1,Movies,Gaming
3023,49,0,Music,Education
3024,41,0,Books,Electronics
3025,34,0,Movies,Education
3026,67,1,Gaming,Books
3027,57,1,Gaming,Movies
3028,38,0,Books,Sports
3029,46,0,Education,Gaming
3030,62,1,Books,Fashion
3031,59,0,Sports,Music
3032,54,0,Education,Movies
3033,34,0,Electronics,Books
3034,66,0,Sports,Music
3035,21,1,Movies,Fashion
3036,37,0,Education,Sports
3037,64,1,Fashion,Electronics
3038,26,0,Music,Gaming
3039,44,0,Music,Fashion
3040,54,1,Movies,Books
3041,43,1,Movies,Education
3042,42,0,Electronics,Gaming
3043,63,1,Movies,Sports
3044,35,1,Electronics,Music
3045,20,0,Movies,Books
3046,59,0,Fashion,Sports
3047,61,1,Gaming,Music
3048,66,0,Fashion,Electronics
3049,20,0,Gaming,Movies
3050,43,0,Sports,Movies
3051,69,1,Sports,Music
3052,24,0,Fashion,Movies
3053,53,1,Movies,Music
3054,18,0,Music,Sports
3055,27,0,Fashion,Books
3056,33,0,Fashion,Music
3057,46,0,Sports,Education
3058,23,0,Fashion,Sports
3059,33,0,Fashion,Movies
3060,31,0,Fashion,Gaming
3061,43,0,Fashion,Sports
3062,50,1,Books,Music
3063,62,0,Books,Fashion
3064,20,1,Music,Education
3065,43,1,Fashion,Gaming
3066,31,1,Electronics,Education
3067,66,1,Music,Sports
3068,61,0,Gaming,Fashion
3069,31,0,Education,Music
3070,51,0,Movies,Books
3071,38,0,Sports,Electronics
3072,53,0,Fashion,Books
3073,59,1,Electronics,Education
3074,32,0,Movies,Music
3075,34,1,Sports,Music
3076,19,0,Sports,Books
3077,63,0,Electronics,Sports
3078,29,1,Books,Gaming
3079,53,0,Education,Books
3080,36,0,Education,Music
3081,63,0,Music,Books
3082,53,0,Gaming,Sports
3083,29,1,Education,Books
3084,47,0,Fashion,Books
3085,57,0,Sports,Electronics
3086,65,0,Gaming,Education
3087,37,1,Electronics,Sports
3088,60,0,Gaming,Books
3089,24,1,Sports,Education
3090,28,0,Sports,Electronics
3091,20,0,Fashion,Movies
3092,40,1,Education,Music
3093,26,0,Music,Education
3094,46,0,Education,Books
3095,43,0,Gaming,Sports
3096,38,1,Electronics,Music
3097,55,1,Gaming,Music
3098,41,1,Music,Sports
3099,31,0,Electronics,Music
3100,27,1,Books,Movies
3101,61,0,Education,Gaming
3102,51,0,Electronics,Fashion
3103,34,0,Gaming,Music
3104,48,0,Electronics,Music
3105,29,0,Gaming,Movies
3106,59,0,Electronics,Fashion
3107,59,1,Movies,Sports
3108,21,0,Gaming,Fashion
3109,36,1,Movies,Sports
3110,34,1,Fashion,Movies
3111,23,0,Movies,Music
3112,68,0,Electronics,Gaming
3113,29,0,Fashion,Movies
3114,25,0,Education,Electronics
3115,53,0,Books,Fashion
3116,37,0,Fashion,Movies
3117,53,0,Gaming,Fashion
3118,29,0,Education,Electronics
3119,65,0,Fashion,Movies
3120,38,1,Sports,Movies
3121,61,0,Books,Sports
3122,56,1,Music,Gaming
3123,40,0,Fashion,Gaming
3124,18,1,Books,Electronics
3125,55,0,Books,Gaming
3126,61,0,Education,Music
3127,27,1,Music,Electronics
3128,23,0,Gaming,Music
3129,67,0,Fashion,Movies
3130,68,0,Gaming,Electronics
3131,25,0,Fashion,Sports
3132,23,0,Fashion,Books
3133,56,0,Fashion,Books
3134,35,0,Electronics,Movies
3135,69,1,Movies,Fashion
3136,65,0,Education,Fashion
3137,27,0,Fashion,Electronics
3138,69,0,Fashion,Books
3139,59,0,Electronics,Music
3140,28,1,Movies,Electronics
3141,69,0,Education,Sports
3142,40,0,Education,Movies
3143,24,0,Electronics,Music
3144,38,0,Education,Books
3145,64,0,Sports,Music
3146,51,0,Education,Sports
3147,68,0,Gaming,Sports
3148,35,0,Books,Music
3149,41,0,Electronics,Fashion
3150,47,0,Movies,Music
3151,27,0,Sports,Electronics
3152,66,1,Fashion,Books
3153,43,1,Electronics,Gaming
3154,64,0,Music,Electronics
3155,42,0,Fashion,Education
3156,36,0,Electronics,Gaming
3157,47,0,Movies,Fashion
3158,40,0,Books,Electronics
3159,33,0,Books,Movies
3160,41,0,Fashion,Books
3161,25,0,Movies,Music
3162,65,0,Fashion,Movies
3163,47,0,Music,Electronics
3164,36,0,Books,Education
3165,43,0,Movies,Fashion
3166,29,1,Music,Sports
3167,61,1,Books,Education
3168,30,1,Gaming,Education
3169,29,0,Books,Sports
3170,54,0,Education,Books
3171,43,0,Books,Gaming
3172,33,0,Movies,Fashion
3173,26,0,Gaming,Movies
3174,54,0,Sports,Gaming
3175,28,1,Sports,Music
3176,30,0,Electronics,Books
3177,63,0,Books,Movies
3178,59,0,Movies,Sports
3179,24,1,Music,Fashion
3180,49,0,Music,Books
3181,32,0,Education,Movies
3182,38,0,Education,Sports
3183,21,0,Fashion,Music
3184,43,1,Sports,Gaming
3185,40,0,Movies,Books
3186,65,0,Electronics,Books
3187,66,1,Electronics,Movies
3188,57,0,Books,Gaming
3189,33,0,Sports,Education
3190,21,1,Gaming,Sports
3191,48,0,Electronics,Sports
3192,42,0,Music,Movies
3193,43,1,Sports,Electronics
3194,65,0,Sports,Gaming
3195,26,0,Movies,Fashion
3196,69,0,Books,Sports
3197,52,0,Movies,Music
3198,63,0,Music,Education
3199,56,1,Electronics,Books
3200,65,1,Music,Fashion
3201,28,1,Gaming,Music
3202,21,0,Electronics,Education
3203,24,1,Fashion,Books
3204,25,1,Music,Education
3205,68,0,Music,Gaming
3206,32,1,Education,Sports
3207,22,0,Electronics,Gaming
3208,68,0,Fashion,Movies
3209,21,1,Fashion,Gaming
3210,33,1,Education,Gaming
3211,42,0,Music,Sports
3212,51,1,Gaming,Music
3213,20,0,Electronics,Education
3214,35,1,Movies,Music
3215,51,1,Music,Movies
3216,21,0,Electronics,Fashion
3217,62,0,Music,Education
3218,45,0,Music,Electronics
3219,29,0,Fashion,Sports
3220,51,0,Electronics,Sports
3221,56,0,Gaming,Music
3222,34,0,Fashion,Music
3223,44,1,Gaming,Books
3224,63,1,Books,Education
3225,56,0,Movies,Gaming
3226,55,1,Music,Gaming
3227,21,1,Electronics,Sports
3228,26,0,Gaming,Electronics
3229,40,0,Education,Books
3230,41,0,Music,Sports
3231,48,0,Movies,Books
3232,64,1,Movies,Books
3233,68,0,Books,Sports
3234,41,0,Electronics,Education
3235,43,0,Sports,Electronics
3236,64,1,Education,Movies
3237,44,0,Electronics,Education
3238,47,0,Education,Movies
3239,53,1,Fashion,Books
3240,66,0,Music,Sports
3241,67,0,Movies,Education
3242,66,0,Music,Books
3243,38,0,Books,Education
3244,48,1,Fashion,Books
3245,40,0,Electronics,Movies
3246,37,0,Gaming,Music
3247,45,0,Books,Electronics
3248,38,0,Movies,Electronics
3249,67,1,Books,Sports
3250,36,0,Education,Electronics
3251,35,0,Books,Music
3252,53,0,Movies,Electronics
3253,69,1,Movies,Gaming
3254,61,0,Sports,Fashion
3255,61,0,Sports,Books
3256,51,1,Movies,Fashion
3257,27,0,Music,Education
3258,58,0,Education,Music
3259,22,0,Books,Sports
3260,27,1,Fashion,Books
3261,68,0,Movies,Electronics
3262,18,1,Electronics,Music
3263,56,0,Books,Fashion
3264,47,0,Music,Movies
3265,26,0,Music,Fashion
3266,48,0,Fashion,Gaming
3267,57,0,Movies,Music
3268,36,1,Sports,Books
3269,50,0,Books,Sports
3270,50,0,Music,Movies
3271,60,0,Education,Electronics
3272,61,0,Fashion,Electronics
3273,23,1,Education,Music
3274,24,0,Electronics,Books
3275,38,1,Gaming,Electronics
3276,33,1,Books,Movies
3277,40,0,Gaming,Books
3278,55,0,Education,Movies
3279,45,0,Music,Fashion
3280,38,0,Music,Education
3281,23,1,Sports,Gaming
3282,36,0,Books,Education
3283,18,0,Education,Movies
3284,59,0,Fashion,Electronics
3285,58,0,Education,Electronics
3286,42,0,Education,Fashion
3287,55,0,Education,Sports
3288,37,0,Sports,Books
3289,62,1,Fashion,Education
3290,65,1,Movies,Fashion
3291,68,0,Gaming,Books
3292,66,1,Music,Education
3293,34,0,Music,Sports
3294,36,1,Education,Electronics
3295,24,0,Books,Movies
3296,59,1,Books,Sports
3297,37,1,Education,Sports
3298,44,0,Fashion,Sports
3299,53,1,Music,Movies
3300,22,1,Fashion,Music
3301,24,0,Books,Movies
3302,53,0,Books,Sports
3303,21,1,Books,Education
3304,22,0,Movies,Music
3305,21,0,Education,Sports
3306,26,0,Gaming,Books
3307,41,0,Sports,Music
3308,35,0,Fashion,Movies
3309,36,0,Gaming,Electronics
3310,34,1,Music,Books
3311,28,0,Gaming,Education
3312,34,1,Gaming,Movies
3313,49,0,Music,Movies
3314,32,0,Sports,Books
3315,52,0,Books,Gaming
3316,36,0,Education,Electronics
3317,37,0,Education,Fashion
3318,66,1,Books,Education
3319,27,0,Education,Books
3320,49,0,Movies,Sports
3321,39,0,Books,Music
3322,63,0,Books,Gaming
3323,45,1,Gaming,Fashion
3324,56,1,Education,Music
3325,35,1,Electronics,Books
3326,48,1,Sports,Education
3327,24,0,Fashion,Music
3328,55,0,Electronics,Education
3329,26,1,Fashion,Gaming
3330,63,0,Fashion,Movies
3331,68,1,Movies,Sports
3332,22,0,Education,Books
3333,47,1,Sports,Gaming
3334,37,0,Music,Fashion
3335,45,0,Movies,Sports
3336,60,0,Music,Electronics
3337,48,0,Electronics,Music
3338,37,0,Gaming,Education
3339,21,1,Fashion,Education
3340,42,0,Movies,Electronics
3341,48,0,Music,Movies
3342,22,1,Electronics,Books
3343,59,0,Music,Electronics
3344,29,0,Movies,Education
3345,19,0,Electronics,Fashion
3346,47,0,Gaming,Music
3347,34,0,Gaming,Music
3348,58,1,Music,Gaming
3349,56,0,Gaming,Sports
3350,23,0,Gaming,Sports
3351,62,1,Sports,Gaming
3352,51,1,Fashion,Movies
3353,31,1,Fashion,Books
3354,54,0,Gaming,Education
3355,20,1,Music,Education
3356,39,1,Gaming,Books
3357,20,0,Movies,Education
3358,46,0,Fashion,Books
3359,24,0,Electronics,Books
3360,19,0,Electronics,Fashion
3361,56,1,Education,Music
3362,69,0,Gaming,Books
3363,22,1,Books,Fashion
3364,26,0,Gaming,Education
3365,36,0,Education,Gaming
3366,55,1,Gaming,Movies
3367,52,1,Fashion,Movies
3368,54,0,Gaming,Movies
3369,52,0,Education,Sports
3370,61,0,Music,Books
3371,30,1,Fashion,Movies
3372,31,0,Electronics,Music
3373,23,0,Education,Gaming
3374,57,0,Sports,Gaming
3375,34,1,Movies,Sports
3376,30,0,Music,Electronics
3377,69,0,Electronics,Music
3378,43,0,Education,Music
3379,60,1,Music,Electronics
3380,52,1,Education,Music
3381,29,1,Books,Fashion
3382,37,1,Movies,Sports
3383,30,0,Books,Music
3384,62,0,Books,Fashion
3385,27,0,Education,Music
3386,57,0,Books,Gaming
3387,62,0,Movies,Music
3388,22,0,Electronics,Sports
3389,24,0,Electronics,Movies
3390,27,0,Education,Movies
3391,51,0,Education,Movies
3392,48,0,Music,Sports
3393,24,0,Music,Education
3394,23,0,Movies,Fashion
3395,49,0,Fashion,Electronics
3396,51,0,Movies,Gaming
3397,42,0,Movies,Electronics
3398,56,1,Education,Movies
3399,28,0,Fashion,Music
3400,40,0,Electronics,Gaming
3401,23,0,Movies,Education
3402,39,0,Electronics,Sports
3403,32,0,Education,Electronics
3404,46,0,Fashion,Music
3405,66,0,Books,Education
3406,39,1,Movies,Fashion
3407,22,0,Fashion,Music
3408,55,0,Movies,Fashion
3409,54,0,Movies,Electronics
3410,48,0,Books,Music
3411,32,0,Fashion,Music
3412,65,1,Fashion,Gaming
3413,40,0,Education,Fashion
3414,55,0,Fashion,Sports
3415,45,0,Sports,Movies
3416,30,0,Fashion,Education
3417,22,0,Electronics,Sports
3418,56,1,Books,Fashion
3419,41,0,Fashion,Education
3420,47,0,Education,Gaming
3421,44,0,Gaming,Education
3422,24,0,Gaming,Books
3423,55,0,Education,Music
3424,45,0,Fashion,Books
3425,32,0,Music,Electronics
3426,65,0,Movies,Education
3427,26,1,Books,Electronics
3428,68,0,Fashion,Movies
3429,20,1,Gaming,Sports
3430,46,1,Movies,Sports
3431,50,1,Sports,Movies
3432,28,1,Gaming,Sports
3433,38,0,Movies,Books
3434,55,1,Gaming,Electronics
3435,44,0,Movies,Education
3436,64,0,Education,Sports
3437,18,0,Music,Movies
3438,52,0,Electronics,Books
3439,56,1,Music,Education
3440,60,0,Gaming,Movies
3441,20,0,Movies,Fashion
3442,19,1,Movies,Fashion
3443,61,0,Books,Sports
3444,27,0,Gaming,Sports
3445,19,0,Sports,Gaming
3446,55,1,Sports,Music
3447,27,0,Music,Gaming
3448,53,0,Fashion,Sports
3449,66,0,Electronics,Gaming
3450,65,0,Electronics,Education
3451,27,0,Books,Electronics
3452,43,0,Gaming,Electronics
3453,62,0,Books,Gaming
3454,61,0,Education,Fashion
3455,22,0,Sports,Gaming
3456,33,0,Movies,Fashion
3457,54,0,Sports,Electronics
3458,64,1,Electronics,Music
3459,33,0,Books,Electronics
3460,38,1,Sports,Music
3461,44,1,Books,Gaming
3462,55,1,Books,Electronics
3463,28,0,Fashion,Movies
3464,50,0,Fashion,Electronics
3465,55,0,Fashion,Sports
3466,68,0,Movies,Sports
3467,38,1,Books,Gaming
3468,37,0,Education,Fashion
3469,63,0,Gaming,Music
3470,46,0,Music,Fashion
3471,32,0,Fashion,Education
3472,27,0,Books,Sports
3473,33,1,Electronics,Movies
3474,62,0,Gaming,Fashion
3475,39,1,Electronics,Sports
3476,58,1,Movies,Books
3477,33,0,Education,Electronics
3478,65,0,Education,Books
3479,31,1,Gaming,Books
3480,26,0,Education,Electronics
3481,44,0,Fashion,Music
3482,43,0,Gaming,Books
3483,66,0,Books,Movies
3484,45,1,Movies,Electronics
3485,46,0,Electronics,Books
3486,24,0,Books,Music
3487,58,0,Movies,Education
3488,63,0,Education,Electronics
3489,26,1,Education,Books
3490,18,0,Electronics,Books
3491,59,0,Gaming,Fashion
3492,20,0,Fashion,Gaming
3493,23,1,Music,Sports
3494,35,1,Electronics,Music
3495,29,0,Education,Sports
3496,37,1,Gaming,Sports
3497,65,0,Books,Music
3498,18,0,Sports,Electronics
3499,18,0,Gaming,Music
3500,62,0,Education,Electronics
3501,64,1,Music,Fashion
3502,28,0,Movies,Sports
3503,61,0,Electronics,Gaming
3504,30,0,Books,Sports
3505,27,1,Music,Electronics
3506,45,0,Education,Gaming
3507,57,0,Movies,Gaming
3508,34,0,Sports,Books
3509,32,0,Electronics,Movies
3510,51,0,Sports,Fashion
3511,32,0,Gaming,Electronics
3512,21,0,Music,Sports
3513,52,0,Books,Gaming
3514,28,0,Education,Music
3515,56,1,Sports,Books
3516,67,0,Electronics,Fashion
3517,56,1,Electronics,Gaming
3518,24,1,Sports,Movies
3519,50,0,Gaming,Electronics
3520,32,0,Movies,Sports
3521,24,0,Education,Electronics
3522,37,0,Electronics,Sports
3523,53,0,Electronics,Sports
3524,30,0,Electronics,Movies
3525,52,0,Books,Fashion
3526,53,0,Education,Music
3527,42,0,Fashion,Gaming
3528,36,1,Sports,Electronics
3529,68,0,Electronics,Gaming
3530,60,1,Fashion,Movies
3531,54,0,Electronics,Movies
3532,53,0,Electronics,Fashion
3533,69,1,Fashion,Electronics
3534,67,0,Fashion,Gaming
3535,35,0,Electronics,Sports
3536,38,0,Books,Movies
3537,61,0,Fashion,Education
3538,56,0,Books,Education
3539,43,0,Books,Electronics
3540,33,0,Education,Movies
3541,68,1,Sports,Electronics
3542,31,0,Sports,Movies
3543,19,0,Music,Education
3544,63,0,Gaming,Fashion
3545,50,1,Books,Gaming
3546,56,0,Fashion,Sports
3547,68,1,Sports,Education
3548,68,0,Electronics,Music
3549,54,1,Fashion,Sports
3550,21,0,Books,Electronics
3551,24,0,Movies,Books
3552,29,0,Gaming,Books
3553,34,0,Music,Movies
3554,49,1,Fashion,Movies
3555,34,1,Sports,Music
3556,59,1,Electronics,Fashion
3557,50,0,Books,Education
3558,35,0,Gaming,Education
3559,46,0,Fashion,Electronics
3560,31,0,Education,Electronics
3561,23,1,Electronics,Books
3562,46,0,Fashion,Electronics
3563,21,0,Movies,Sports
3564,66,1,Education,Music
3565,33,1,Fashion,Books
3566,20,0,Fashion,Gaming
3567,59,0,Movies,Music
3568,62,0,Education,Sports
3569,37,1,Sports,Books
3570,42,1,Electronics,Music
3571,30,0,Fashion,Gaming
3572,31,0,Education,Movies
3573,69,1,Books,Gaming
3574,61,1,Movies,Fashion
3575,22,0,Gaming,Electronics
3576,48,0,Sports,Books
3577,59,0,Books,Music
3578,20,0,Books,Music
3579,29,1,Music,Education
3580,43,0,Sports,Movies
3581,47,0,Sports,Fashion
3582,19,1,Electronics,Fashion
3583,63,0,Books,Education
3584,68,0,Fashion,Gaming
3585,61,0,Education,Sports
3586,40,0,Fashion,Books
3587,58,0,Electronics,Books
3588,48,0,Music,Fashion
3589,19,0,Sports,Movies
3590,30,1,Movies,Fashion
3591,59,1,Education,Electronics
3592,60,0,Books,Gaming
3593,51,0,Electronics,Music
3594,24,0,Fashion,Books
3595,20,1,Electronics,Movies
3596,43,0,Books,Electronics
3597,41,0,Sports,Gaming
3598,60,0,Education,Movies
3599,66,1,Music,Sports
3600,66,1,Sports,Gaming
3601,28,0,Music,Books
3602,43,0,Books,Sports
3603,53,0,Sports,Electronics
3604,63,0,Sports,Gaming
3605,47,0,Gaming,Education
3606,47,0,Sports,Movies
3607,64,1,Sports,Electronics
3608,37,1,Education,Movies
3609,36,0,Education,Electronics
3610,32,0,Gaming,Books
3611,36,0,Sports,Music
3612,57,0,Education,Books
3613,44,0,Gaming,Fashion
3614,67,0,Fashion,Movies
3615,56,1,Sports,Gaming
3616,50,0,Music,Fashion
3617,36,0,Sports,Fashion
3618,33,1,Fashion,Electronics
3619,43,0,Electronics,Sports
3620,25,0,Fashion,Electronics
3621,45,0,Education,Sports
3622,66,0,Gaming,Books
3623,39,1,Music,Books
3624,45,0,Movies,Music
3625,40,0,Fashion,Education
3626,35,0,Fashion,Music
3627,47,1,Sports,Electronics
3628,30,1,Gaming,Education
3629,43,0,Education,Gaming
3630,66,0,Sports,Music
3631,66,1,Education,Gaming
3632,67,0,Education,Fashion
3633,41,0,Electronics,Gaming
3634,58,0,Gaming,Music
3635,27,0,Sports,Books
3636,46,0,Music,Sports
3637,31,0,Sports,Music
3638,23,0,Fashion,Music
3639,29,0,Electronics,Movies
3640,39,1,Electronics,Books
3641,65,0,Education,Music
3642,67,1,Electronics,Movies
3643,38,0,Gaming,Sports
3644,26,0,Books,Movies
3645,19,1,Education,Books
3646,51,1,Books,Music
3647,51,0,Electronics,Gaming
3648,20,0,Gaming,Books
3649,23,0,Fashion,Sports
3650,66,1,Movies,Books
3651,35,1,Books,Electronics
3652,69,1,Education,Music
3653,20,0,Movies,Books
3654,47,0,Education,Gaming
3655,18,0,Electronics,Movies
3656,46,1,Education,Gaming
3657,30,0,Fashion,Education
3658,54,0,Gaming,Books
3659,65,0,Music,Gaming
3660,39,1,Education,Music
3661,63,1,Electronics,Education
3662,65,0,Books,Movies
3663,48,0,Music,Movies
3664,60,0,Electronics,Sports
3665,66,1,Gaming,Education
3666,68,0,Movies,Gaming
3667,40,1,Sports,Education
3668,48,1,Books,Music
3669,43,1,Music,Gaming
3670,31,1,Electronics,Music
3671,65,0,Music,Electronics
3672,20,0,Books,Movies
3673,35,0,Music,Sports
3674,40,0,Electronics,Sports
3675,18,0,Music,Books
3676,59,0,Books,Music
3677,61,0,Sports,Books
3678,62,0,Music,Books
3679,57,0,Books,Gaming
3680,20,1,Education,Music
3681,29,0,Sports,Education
3682,63,1,Sports,Fashion
3683,47,0,Music,Fashion
3684,38,1,Gaming,Fashion
3685,52,0,Electronics,Books
3686,19,0,Music,Fashion
3687,50,0,Education,Sports
3688,63,0,Books,Movies
3689,45,0,Movies,Sports
3690,28,0,Music,Education
3691,19,1,Books,Fashion
3692,44,1,Education,Electronics
3693,56,0,Books,Movies
3694,22,1,Fashion,Sports
3695,38,0,Books,Electronics
3696,55,0,Fashion,Sports
3697,42,0,Books,Gaming
3698,49,0,Fashion,Movies
3699,58,0,Fashion,Education
3700,50,0,Sports,Music
3701,22,1,Electronics,Sports
3702,29,0,Gaming,Music
3703,68,0,Fashion,Movies
3704,47,0,Music,Sports
3705,39,0,Education,Music
3706,64,0,Electronics,Sports
3707,37,0,Sports,Electronics
3708,41,1,Electronics,Education
3709,50,0,Sports,Education
3710,67,0,Music,Sports
3711,33,0,Music,Gaming
3712,29,0,Music,Sports
3713,59,1,Education,Sports
3714,63,1,Movies,Music
3715,41,0,Fashion,Education
3716,61,0,Movies,Books
3717,67,0,Movies,Books
3718,67,0,Education,Fashion
3719,49,1,Movies,Education
3720,53,0,Electronics,Fashion
3721,22,0,Music,Fashion
3722,58,1,Education,Books
3723,35,0,Fashion,Gaming
3724,24,0,Movies,Books
3725,22,0,Fashion,Education
3726,33,0,Fashion,Books
3727,43,1,Sports,Electronics
3728,40,1,Electronics,Sports
3729,32,0,Fashion,Movies
3730,42,0,Movies,Fashion
3731,40,0,Fashion,Books
3732,34,0,Electronics,Gaming
3733,46,0,Music,Fashion
3734,36,1,Fashion,Sports
3735,30,1,Education,Movies
3736,63,0,Fashion,Music
3737,57,0,Movies,Electronics
3738,50,1,Electronics,Movies
3739,34,1,Education,Gaming
3740,23,1,Fashion,Movies
3741,54,0,Music,Books
3742,42,0,Electronics,Gaming
3743,27,1,Music,Gaming
3744,28,0,Movies,Sports
3745,43,0,Movies,Education
3746,47,0,Fashion,Education
3747,33,0,Education,Fashion
3748,52,0,Books,Gaming
3749,57,0,Education,Electronics
3750,52,0,Fashion,Gaming
3751,67,0,Books,Sports
3752,65,0,Electronics,Movies
3753,58,0,Sports,Movies
3754,44,1,Music,Electronics
3755,19,0,Music,Electronics
3756,55,0,Sports,Music
3757,23,0,Sports,Education
3758,18,1,Movies,Books
3759,62,1,Electronics,Books
3760,32,0,Education,Music
3761,31,0,Books,Music
3762,24,0,Gaming,Books
3763,48,0,Education,Fashion
3764,48,0,Electronics,Gaming
3765,49,0,Music,Sports
3766,57,0,Fashion,Gaming
3767,65,0,Gaming,Fashion
3768,44,0,Gaming,Fashion
3769,49,0,Electronics,Sports
3770,63,0,Music,Fashion
3771,43,0,Movies,Sports
3772,52,1,Books,Fashion
3773,37,1,Education,Music
3774,39,0,Gaming,Education
3775,45,0,Education,Fashion
3776,28,1,Fashion,Education
3777,65,0,Gaming,Music
3778,47,0,Gaming,Books
3779,29,0,Books,Fashion
3780,60,0,Sports,Fashion
3781,32,1,Education,Gaming
3782,60,0,Music,Electronics
3783,19,0,Gaming,Electronics
3784,69,0,Electronics,Movies
3785,67,0,Movies,Sports
3786,43,0,Fashion,Music
3787,45,0,Education,Music
3788,25,1,Fashion,Books
3789,54,1,Fashion,Education
3790,67,0,Gaming,Fashion
3791,27,0,Education,Electronics
3792,52,0,Movies,Education
3793,61,0,Movies,Sports
3794,56,0,Education,Books
3795,45,0,Electronics,Education
3796,42,1,Electronics,Fashion
3797,60,1,Movies,Fashion
3798,65,1,Education,Electronics
3799,69,0,Movies,Sports
3800,67,1,Fashion,Movies
3801,22,0,Sports,Electronics
3802,31,0,Books,Education
3803,68,0,Movies,Sports
3804,38,0,Books,Music
3805,50,0,Music,Movies
3806,66,0,Education,Movies
3807,60,0,Gaming,Education
3808,23,0,Movies,Gaming
3809,20,1,Education,Music
3810,29,0,Books,Sports
3811,19,1,Electronics,Education
3812,46,0,Movies,Books
3813,24,0,Electronics,Fashion
3814,31,0,Music,Sports
3815,34,0,Fashion,Sports
3816,23,0,Fashion,Electronics
3817,23,0,Movies,Fashion
3818,41,0,Gaming,Music
3819,41,0,Music,Electronics
3820,57,1,Movies,Fashion
3821,28,0,Books,Music
3822,41,0,Sports,Education
3823,61,0,Fashion,Education
3824,60,0,Books,Music
3825,24,0,Fashion,Music
3826,51,0,Music,Education
3827,59,0,Music,Education
3828,46,1,Movies,Fashion
3829,35,0,Music,Electronics
3830,45,0,Music,Education
3831,59,1,Fashion,Electronics
3832,25,0,Fashion,Music
3833,53,1,Movies,Fashion
3834,66,0,Education,Sports
3835,25,0,Music,Books
3836,64,0,Books,Fashion
3837,54,1,Fashion,Music
3838,57,0,Sports,Education
3839,56,0,Sports,Education
3840,31,0,Books,Movies
3841,55,1,Education,Electronics
3842,35,0,Books,Education
3843,42,0,Fashion,Electronics
3844,45,0,Education,Fashion
3845,61,0,Movies,Gaming
3846,59,1,Music,Books
3847,36,0,Education,Movies
3848,28,0,Music,Books
3849,40,1,Movies,Electronics
3850,24,0,Books,Fashion
3851,59,1,Fashion,Education
3852,26,1,Fashion,Gaming
3853,35,0,Sports,Fashion
3854,62,1,Fashion,Books
3855,69,0,Fashion,Electronics
3856,42,0,Gaming,Music
3857,32,0,Books,Electronics
3858,57,0,Electronics,Education
3859,21,0,Education,Gaming
3860,45,0,Gaming,Electronics
3861,64,1,Sports,Electronics
3862,65,0,Electronics,Education
3863,47,0,Electronics,Movies
3864,54,1,Books,Sports
3865,28,1,Electronics,Books
3866,29,1,Movies,Gaming
3867,60,0,Electronics,Education
3868,61,0,Books,Education
3869,47,0,Books,Music
3870,64,0,Sports,Music
3871,50,1,Sports,Books
3872,61,0,Music,Electronics
3873,54,0,Books,Fashion
3874,50,1,Movies,Music
3875,61,0,Music,Fashion
3876,62,0,Fashion,Education
3877,44,0,Sports,Music
3878,69,0,Books,Electronics
3879,57,0,Electronics,Music
3880,34,0,Sports,Gaming
3881,59,0,Sports,Fashion
3882,40,0,Fashion,Education
3883,24,1,Electronics,Gaming
3884,37,0,Books,Fashion
3885,20,0,Education,Fashion
3886,63,1,Fashion,Movies
3887,63,0,Books,Fashion
3888,65,0,Music,Sports
3889,60,0,Gaming,Books
3890,63,0,Sports,Movies
3891,54,0,Books,Education
3892,57,0,Music,Electronics
3893,32,1,Education,Electronics
3894,34,1,Fashion,Movies
3895,63,0,Music,Gaming
3896,33,0,Movies,Music
3897,50,1,Electronics,Books
3898,46,0,Music,Sports
3899,38,0,Books,Movies
3900,23,0,Movies,Sports
3901,30,0,Movies,Gaming
3902,64,0,Education,Books
3903,27,0,Gaming,Fashion
3904,58,0,Gaming,Books
3905,29,1,Books,Education
3906,66,0,Education,Music
3907,28,0,Music,Books
3908,53,0,Electronics,Gaming
3909,43,0,Education,Music
3910,57,0,Books,Movies
3911,21,1,Education,Movies
3912,29,0,Books,Electronics
3913,30,0,Fashion,Movies
3914,55,1,Gaming,Music
3915,21,1,Books,Gaming
3916,24,0,Fashion,Electronics
3917,28,0,Music,Books
3918,46,1,Music,Books
3919,56,0,Gaming,Electronics
3920,56,1,Sports,Education
3921,65,0,Gaming,Music
3922,26,0,Education,Fashion
3923,62,0,Movies,Education
3924,53,1,Gaming,Fashion
3925,61,0,Education,Music
3926,30,0,Gaming,Sports
3927,67,0,Movies,Books
3928,44,0,Education,Electronics
3929,57,0,Books,Sports
3930,37,1,Education,Sports
3931,54,0,Sports,Gaming
3932,25,0,Fashion,Electronics
3933,31,0,Books,Gaming
3934,30,1,Electronics,Education
3935,62,1,Books,Movies
3936,65,0,Electronics,Fashion
3937,22,0,Gaming,Movies
3938,60,0,Music,Books
3939,52,1,Movies,Music
3940,24,0,Books,Education
3941,20,1,Books,Gaming
3942,56,0,Education,Gaming
3943,67,0,Education,Books
3944,25,0,Movies,Gaming
3945,44,0,Education,Sports
3946,34,1,Movies,Music
3947,65,0,Music,Education
3948,44,0,Electronics,Education
3949,40,1,Electronics,Movies
3950,66,0,Books,Movies
3951,46,0,Education,Fashion
3952,33,0,Gaming,Sports
3953,36,0,Education,Electronics
3954,25,0,Electronics,Fashion
3955,46,1,Movies,Gaming
3956,43,0,Fashion,Movies
3957,29,0,Gaming,Books
3958,32,0,Movies,Gaming
3959,59,1,Gaming,Sports
3960,49,1,Books,Music
3961,35,1,Education,Music
3962,23,1,Education,Sports
3963,60,0,Fashion,Music
3964,51,0,Electronics,Movies
3965,22,1,Movies,Sports
3966,25,1,Gaming,Movies
3967,43,0,Music,Education
3968,48,1,Movies,Fashion
3969,29,0,Electronics,Books
3970,23,0,Electronics,Fashion
3971,22,0,Music,Fashion
3972,46,0,Electronics,Education
3973,63,1,Music,Sports
3974,25,1,Books,Movies
3975,68,0,Music,Fashion
3976,54,0,Gaming,Fashion
3977,28,0,Electronics,Gaming
3978,50,0,Sports,Books
3979,61,1,Sports,Gaming
3980,24,0,Movies,Music
3981,40,1,Books,Gaming
3982,24,0,Books,Education
3983,20,0,Movies,Electronics
3984,37,0,Music,Books
3985,61,0,Electronics,Music
3986,47,1,Music,Electronics
3987,27,0,Education,Music
3988,35,1,Gaming,Movies
3989,44,0,Gaming,Fashion
3990,66,1,Electronics,Gaming
3991,40,0,Education,Movies
3992,28,0,Electronics,Sports
3993,58,1,Gaming,Movies
3994,51,1,Gaming,Fashion
3995,34,0,Books,Education
3996,29,0,Education,Electronics
3997,36,0,Sports,Fashion
3998,68,0,Education,Movies
3999,64,0,Music,Books
4000,25,0,Movies,Fashion
4001,69,0,Gaming,Books
4002,56,0,Education,Music
4003,66,0,Books,Education
4004,27,1,Sports,Fashion
4005,18,0,Movies,Electronics
4006,38,0,Movies,Music
4007,41,0,Gaming,Education
4008,24,0,Sports,Music
4009,34,1,Books,Gaming
4010,24,0,Books,Music
4011,41,0,Music,Fashion
4012,29,0,Books,Music
4013,21,1,Education,Sports
4014,30,1,Sports,Fashion
4015,59,1,Books,Gaming
4016,41,1,Movies,Music
4017,29,0,Movies,Sports
4018,28,0,Music,Books
4019,30,1,Gaming,Sports
4020,56,1,Movies,Music
4021,28,1,Education,Music
4022,21,0,Fashion,Electronics
4023,19,1,Fashion,Music
4024,56,0,Education,Books
4025,34,1,Education,Fashion
4026,36,0,Gaming,Movies
4027,25,1,Electronics,Music
4028,19,0,Sports,Fashion
4029,28,1,Education,Books
4030,43,0,Sports,Books
4031,56,1,Movies,Education
4032,60,1,Gaming,Sports
4033,56,1,Music,Education
4034,21,0,Books,Gaming
4035,66,0,Sports,Education
4036,45,0,Gaming,Fashion
4037,26,0,Movies,Gaming
4038,18,0,Fashion,Sports
4039,35,1,Sports,Movies
4040,28,0,Sports,Electronics
4041,30,0,Fashion,Books
4042,18,0,Electronics,Fashion
4043,35,0,Movies,Sports
4044,48,0,Education,Movies
4045,63,1,Gaming,Sports
4046,54,1,Electronics,Fashion
4047,34,0,Fashion,Sports
4048,42,0,Fashion,Electronics
4049,39,0,Movies,Education
4050,53,1,Movies,Gaming
4051,38,0,Fashion,Gaming
4052,54,0,Electronics,Gaming
4053,43,0,Education,Gaming
4054,37,0,Electronics,Books
4055,53,0,Books,Sports
4056,63,1,Movies,Education
4057,33,0,Books,Movies
4058,46,0,Music,Gaming
4059,41,0,Books,Movies
4060,36,1,Fashion,Books
4061,32,1,Books,Music
4062,27,0,Books,Music
4063,63,0,Movies,Sports
4064,30,0,Books,Fashion
4065,43,0,Books,Education
4066,31,0,Music,Fashion
4067,64,0,Gaming,Education
4068,66,1,Sports,Movies
4069,65,1,Sports,Books
4070,29,0,Books,Fashion
4071,46,1,Sports,Fashion
4072,57,0,Education,Sports
4073,40,0,Movies,Education
4074,28,0,Electronics,Movies
4075,51,0,Music,Gaming
4076,60,1,Books,Sports
4077,53,1,Gaming,Sports
4078,60,0,Sports,Fashion
4079,44,1,Fashion,Sports
4080,62,0,Education,Music
4081,18,0,Music,Education
4082,39,0,Movies,Electronics
4083,42,0,Electronics,Education
4084,43,0,Electronics,Gaming
4085,41,0,Sports,Fashion
4086,23,0,Gaming,Fashion
4087,59,1,Music,Education
4088,63,0,Books,Music
4089,29,0,Sports,Education
4090,29,0,Education,Sports
4091,56,0,Electronics,Movies
4092,53,0,Movies,Fashion
4093,50,1,Books,Education
4094,58,0,Sports,Fashion
4095,41,0,Sports,Education
4096,48,0,Fashion,Movies
4097,58,0,Music,Education
4098,19,1,Gaming,Education
4099,20,0,Electronics,Sports
4100,23,1,Books,Education
4101,28,0,Education,Sports
4102,69,1,Gaming,Education
4103,55,0,Music,Gaming
4104,67,0,Gaming,Education
4105,32,1,Books,Education
4106,69,0,Fashion,Gaming
4107,19,0,Movies,Music
4108,51,0,Books,Sports
4109,24,0,Gaming,Movies
4110,59,1,Music,Sports
4111,18,0,Electronics,Education
4112,18,1,Electronics,Gaming
4113,38,1,Fashion,Gaming
4114,40,0,Education,Gaming
4115,21,0,Fashion,Electronics
4116,39,0,Gaming,Books
4117,18,0,Movies,Fashion
4118,50,0,Books,Electronics
4119,53,0,Fashion,Books
4120,41,1,Fashion,Education
4121,30,0,Gaming,Education
4122,30,0,Music,Sports
4123,43,0,Education,Gaming
4124,55,0,Fashion,Sports
4125,66,1,Fashion,Gaming
4126,52,0,Music,Education
4127,54,0,Movies,Books
4128,56,0,Books,Movies
4129,46,0,Music,Books
4130,69,1,Gaming,Sports
4131,59,0,Sports,Electronics
4132,64,0,Electronics,Music
4133,49,0,Sports,Electronics
4134,49,1,Education,Books
4135,18,0,Movies,Gaming
4136,59,0,Fashion,Electronics
4137,47,0,Gaming,Movies
4138,24,0,Gaming,Movies
4139,26,0,Movies,Books
4140,63,1,Books,Sports
4141,26,0,Fashion,Music
4142,36,0,Books,Electronics
4143,57,0,Gaming,Education
4144,26,0,Education,Gaming
4145,39,0,Education,Electronics
4146,59,1,Sports,Gaming
4147,26,0,Sports,Books
4148,65,0,Movies,Fashion
4149,24,0,Education,Sports
4150,33,1,Fashion,Movies
4151,54,1,Sports,Music
4152,54,0,Sports,Education
4153,43,1,Movies,Gaming
4154,25,0,Sports,Movies
4155,50,1,Fashion,Movies
4156,64,0,Fashion,Electronics
4157,35,0,Movies,Fashion
4158,27,0,Sports,Music
4159,21,0,Education,Books
4160,30,1,Music,Movies
4161,35,1,Education,Electronics
4162,41,1,Electronics,Movies
4163,50,1,Fashion,Education
4164,26,0,Music,Gaming
4165,56,0,Gaming,Music
4166,18,1,Sports,Gaming
4167,26,0,Gaming,Music
4168,32,1,Gaming,Music
4169,22,0,Movies,Electronics
4170,39,0,Books,Music
4171,40,0,Electronics,Books
4172,40,1,Music,Books
4173,44,1,Education,Fashion
4174,51,1,Electronics,Books
4175,66,0,Movies,Music
4176,23,0,Gaming,Fashion
4177,51,1,Gaming,Music
4178,46,0,Music,Books
4179,53,0,Electronics,Music
4180,32,0,Fashion,Sports
4181,53,0,Fashion,Music
4182,45,1,Education,Fashion
4183,33,0,Education,Books
4184,33,1,Books,Sports
4185,55,1,Gaming,Books
4186,46,0,Movies,Electronics
4187,27,0,Music,Electronics
4188,35,0,Fashion,Movies
4189,38,0,Movies,Gaming
4190,21,0,Music,Sports
4191,37,1,Movies,Fashion
4192,58,1,Movies,Music
4193,63,1,Music,Sports
4194,51,0,Fashion,Sports
4195,27,0,Education,Gaming
4196,18,0,Fashion,Music
4197,22,0,Education,Electronics
4198,66,0,Sports,Books
4199,40,0,Electronics,Fashion
4200,60,0,Fashion,Electronics
4201,51,0,Education,Fashion
4202,28,0,Fashion,Gaming
4203,49,0,Education,Sports
4204,48,1,Books,Movies
4205,26,0,Electronics,Movies
4206,38,0,Music,Gaming
4207,67,1,Education,Sports
4208,47,0,Education,Electronics
4209,28,1,Fashion,Electronics
4210,26,0,Music,Electronics
4211,18,0,Sports,Education
4212,42,0,Movies,Books
4213,39,0,Fashion,Gaming
4214,27,1,Movies,Music
4215,27,1,Sports,Music
4216,23,0,Electronics,Music
4217,47,0,Fashion,Movies
4218,59,0,Books,Fashion
4219,18,0,Education,Music
4220,65,1,Books,Sports
4221,32,0,Electronics,Sports
4222,25,1,Books,Movies
4223,22,0,Music,Movies
4224,64,0,Books,Education
4225,28,0,Music,Books
4226,37,0,Electronics,Books
4227,35,0,Education,Gaming
4228,27,1,Education,Sports
4229,47,1,Movies,Music
4230,68,1,Electronics,Sports
4231,21,0,Electronics,Gaming
4232,23,0,Education,Fashion
4233,43,0,Fashion,Books
4234,56,1,Electronics,Education
4235,68,0,Movies,Fashion
4236,46,0,Electronics,Gaming
4237,47,1,Books,Music
4238,28,0,Gaming,Electronics
4239,43,0,Gaming,Fashion
4240,42,1,Fashion,Books
4241,43,0,Gaming,Electronics
4242,53,0,Electronics,Education
4243,30,0,Sports,Books
4244,19,0,Gaming,Education
4245,45,0,Gaming,Fashion
4246,58,0,Fashion,Electronics
4247,38,0,Movies,Sports
4248,51,1,Gaming,Music
4249,58,0,Movies,Gaming
4250,55,0,Fashion,Sports
4251,57,1,Books,Education
4252,54,1,Music,Movies
4253,58,0,Sports,Movies
4254,21,0,Education,Sports
4255,27,0,Education,Fashion
4256,31,0,Gaming,Electronics
4257,62,1,Gaming,Education
4258,52,0,Music,Movies
4259,58,1,Fashion,Movies
4260,35,1,Gaming,Electronics
4261,31,0,Electronics,Music
4262,48,1,Music,Sports
4263,59,1,Sports,Gaming
4264,35,0,Fashion,Movies
4265,36,1,Books,Sports
4266,25,0,Education,Sports
4267,20,1,Books,Education
4268,39,0,Education,Fashion
4269,34,1,Fashion,Books
4270,26,0,Movies,Education
4271,38,0,Sports,Music
4272,49,0,Gaming,Fashion
4273,52,0,Electronics,Music
4274,63,0,Books,Electronics
4275,25,0,Books,Music
4276,61,0,Gaming,Sports
4277,64,1,Books,Movies
4278,65,0,Movies,Fashion
4279,38,1,Movies,Music
4280,21,0,Books,Education
4281,26,0,Electronics,Books
4282,26,0,Education,Books
4283,43,0,Fashion,Education
4284,30,0,Gaming,Electronics
4285,36,0,Books,Movies
4286,66,0,Movies,Fashion
4287,45,1,Education,Gaming
4288,27,1,Education,Movies
4289,30,1,Movies,Fashion
4290,50,0,Fashion,Books
4291,65,0,Fashion,Electronics
4292,49,0,Movies,Education
4293,41,0,Books,Movies
4294,30,1,Electronics,Books
4295,64,0,Gaming,Electronics
4296,19,0,Electronics,Fashion
4297,60,0,Education,Sports
4298,20,0,Gaming,Education
4299,37,0,Education,Fashion
4300,33,0,Music,Gaming
4301,66,1,Gaming,Education
4302,60,0,Movies,Electronics
4303,50,1,Fashion,Books
4304,29,0,Electronics,Fashion
4305,45,0,Books,Education
4306,31,1,Electronics,Gaming
4307,62,0,Sports,Education
4308,24,0,Electronics,Fashion
4309,59,0,Education,Music
4310,55,0,Fashion,Gaming
4311,61,0,Sports,Movies
4312,48,0,Sports,Electronics
4313,69,1,Movies,Education
4314,36,0,Education,Books
4315,37,1,Education,Sports
4316,42,1,Electronics,Books
4317,51,0,Fashion,Books
4318,22,0,Education,Sports
4319,42,1,Education,Electronics
4320,65,1,Education,Movies
4321,32,0,Sports,Books
4322,20,0,Movies,Music
4323,31,1,Gaming,Electronics
4324,64,0,Music,Electronics
4325,20,1,Books,Gaming
4326,56,0,Gaming,Sports
4327,44,0,Education,Music
4328,28,1,Movies,Electronics
4329,24,0,Education,Sports
4330,46,0,Education,Movies
4331,64,0,Education,Books
4332,29,0,Electronics,Music
4333,54,0,Electronics,Movies
4334,58,0,Music,Movies
4335,19,1,Books,Sports
4336,38,0,Gaming,Sports
4337,30,0,Books,Movies
4338,68,1,Music,Sports
4339,34,0,Gaming,Electronics
4340,18,0,Fashion,Sports
4341,68,1,Sports,Movies
4342,57,0,Music,Sports
4343,32,0,Sports,Music
4344,63,0,Sports,Music
4345,41,0,Music,Movies
4346,58,0,Education,Books
4347,37,0,Movies,Gaming
4348,62,0,Gaming,Sports
4349,29,1,Music,Education
4350,47,0,Education,Gaming
4351,54,1,Fashion,Music
4352,42,1,Sports,Fashion
4353,42,0,Books,Gaming
4354,26,0,Education,Books
4355,42,0,Fashion,Books
4356,49,0,Fashion,Music
4357,18,0,Education,Electronics
4358,25,1,Gaming,Sports
4359,58,1,Movies,Books
4360,40,0,Sports,Music
4361,47,0,Electronics,Books
4362,50,0,Music,Fashion
4363,63,1,Music,Gaming
4364,42,1,Fashion,Books
4365,43,0,Electronics,Education
4366,33,1,Books,Sports
4367,41,0,Gaming,Electronics
4368,32,0,Sports,Electronics
4369,51,0,Sports,Movies
4370,27,0,Movies,Fashion
4371,66,0,Music,Education
4372,40,0,Electronics,Education
4373,59,1,Movies,Books
4374,21,0,Books,Gaming
4375,49,1,Electronics,Movies
4376,43,1,Education,Gaming
4377,40,0,Books,Electronics
4378,69,0,Books,Education
4379,19,0,Electronics,Music
4380,41,0,Books,Fashion
4381,28,0,Books,Education
4382,32,0,Sports,Fashion
4383,44,0,Fashion,Gaming
4384,69,1,Movies,Gaming
4385,18,0,Education,Gaming
4386,61,0,Education,Music
4387,54,1,Books,Fashion
4388,35,0,Music,Fashion
4389,56,1,Fashion,Electronics
4390,57,0,Sports,Movies
4391,31,1,Gaming,Education
4392,27,0,Electronics,Fashion
4393,32,0,Education,Fashion
4394,58,0,Movies,Music
4395,65,1,Fashion,Electronics
4396,45,1,Movies,Fashion
4397,20,0,Gaming,Fashion
4398,32,0,Sports,Books
4399,54,1,Gaming,Education
4400,21,0,Sports,Books
4401,56,0,Gaming,Sports
4402,45,0,Gaming,Sports
4403,62,0,Music,Electronics
4404,61,1,Education,Books
4405,68,0,Electronics,Gaming
4406,47,1,Books,Electronics
4407,39,0,Music,Fashion
4408,67,1,Gaming,Education
4409,24,1,Fashion,Movies
4410,25,0,Electronics,Movies
4411,56,1,Electronics,Gaming
4412,39,1,Fashion,Music
4413,62,0,Electronics,Gaming
4414,24,1,Movies,Sports
4415,20,0,Gaming,Music
4416,38,1,Movies,Gaming
4417,69,0,Music,Fashion
4418,52,0,Electronics,Education
4419,49,0,Movies,Music
4420,62,0,Fashion,Gaming
4421,49,1,Gaming,Sports
4422,50,0,Sports,Music
4423,38,1,Education,Music
4424,32,1,Music,Education
4425,60,0,Gaming,Education
4426,23,0,Sports,Fashion
4427,54,1,Books,Electronics
4428,55,0,Music,Sports
4429,45,0,Fashion,Music
4430,68,1,Movies,Books
4431,23,1,Books,Music
4432,41,1,Movies,Music
4433,60,1,Music,Education
4434,36,1,Fashion,Electronics
4435,36,0,Electronics,Education
4436,62,1,Movies,Books
4437,35,0,Movies,Gaming
4438,59,0,Gaming,Movies
4439,21,0,Books,Gaming
4440,46,0,Electronics,Education
4441,42,1,Music,Fashion
4442,64,0,Music,Electronics
4443,42,0,Electronics,Education
4444,43,1,Books,Movies
4445,44,0,Movies,Music
4446,18,0,Electronics,Movies
4447,56,1,Music,Books
4448,21,0,Sports,Fashion
4449,68,0,Movies,Fashion
4450,55,1,Fashion,Gaming
4451,64,0,Gaming,Movies
4452,27,0,Sports,Electronics
4453,66,1,Music,Movies
4454,47,0,Sports,Education
4455,48,0,Music,Sports
4456,48,0,Books,Fashion
4457,56,0,Gaming,Education
4458,40,0,Gaming,Electronics
4459,57,1,Books,Electronics
4460,58,0,Gaming,Books
4461,28,0,Education,Books
4462,34,1,Education,Electronics
4463,44,0,Music,Gaming
4464,32,0,Gaming,Movies
4465,28,0,Gaming,Education
4466,43,1,Movies,Music
4467,41,1,Education,Music
4468,59,0,Gaming,Sports
4469,63,0,Education,Music
4470,60,0,Gaming,Education
4471,46,1,Fashion,Books
4472,27,0,Fashion,Movies
4473,48,0,Education,Books
4474,20,0,Books,Gaming
4475,31,0,Sports,Movies
4476,32,1,Education,Electronics
4477,31,1,Fashion,Music
4478,24,0,Music,Electronics
4479,41,0,Gaming,Electronics
4480,55,0,Books,Sports
4481,56,1,Movies,Electronics
4482,43,0,Fashion,Electronics
4483,21,1,Music,Fashion
4484,18,1,Music,Fashion
4485,63,1,Movies,Sports
4486,27,0,Electronics,Education
4487,34,0,Fashion,Books
4488,64,1,Gaming,Electronics
4489,38,0,Movies,Fashion
4490,28,0,Sports,Books
4491,18,0,Education,Electronics
4492,30,0,Books,Music
4493,48,0,Music,Electronics
4494,64,0,Electronics,Movies
4495,69,0,Education,Movies
4496,64,1,Movies,Music
4497,53,0,Education,Fashion
4498,24,0,Gaming,Sports
4499,27,1,Fashion,Education
4500,47,0,Fashion,Music
4501,30,1,Education,Gaming
4502,64,0,Education,Music
4503,42,0,Education,Books
4504,45,0,Music,Electronics
4505,58,0,Gaming,Sports
4506,66,1,Sports,Movies
4507,66,1,Music,Movies
4508,18,0,Electronics,Gaming
4509,41,0,Education,Music
4510,42,0,Movies,Gaming
4511,18,0,Books,Education
4512,59,1,Fashion,Gaming
4513,36,0,Electronics,Music
4514,46,1,Movies,Music
4515,26,0,Books,Gaming
4516,63,0,Books,Fashion
4517,34,0,Electronics,Music
4518,37,0,Sports,Education
4519,60,0,Education,Movies
4520,21,0,Electronics,Books
4521,54,1,Fashion,Electronics
4522,32,1,Movies,Education
4523,28,0,Sports,Books
4524,55,0,Education,Electronics
4525,33,0,Music,Sports
4526,18,0,Electronics,Movies
4527,26,0,Electronics,Sports
4528,34,0,Gaming,Books
4529,45,1,Gaming,Electronics
4530,47,1,Music,Sports
4531,39,0,Movies,Electronics
4532,48,0,Books,Electronics
4533,63,0,Fashion,Sports
4534,49,1,Fashion,Books
4535,62,0,Movies,Education
4536,63,1,Books,Fashion
4537,33,0,Movies,Sports
4538,44,0,Fashion,Electronics
4539,42,0,Music,Books
4540,65,0,Electronics,Gaming
4541,34,0,Electronics,Sports
4542,47,0,Gaming,Electronics
4543,55,0,Music,Books
4544,60,1,Gaming,Fashion
4545,44,0,Movies,Sports
4546,66,0,Books,Electronics
4547,33,0,Sports,Books
4548,43,0,Sports,Movies
4549,36,1,Gaming,Electronics
4550,62,1,Movies,Electronics
4551,45,0,Music,Sports
4552,53,0,Gaming,Electronics
4553,19,0,Education,Electronics
4554,55,0,Gaming,Music
4555,26,0,Sports,Electronics
4556,33,1,Movies,Music
4557,19,0,Books,Fashion
4558,25,0,Fashion,Sports
4559,59,0,Gaming,Sports
4560,34,0,Books,Education
4561,20,0,Sports,Education
4562,30,0,Fashion,Sports
4563,26,0,Fashion,Education
4564,57,1,Sports,Music
4565,40,0,Gaming,Movies
4566,67,0,Education,Electronics
4567,50,1,Electronics,Education
4568,28,0,Education,Gaming
4569,24,0,Movies,Gaming
4570,65,1,Fashion,Electronics
4571,64,0,Electronics,Movies
4572,60,1,Movies,Music
4573,34,1,Movies,Education
4574,23,0,Gaming,Fashion
4575,26,0,Sports,Music
4576,48,0,Movies,Electronics
4577,22,0,Fashion,Gaming
4578,53,0,Books,Sports
4579,41,0,Books,Movies
4580,34,0,Books,Education
4581,21,0,Fashion,Gaming
4582,29,0,Movies,Sports
4583,36,0,Sports,Music
4584,35,1,Music,Gaming
4585,20,0,Music,Gaming
4586,61,0,Movies,Education
4587,57,0,Education,Fashion
4588,21,0,Sports,Gaming
4589,69,0,Music,Fashion
4590,21,0,Sports,Movies
4591,61,0,Music,Electronics
4592,64,1,Fashion,Gaming
4593,40,0,Electronics,Music
4594,52,0,Education,Electronics
4595,48,1,Electronics,Gaming
4596,18,1,Fashion,Movies
4597,54,1,Education,Gaming
4598,42,0,Gaming,Movies
4599,46,0,Books,Education
4600,21,0,Books,Music
4601,67,0,Electronics,Education
4602,39,1,Education,Music
4603,40,0,Books,Sports
4604,40,0,Gaming,Education
4605,54,0,Music,Sports
4606,38,1,Fashion,Education
4607,52,0,Electronics,Books
4608,28,1,Education,Fashion
4609,64,0,Sports,Movies
4610,20,0,Electronics,Fashion
4611,36,1,Electronics,Education
4612,39,0,Movies,Gaming
4613,31,1,Music,Books
4614,50,0,Books,Education
4615,66,1,Movies,Education
4616,68,0,Sports,Books
4617,50,0,Education,Fashion
4618,22,0,Electronics,Sports
4619,33,0,Education,Music
4620,65,0,Sports,Electronics
4621,30,1,Sports,Education
4622,41,0,Gaming,Electronics
4623,48,0,Movies,Music
4624,67,0,Education,Books
4625,66,0,Sports,Gaming
4626,40,1,Fashion,Electronics
4627,30,0,Fashion,Gaming
4628,50,1,Books,Fashion
4629,20,1,Movies,Music
4630,24,0,Sports,Music
4631,39,0,Movies,Books
4632,40,0,Electronics,Gaming
4633,35,0,Movies,Gaming
4634,24,0,Education,Electronics
4635,66,0,Gaming,Music
4636,25,0,Electronics,Education
4637,21,1,Music,Sports
4638,50,0,Gaming,Fashion
4639,55,0,Books,Gaming
4640,43,0,Education,Sports
4641,56,0,Music,Movies
4642,43,0,Electronics,Gaming
4643,25,1,Sports,Electronics
4644,38,0,Movies,Sports
4645,43,0,Education,Fashion
4646,48,0,Electronics,Movies
4647,29,1,Sports,Fashion
4648,26,0,Books,Music
4649,68,1,Electronics,Gaming
4650,59,0,Sports,Gaming
4651,41,1,Gaming,Electronics
4652,20,1,Sports,Books
4653,67,0,Fashion,Sports
4654,30,0,Movies,Electronics
4655,65,0,Books,Electronics
4656,36,1,Education,Sports
4657,39,0,Electronics,Music
4658,49,0,Music,Education
4659,38,1,Movies,Books
4660,37,1,Books,Movies
4661,54,0,Sports,Fashion
4662,42,1,Electronics,Education
4663,36,0,Music,Movies
4664,59,1,Sports,Electronics
4665,46,0,Education,Gaming
4666,42,0,Books,Gaming
4667,47,0,Education,Movies
4668,40,1,Books,Electronics
4669,43,0,Electronics,Books
4670,25,0,Gaming,Fashion
4671,54,0,Books,Education
4672,50,0,Fashion,Electronics
4673,21,0,Education,Electronics
4674,43,1,Movies,Music
4675,63,0,Gaming,Electronics
4676,49,0,Books,Gaming
4677,48,0,Electronics,Music
4678,29,0,Electronics,Sports
4679,25,0,Gaming,Sports
4680,55,1,Books,Music
4681,51,0,Gaming,Books
4682,37,0,Electronics,Movies
4683,50,1,Gaming,Sports
4684,21,0,Gaming,Movies
4685,60,1,Books,Sports
4686,69,1,Electronics,Movies
4687,36,0,Music,Movies
4688,26,0,Sports,Electronics
4689,44,0,Books,Electronics
4690,62,0,Books,Music
4691,35,1,Sports,Music
4692,50,0,Fashion,Gaming
4693,23,1,Movies,Fashion
4694,22,1,Gaming,Sports
4695,35,1,Education,Books
4696,18,1,Sports,Books
4697,25,0,Electronics,Books
4698,42,1,Fashion,Sports
4699,57,0,Gaming,Movies
4700,67,0,Music,Fashion
4701,50,1,Fashion,Books
4702,56,0,Education,Fashion
4703,33,1,Music,Fashion
4704,58,0,Music,Electronics
4705,60,0,Fashion,Electronics
4706,65,1,Sports,Music
4707,55,0,Electronics,Movies
4708,33,0,Music,Books
4709,33,0,Sports,Gaming
4710,54,1,Sports,Education
4711,42,0,Books,Sports
4712,22,0,Sports,Gaming
4713,20,0,Education,Music
4714,39,0,Education,Movies
4715,61,0,Music,Education
4716,35,1,Music,Movies
4717,56,0,Movies,Sports
4718,62,0,Music,Books
4719,51,1,Books,Movies
4720,22,0,Electronics,Movies
4721,40,1,Sports,Electronics
4722,67,0,Sports,Gaming
4723,40,0,Sports,Movies
4724,27,0,Sports,Books
4725,33,0,Education,Music
4726,54,0,Music,Education
4727,34,0,Gaming,Books
4728,53,0,Gaming,Books
4729,69,0,Electronics,Sports
4730,67,0,Electronics,Books
4731,39,0,Music,Electronics
4732,25,1,Books,Fashion
4733,34,0,Movies,Sports
4734,30,1,Sports,Gaming
4735,58,0,Music,Electronics
4736,24,1,Electronics,Fashion
4737,22,0,Sports,Fashion
4738,47,0,Fashion,Books
4739,42,0,Movies,Gaming
4740,38,0,Fashion,Sports
4741,33,0,Sports,Books
4742,30,1,Sports,Electronics
4743,62,0,Fashion,Education
4744,25,0,Movies,Electronics
4745,53,0,Electronics,Education
4746,48,0,Fashion,Movies
4747,22,0,Books,Sports
4748,40,1,Sports,Fashion
4749,20,0,Education,Books
4750,52,0,Music,Education
4751,20,0,Music,Gaming
4752,56,0,Fashion,Music
4753,60,0,Gaming,Music
4754,55,1,Books,Electronics
4755,46,0,Fashion,Books
4756,48,0,Sports,Books
4757,53,0,Gaming,Music
4758,50,0,Music,Fashion
4759,68,1,Gaming,Music
4760,33,0,Sports,Electronics
4761,37,1,Sports,Education
4762,22,1,Movies,Education
4763,44,0,Fashion,Sports
4764,57,0,Sports,Electronics
4765,69,0,Movies,Education
4766,21,0,Fashion,Education
4767,48,1,Education,Books
4768,30,0,Books,Education
4769,63,0,Education,Gaming
4770,65,0,Books,Fashion
4771,40,0,Gaming,Education
4772,43,0,Music,Sports
4773,30,0,Education,Books
4774,36,0,Music,Gaming
4775,49,1,Music,Movies
4776,46,1,Education,Music
4777,55,0,Education,Sports
4778,28,1,Movies,Music
4779,68,0,Gaming,Music
4780,25,0,Electronics,Fashion
4781,28,0,Sports,Books
4782,43,0,Education,Gaming
4783,48,0,Sports,Movies
4784,38,0,Sports,Fashion
4785,36,0,Gaming,Sports
4786,31,0,Fashion,Education
4787,61,0,Music,Fashion
4788,43,1,Books,Fashion
4789,68,0,Books,Sports
4790,58,0,Education,Movies
4791,69,1,Music,Books
4792,19,1,Electronics,Movies
4793,53,0,Music,Sports
4794,26,1,Education,Sports
4795,45,0,Gaming,Sports
4796,59,1,Music,Education
4797,39,1,Education,Fashion
4798,35,1,Movies,Sports
4799,69,0,Electronics,Fashion
4800,65,0,Education,Books
4801,60,1,Movies,Gaming
4802,24,0,Books,Sports
4803,49,1,Books,Sports
4804,68,0,Books,Education
4805,64,0,Movies,Books
4806,46,1,Books,Electronics
4807,46,0,Books,Sports
4808,52,0,Electronics,Music
4809,36,0,Sports,Fashion
4810,63,1,Sports,Gaming
4811,30,1,Music,Fashion
4812,23,0,Movies,Gaming
4813,42,0,Movies,Books
4814,64,1,Fashion,Education
4815,63,0,Movies,Electronics
4816,63,1,Movies,Fashion
4817,38,0,Music,Education
4818,36,0,Gaming,Sports
4819,50,0,Electronics,Movies
4820,20,1,Fashion,Education
4821,58,0,Gaming,Books
4822,23,1,Sports,Gaming
4823,61,0,Sports,Movies
4824,50,0,Sports,Music
4825,41,0,Education,Music
4826,59,0,Education,Fashion
4827,29,0,Books,Sports
4828,48,1,Sports,Movies
4829,47,0,Gaming,Books
4830,44,0,Education,Sports
4831,56,0,Electronics,Sports
4832,35,0,Fashion,Music
4833,48,0,Fashion,Sports
4834,19,1,Electronics,Movies
4835,60,0,Music,Fashion
4836,49,1,Sports,Movies
4837,51,0,Gaming,Music
4838,59,0,Gaming,Education
4839,52,1,Movies,Fashion
4840,52,0,Electronics,Music
4841,61,0,Electronics,Fashion
4842,42,0,Fashion,Sports
4843,37,0,Gaming,Sports
4844,21,0,Sports,Movies
4845,64,0,Books,Music
4846,54,1,Gaming,Books
4847,34,0,Education,Electronics
4848,58,0,Music,Movies
4849,30,0,Education,Music
4850,19,0,Movies,Electronics
4851,30,0,Fashion,Electronics
4852,68,1,Fashion,Electronics
4853,35,0,Education,Electronics
4854,53,0,Fashion,Books
4855,59,0,Books,Movies
4856,32,1,Movies,Books
4857,36,0,Sports,Fashion
4858,19,0,Books,Movies
4859,30,0,Electronics,Sports
4860,60,0,Electronics,Fashion
4861,48,0,Music,Education
4862,61,0,Gaming,Sports
4863,45,1,Fashion,Electronics
4864,27,0,Fashion,Music
4865,21,0,Gaming,Sports
4866,24,0,Books,Movies
4867,60,1,Sports,Books
4868,57,1,Sports,Fashion
4869,19,1,Gaming,Education
4870,46,0,Education,Books
4871,69,0,Movies,Music
4872,69,0,Sports,Music
4873,43,0,Education,Fashion
4874,34,0,Sports,Electronics
4875,52,0,Fashion,Movies
4876,52,0,Books,Education
4877,60,1,Gaming,Movies
4878,54,0,Sports,Music
4879,65,1,Music,Movies
4880,44,1,Education,Sports
4881,69,1,Education,Movies
4882,52,1,Electronics,Gaming
4883,55,0,Books,Sports
4884,32,0,Education,Fashion
4885,52,0,Movies,Sports
4886,68,1,Fashion,Movies
4887,40,1,Sports,Books
4888,61,0,Gaming,Sports
4889,46,0,Gaming,Music
4890,42,1,Fashion,Gaming
4891,45,0,Books,Movies
4892,60,0,Electronics,Fashion
4893,28,0,Fashion,Sports
4894,18,0,Movies,Gaming
4895,66,0,Books,Gaming
4896,46,0,Sports,Movies
4897,62,0,Gaming,Education
4898,69,0,Books,Sports
4899,24,1,Books,Education
4900,49,0,Books,Music
4901,68,0,Music,Sports
4902,20,1,Education,Books
4903,44,0,Movies,Books
4904,57,0,Electronics,Movies
4905,31,1,Electronics,Books
4906,40,0,Education,Sports
4907,32,0,Music,Gaming
4908,36,0,Gaming,Education
4909,46,1,Sports,Movies
4910,32,0,Electronics,Books
4911,40,0,Movies,Electronics
4912,58,0,Fashion,Sports
4913,34,0,Education,Sports
4914,61,1,Education,Electronics
4915,61,1,Books,Music
4916,36,0,Sports,Gaming
4917,53,0,Education,Books
4918,43,0,Education,Gaming
4919,55,1,Movies,Education
4920,33,0,Fashion,Books
4921,45,1,Electronics,Music
4922,60,0,Books,Fashion
4923,24,0,Movies,Electronics
4924,41,0,Gaming,Books
4925,21,1,Books,Gaming
4926,61,0,Electronics,Gaming
4927,46,0,Movies,Books
4928,46,0,Education,Fashion
4929,43,0,Fashion,Books
4930,47,0,Electronics,Gaming
4931,47,0,Sports,Movies
4932,60,1,Electronics,Education
4933,66,1,Books,Movies
4934,58,1,Movies,Sports
4935,32,1,Electronics,Music
4936,22,0,Electronics,Books
4937,44,0,Gaming,Education
4938,49,0,Sports,Books
4939,27,0,Music,Books
4940,46,0,Sports,Electronics
4941,25,1,Electronics,Movies
4942,58,0,Electronics,Books
4943,38,0,Music,Education
4944,19,0,Sports,Gaming
4945,19,0,Books,Fashion
4946,33,0,Books,Education
4947,40,1,Fashion,Gaming
4948,37,1,Fashion,Electronics
4949,35,0,Gaming,Movies
4950,46,1,Books,Education
4951,40,0,Music,Fashion
4952,65,1,Sports,Music
4953,19,0,Sports,Music
4954,44,0,Gaming,Sports
4955,31,0,Books,Fashion
4956,30,0,Sports,Electronics
4957,61,0,Music,Fashion
4958,25,0,Fashion,Electronics
4959,48,0,Gaming,Music
4960,61,1,Music,Electronics
4961,27,0,Gaming,Books
4962,49,1,Education,Books
4963,46,0,Books,Gaming
4964,68,0,Movies,Gaming
4965,54,0,Music,Electronics
4966,25,1,Books,Fashion
4967,28,0,Gaming,Fashion
4968,35,0,Education,Electronics
4969,46,1,Fashion,Sports
4970,38,0,Books,Music
4971,35,0,Music,Gaming
4972,55,0,Gaming,Music
4973,29,0,Fashion,Sports
4974,18,0,Fashion,Gaming
4975,67,1,Music,Education
4976,68,0,Education,Electronics
4977,54,1,Music,Electronics
4978,52,0,Education,Sports
4979,29,0,Sports,Music
4980,36,0,Electronics,Fashion
4981,49,1,Electronics,Music
4982,30,1,Books,Sports
4983,68,0,Sports,Gaming
4984,21,0,Gaming,Education
4985,39,0,Sports,Music
4986,40,0,Books,Electronics
4987,21,1,Fashion,Sports
4988,38,1,Education,Fashion
4989,58,0,Sports,Books
4990,24,0,Gaming,Books
4991,34,0,Electronics,Fashion
4992,40,0,Education,Music
4993,51,1,Music,Books
4994,19,0,Movies,Fashion
4995,40,0,Electronics,Music
4996,51,1,Gaming,Music
4997,27,0,Movies,Education
4998,46,1,Electronics,Fashion
4999,34,1,Music,Fashion
5000,67,0,Sports,Books
5001,33,0,Electronics,Gaming
5002,68,1,Sports,Education
5003,48,1,Sports,Music
5004,33,1,Gaming,Movies
5005,39,0,Music,Books
5006,69,0,Education,Music
5007,23,0,Electronics,Books
5008,41,1,Education,Electronics
5009,69,0,Sports,Electronics
5010,18,0,Fashion,Books
5011,43,1,Fashion,Electronics
5012,31,0,Fashion,Music
5013,60,1,Sports,Books
5014,24,1,Books,Movies
5015,53,1,Education,Fashion
5016,67,0,Fashion,Gaming
5017,33,1,Sports,Books
5018,59,0,Gaming,Books
5019,39,0,Sports,Fashion
5020,19,1,Movies,Music
5021,36,0,Education,Music
5022,42,1,Sports,Fashion
5023,40,0,Education,Electronics
5024,28,1,Music,Sports
5025,21,0,Gaming,Books
5026,49,0,Education,Sports
5027,43,1,Gaming,Movies
5028,53,0,Gaming,Education
5029,26,0,Fashion,Education
5030,55,1,Education,Electronics
5031,22,1,Gaming,Sports
5032,39,0,Books,Education
5033,21,0,Movies,Music
5034,46,0,Fashion,Music
5035,27,1,Fashion,Sports
5036,59,0,Gaming,Sports
5037,27,0,Movies,Sports
5038,66,1,Movies,Sports
5039,23,0,Education,Electronics
5040,64,0,Music,Books
5041,68,0,Education,Books
5042,21,0,Fashion,Books
5043,65,0,Electronics,Books
5044,68,0,Music,Sports
5045,27,1,Gaming,Sports
5046,23,0,Gaming,Music
5047,33,0,Music,Sports
5048,36,0,Education,Fashion
5049,48,1,Books,Movies
5050,34,0,Electronics,Books
5051,56,0,Gaming,Movies
5052,48,0,Fashion,Books
5053,52,1,Gaming,Fashion
5054,18,1,Music,Movies
5055,35,0,Education,Music
5056,36,0,Music,Gaming
5057,23,1,Electronics,Gaming
5058,50,1,Gaming,Sports
5059,38,0,Sports,Books
5060,64,0,Education,Electronics
5061,60,0,Music,Gaming
5062,27,0,Electronics,Gaming
5063,50,0,Fashion,Sports
5064,34,1,Education,Music
5065,27,0,Fashion,Sports
5066,23,0,Sports,Music
5067,54,0,Fashion,Electronics
5068,43,0,Books,Education
5069,33,1,Books,Gaming
5070,30,0,Gaming,Sports
5071,41,0,Books,Music
5072,49,0,Sports,Movies
5073,52,1,Fashion,Education
5074,54,0,Gaming,Fashion
5075,54,1,Movies,Music
5076,34,0,Gaming,Movies
5077,42,0,Movies,Gaming
5078,27,1,Gaming,Education
5079,24,1,Books,Electronics
5080,54,1,Music,Education
5081,29,0,Fashion,Sports
5082,37,0,Sports,Gaming
5083,36,0,Gaming,Music
5084,29,1,Movies,Electronics
5085,51,0,Fashion,Education
5086,52,0,Education,Electronics
5087,43,0,Books,Electronics
5088,59,1,Gaming,Movies
5089,32,0,Gaming,Music
5090,23,0,Movies,Gaming
5091,41,0,Gaming,Books
5092,46,0,Fashion,Sports
5093,49,0,Fashion,Gaming
5094,22,0,Fashion,Books
5095,39,0,Education,Books
5096,34,0,Books,Movies
5097,41,1,Sports,Books
5098,32,0,Sports,Electronics
5099,54,0,Fashion,Education
5100,20,1,Sports,Fashion
5101,69,1,Gaming,Sports
5102,45,1,Books,Education
5103,35,0,Fashion,Electronics
5104,53,0,Movies,Electronics
5105,43,0,Gaming,Electronics
5106,34,1,Movies,Electronics
5107,25,1,Music,Electronics
5108,48,0,Sports,Movies
5109,29,0,Education,Music
5110,61,0,Books,Electronics
5111,27,0,Electronics,Sports
5112,37,0,Electronics,Gaming
5113,58,0,Electronics,Books
5114,31,0,Sports,Music
5115,46,0,Electronics,Movies
5116,26,0,Movies,Sports
5117,27,0,Education,Gaming
5118,48,0,Music,Movies
5119,62,0,Gaming,Fashion
5120,62,0,Music,Gaming
5121,24,1,Music,Fashion
5122,56,1,Sports,Fashion
5123,68,1,Gaming,Sports
5124,29,1,Electronics,Sports
5125,59,0,Music,Education
5126,38,1,Books,Electronics
5127,67,1,Education,Gaming
5128,41,0,Gaming,Music
5129,29,1,Fashion,Electronics
5130,57,0,Books,Education
5131,67,1,Movies,Gaming
5132,56,0,Sports,Fashion
5133,39,0,Education,Movies
5134,29,0,Education,Movies
5135,39,0,Gaming,Music
5136,36,1,Sports,Electronics
5137,68,0,Music,Electronics
5138,59,1,Music,Education
5139,43,0,Electronics,Education
5140,35,1,Music,Gaming
5141,40,0,Education,Books
5142,42,1,Education,Sports
5143,61,0,Books,Sports
5144,69,0,Gaming,Sports
5145,41,0,Books,Gaming
5146,63,1,Gaming,Fashion
5147,36,0,Sports,Gaming
5148,41,1,Fashion,Education
5149,53,1,Electronics,Fashion
5150,64,1,Education,Gaming
5151,23,0,Books,Sports
5152,62,0,Education,Books
5153,21,1,Education,Electronics
5154,28,0,Education,Music
5155,38,1,Sports,Books
5156,60,0,Sports,Books
5157,62,0,Books,Electronics
5158,43,1,Gaming,Music
5159,48,0,Electronics,Fashion
5160,23,0,Music,Sports
5161,24,0,Movies,Books
5162,31,1,Movies,Gaming
5163,69,1,Education,Music
5164,34,0,Books,Gaming
5165,23,0,Fashion,Music
5166,58,0,Education,Electronics
5167,23,0,Music,Education
5168,41,0,Sports,Music
5169,69,0,Books,Gaming
5170,54,0,Music,Sports
5171,51,0,Gaming,Music
5172,58,1,Gaming,Education
5173,31,0,Sports,Books
5174,68,0,Movies,Electronics
5175,69,0,Movies,Electronics
5176,32,0,Books,Electronics
5177,67,0,Music,Gaming
5178,59,0,Sports,Gaming
5179,41,0,Books,Music
5180,25,0,Music,Books
5181,30,0,Music,Sports
5182,68,0,Electronics,Sports
5183,66,0,Electronics,Music
5184,45,0,Sports,Education
5185,45,0,Gaming,Sports
5186,42,0,Music,Education
5187,63,0,Music,Education
5188,23,1,Fashion,Music
5189,36,1,Sports,Electronics
5190,26,0,Gaming,Electronics
5191,53,0,Education,Fashion
5192,46,1,Fashion,Education
5193,22,0,Movies,Education
5194,59,1,Sports,Movies
5195,43,0,Education,Books
5196,46,0,Movies,Books
5197,24,0,Electronics,Music
5198,35,0,Music,Fashion
5199,55,0,Books,Sports
5200,21,1,Education,Music
5201,64,1,Sports,Movies
5202,44,0,Movies,Gaming
5203,69,1,Gaming,Electronics
5204,25,0,Music,Books
5205,33,1,Sports,Education
5206,49,0,Sports,Gaming
5207,31,0,Electronics,Education
5208,43,0,Fashion,Education
5209,53,0,Education,Music
5210,22,0,Gaming,Fashion
5211,33,0,Fashion,Electronics
5212,28,0,Gaming,Fashion
5213,42,1,Gaming,Music
5214,41,0,Education,Fashion
5215,62,0,Gaming,Sports
5216,44,0,Books,Music
5217,32,0,Movies,Fashion
5218,62,0,Sports,Gaming
5219,42,0,Gaming,Electronics
5220,61,0,Fashion,Sports
5221,63,1,Electronics,Education
5222,65,0,Movies,Sports
5223,33,0,Fashion,Music
5224,32,0,Fashion,Movies
5225,68,0,Education,Fashion
5226,26,1,Fashion,Books
5227,32,0,Sports,Education
5228,52,1,Sports,Gaming
5229,33,0,Electronics,Sports
5230,40,0,Books,Gaming
5231,57,0,Fashion,Movies
5232,31,1,Gaming,Music
5233,47,0,Fashion,Electronics
5234,44,0,Books,Sports
5235,68,0,Education,Books
5236,50,0,Electronics,Books
5237,33,0,Music,Movies
5238,62,1,Gaming,Books
5239,46,0,Gaming,Books
5240,39,0,Electronics,Books
5241,56,1,Sports,Movies
5242,39,0,Education,Fashion
5243,26,0,Fashion,Gaming
5244,53,1,Gaming,Education
5245,61,0,Books,Education
5246,25,0,Education,Gaming
5247,31,1,Gaming,Fashion
5248,53,1,Education,Fashion
5249,57,1,Electronics,Books
5250,46,1,Books,Electronics
5251,18,1,Books,Movies
5252,21,0,Sports,Electronics
5253,50,0,Education,Fashion
5254,58,1,Books,Education
5255,68,0,Fashion,Movies
5256,33,1,Education,Music
5257,46,0,Gaming,Fashion
5258,23,0,Fashion,Electronics
5259,39,1,Music,Electronics
5260,34,0,Fashion,Movies
5261,67,0,Electronics,Movies
5262,24,0,Education,Electronics
5263,22,0,Books,Education
5264,38,1,Sports,Gaming
5265,37,0,Books,Fashion
5266,30,0,Fashion,Electronics
5267,38,0,Education,Gaming
5268,24,0,Music,Electronics
5269,65,0,Electronics,Fashion
5270,44,1,Sports,Gaming
5271,48,0,Fashion,Electronics
5272,42,1,Movies,Education
5273,52,0,Electronics,Books
5274,58,0,Books,Music
5275,59,0,Movies,Fashion
5276,31,1,Fashion,Movies
5277,37,1,Electronics,Fashion
5278,50,0,Movies,Electronics
5279,22,0,Movies,Gaming
5280,41,0,Education,Books
5281,24,0,Education,Music
5282,33,1,Music,Movies
5283,63,1,Music,Movies
5284,46,0,Sports,Gaming
5285,32,1,Books,Gaming
5286,60,0,Electronics,Fashion
5287,38,0,Electronics,Fashion
5288,59,0,Fashion,Sports
5289,32,0,Sports,Books
5290,21,1,Sports,Music
5291,46,0,Music,Fashion
5292,69,1,Fashion,Gaming
5293,69,0,Gaming,Electronics
5294,24,0,Movies,Fashion
5295,21,1,Gaming,Music
5296,28,0,Fashion,Movies
5297,45,0,Education,Electronics
5298,47,0,Movies,Gaming
5299,19,0,Gaming,Music
5300,67,0,Fashion,Music
5301,60,0,Sports,Electronics
5302,61,0,Movies,Gaming
5303,37,0,Sports,Gaming
5304,35,1,Music,Movies
5305,26,0,Fashion,Movies
5306,48,0,Fashion,Sports
5307,40,1,Gaming,Sports
5308,58,0,Electronics,Music
5309,64,0,Sports,Electronics
5310,45,0,Movies,Electronics
5311,21,0,Books,Gaming
5312,62,1,Gaming,Electronics
5313,28,0,Music,Gaming
5314,26,0,Books,Sports
5315,18,0,Music,Education
5316,43,0,Movies,Books
5317,43,1,Sports,Fashion
5318,27,1,Electronics,Books
5319,42,0,Gaming,Books
5320,32,0,Gaming,Electronics
5321,27,1,Books,Fashion
5322,64,0,Movies,Music
5323,18,0,Education,Electronics
5324,36,0,Music,Gaming
5325,25,1,Movies,Music
5326,43,0,Movies,Music
5327,32,0,Books,Electronics
5328,18,1,Fashion,Sports
5329,45,0,Gaming,Books
5330,68,0,Music,Education
5331,51,1,Gaming,Sports
5332,42,1,Fashion,Sports
5333,56,0,Electronics,Gaming
5334,64,0,Fashion,Gaming
5335,46,0,Fashion,Books
5336,62,0,Gaming,Movies
5337,60,0,Movies,Electronics
5338,36,0,Music,Gaming
5339,32,1,Sports,Gaming
5340,43,1,Gaming,Music
5341,30,0,Education,Books
5342,21,0,Education,Fashion
5343,66,0,Education,Movies
5344,54,1,Movies,Fashion
5345,18,1,Gaming,Movies
5346,29,0,Sports,Fashion
5347,61,0,Books,Sports
5348,61,0,Gaming,Education
5349,51,0,Music,Education
5350,21,0,Books,Gaming
5351,43,0,Books,Electronics
5352,62,0,Sports,Electronics
5353,36,0,Fashion,Music
5354,69,1,Electronics,Books
5355,31,0,Movies,Music
5356,55,0,Education,Gaming
5357,40,0,Electronics,Movies
5358,63,0,Fashion,Movies
5359,43,0,Education,Movies
5360,21,0,Books,Movies
5361,20,0,Electronics,Music
5362,33,0,Sports,Education
5363,36,1,Electronics,Gaming
5364,45,0,Gaming,Music
5365,40,0,Music,Books
5366,30,1,Electronics,Music
5367,65,0,Education,Books
5368,67,0,Sports,Books
5369,21,0,Books,Sports
5370,54,0,Fashion,Music
5371,50,0,Music,Electronics
5372,57,1,Gaming,Sports
5373,19,0,Gaming,Books
5374,27,0,Music,Electronics
5375,43,1,Music,Gaming
5376,61,1,Sports,Education
5377,29,0,Books,Sports
5378,45,0,Movies,Sports
5379,39,0,Movies,Fashion
5380,50,0,Sports,Electronics
5381,54,1,Gaming,Books
5382,32,0,Movies,Gaming
5383,60,1,Electronics,Movies
5384,51,0,Education,Electronics
5385,51,0,Music,Electronics
5386,52,1,Education,Fashion
5387,25,0,Movies,Fashion
5388,61,0,Books,Electronics
5389,54,1,Music,Gaming
5390,53,0,Fashion,Movies
5391,38,1,Music,Electronics
5392,61,0,Books,Movies
5393,29,1,Education,Books
5394,68,0,Books,Music
5395,69,0,Fashion,Movies
5396,28,0,Books,Movies
5397,25,1,Electronics,Fashion
5398,25,0,Movies,Books
5399,25,0,Education,Sports
5400,31,0,Music,Fashion
5401,60,0,Music,Sports
5402,38,0,Fashion,Music
5403,52,0,Movies,Electronics
5404,32,0,Education,Music
5405,68,0,Education,Books
5406,69,1,Fashion,Sports
5407,22,0,Gaming,Electronics
5408,64,1,Music,Education
5409,61,0,Sports,Electronics
5410,34,0,Sports,Fashion
5411,44,0,Electronics,Fashion
5412,20,0,Gaming,Sports
5413,42,0,Music,Electronics
5414,56,0,Fashion,Gaming
5415,38,1,Sports,Movies
5416,48,1,Movies,Electronics
5417,43,0,Gaming,Sports
5418,38,1,Education,Gaming
5419,30,0,Fashion,Sports
5420,26,0,Gaming,Movies
5421,38,1,Gaming,Books
5422,39,0,Books,Electronics
5423,23,0,Electronics,Fashion
5424,43,0,Fashion,Sports
5425,63,1,Electronics,Education
5426,61,0,Sports,Electronics
5427,47,1,Music,Sports
5428,43,0,Electronics,Movies
5429,46,0,Education,Fashion
5430,25,0,Movies,Sports
5431,59,1,Books,Education
5432,52,0,Gaming,Books
5433,22,1,Fashion,Gaming
5434,49,0,Fashion,Books
5435,49,0,Movies,Education
5436,37,0,Books,Education
5437,19,0,Movies,Gaming
5438,35,0,Sports,Gaming
5439,46,1,Gaming,Books
5440,61,0,Education,Music
5441,61,0,Books,Gaming
5442,63,1,Fashion,Books
5443,37,0,Fashion,Books
5444,22,0,Books,Fashion
5445,51,0,Gaming,Electronics
5446,62,0,Movies,Books
5447,24,1,Fashion,Movies
5448,31,0,Electronics,Music
5449,50,1,Sports,Electronics
5450,64,0,Electronics,Movies
5451,49,0,Gaming,Movies
5452,56,0,Movies,Gaming
5453,39,0,Sports,Books
5454,41,0,Music,Sports
5455,55,0,Education,Electronics
5456,28,0,Gaming,Music
5457,23,1,Electronics,Sports
5458,68,0,Books,Sports
5459,44,0,Music,Fashion
5460,35,1,Music,Gaming
5461,56,0,Gaming,Books
5462,30,0,Music,Electronics
5463,47,1,Fashion,Electronics
5464,58,0,Electronics,Books
5465,51,0,Music,Books
5466,42,0,Movies,Sports
5467,53,1,Movies,Music
5468,36,0,Books,Movies
5469,49,0,Fashion,Sports
5470,54,0,Education,Fashion
5471,30,0,Music,Fashion
5472,26,1,Books,Electronics
5473,31,0,Electronics,Gaming
5474,54,0,Fashion,Sports
5475,45,0,Music,Gaming
5476,47,0,Music,Gaming
5477,43,1,Music,Books
5478,63,1,Movies,Books
5479,38,0,Gaming,Electronics
5480,20,0,Books,Fashion
5481,46,0,Books,Electronics
5482,52,1,Sports,Books
5483,29,0,Education,Electronics
5484,22,1,Books,Music
5485,28,0,Music,Fashion
5486,59,1,Education,Gaming
5487,48,0,Sports,Music
5488,66,1,Fashion,Electronics
5489,42,0,Fashion,Books
5490,32,1,Gaming,Movies
5491,55,0,Movies,Education
5492,42,0,Music,Fashion
5493,21,0,Education,Music
5494,44,1,Books,Movies
5495,49,0,Books,Movies
5496,69,0,Gaming,Movies
5497,58,0,Electronics,Fashion
5498,50,0,Movies,Gaming
5499,29,0,Fashion,Sports
5500,30,0,Electronics,Music
5501,21,1,Electronics,Education
5502,68,0,Sports,Gaming
5503,31,0,Gaming,Sports
5504,25,0,Books,Fashion
5505,55,1,Education,Gaming
5506,19,0,Gaming,Movies
5507,31,1,Gaming,Sports
5508,57,1,Movies,Books
5509,34,0,Fashion,Electronics
5510,49,0,Fashion,Music
5511,30,0,Sports,Music
5512,65,1,Electronics,Education
5513,54,0,Education,Movies
5514,55,1,Movies,Fashion
5515,40,0,Sports,Fashion
5516,42,0,Movies,Music
5517,60,0,Books,Fashion
5518,53,1,Sports,Electronics
5519,23,0,Sports,Fashion
5520,67,0,Electronics,Gaming
5521,57,0,Fashion,Sports
5522,25,0,Fashion,Sports
5523,51,1,Electronics,Gaming
5524,53,0,Sports,Education
5525,52,0,Sports,Music
5526,40,0,Books,Electronics
5527,68,1,Music,Gaming
5528,48,1,Music,Fashion
5529,37,0,Books,Gaming
5530,46,0,Movies,Gaming
5531,51,0,Fashion,Movies
5532,54,1,Movies,Fashion
5533,51,0,Electronics,Gaming
5534,22,0,Electronics,Education
5535,59,1,Music,Books
5536,32,0,Movies,Books
5537,26,0,Movies,Electronics
5538,42,1,Books,Gaming
5539,66,0,Gaming,Music
5540,65,0,Movies,Education
5541,60,0,Sports,Education
5542,21,0,Education,Books
5543,18,0,Music,Fashion
5544,46,0,Sports,Music
5545,58,0,Gaming,Books
5546,39,0,Education,Books
5547,25,0,Gaming,Fashion
5548,60,1,Fashion,Movies
5549,33,0,Books,Movies
5550,48,0,Fashion,Movies
5551,48,0,Fashion,Education
5552,61,0,Fashion,Books
5553,34,0,Education,Music
5554,46,0,Fashion,Gaming
5555,21,0,Movies,Electronics
5556,33,0,Movies,Books
5557,38,1,Fashion,Education
5558,57,0,Gaming,Music
5559,49,1,Sports,Electronics
5560,32,0,Fashion,Electronics
5561,66,0,Gaming,Books
5562,51,0,Education,Music
5563,65,0,Gaming,Electronics
5564,37,0,Fashion,Gaming
5565,22,0,Electronics,Music
5566,55,1,Books,Movies
5567,34,0,Gaming,Electronics
5568,50,1,Books,Education
5569,63,0,Electronics,Education
5570,23,1,Electronics,Fashion
5571,63,0,Sports,Education
5572,27,0,Books,Sports
5573,68,0,Fashion,Gaming
5574,21,0,Electronics,Education
5575,59,1,Electronics,Education
5576,51,0,Books,Music
5577,55,0,Music,Education
5578,65,0,Books,Fashion
5579,67,0,Fashion,Movies
5580,43,0,Education,Gaming
5581,26,0,Fashion,Sports
5582,59,1,Music,Sports
5583,33,0,Fashion,Books
5584,39,1,Electronics,Music
5585,27,1,Movies,Gaming
5586,47,0,Books,Electronics
5587,39,0,Electronics,Books
5588,65,0,Movies,Electronics
5589,20,0,Gaming,Books
5590,38,0,Electronics,Fashion
5591,53,1,Electronics,Fashion
5592,25,1,Gaming,Sports
5593,60,0,Fashion,Sports
5594,31,1,Movies,Books
5595,32,1,Gaming,Music
5596,35,1,Books,Movies
5597,40,0,Fashion,Electronics
5598,40,0,Sports,Electronics
5599,32,1,Movies,Fashion
5600,45,1,Books,Music
5601,57,0,Music,Electronics
5602,19,0,Music,Electronics
5603,61,0,Electronics,Music
5604,26,1,Fashion,Books
5605,34,1,Gaming,Movies
5606,54,0,Music,Movies
5607,68,0,Fashion,Gaming
5608,24,1,Gaming,Books
5609,29,1,Movies,Music
5610,50,0,Movies,Fashion
5611,40,1,Books,Sports
5612,62,0,Education,Music
5613,18,0,Music,Fashion
5614,62,0,Books,Education
5615,30,1,Electronics,Education
5616,49,0,Fashion,Education
5617,41,0,Fashion,Sports
5618,35,0,Fashion,Movies
5619,27,1,Education,Music
5620,64,0,Education,Gaming
5621,69,0,Books,Electronics
5622,40,0,Gaming,Music
5623,51,0,Movies,Books
5624,45,0,Books,Sports
5625,56,1,Fashion,Books
5626,23,0,Gaming,Fashion
5627,41,0,Music,Sports
5628,18,0,Gaming,Sports
5629,62,0,Gaming,Movies
5630,67,0,Music,Books
5631,56,0,Sports,Movies
5632,65,0,Gaming,Movies
5633,65,0,Education,Movies
5634,61,1,Education,Movies
5635,25,0,Sports,Movies
5636,64,1,Books,Music
5637,47,0,Gaming,Movies
5638,56,1,Sports,Gaming
5639,18,1,Books,Fashion
5640,28,0,Music,Electronics
5641,43,1,Sports,Education
5642,37,0,Electronics,Sports
5643,21,1,Education,Books
5644,40,0,Books,Electronics
5645,27,1,Music,Fashion
5646,50,1,Fashion,Sports
5647,67,1,Education,Books
5648,44,0,Gaming,Books
5649,27,0,Sports,Education
5650,22,0,Sports,Electronics
5651,38,1,Fashion,Electronics
5652,20,0,Fashion,Movies
5653,58,0,Electronics,Gaming
5654,19,0,Gaming,Fashion
5655,66,0,Electronics,Gaming
5656,51,0,Books,Gaming
5657,50,0,Books,Movies
5658,61,0,Fashion,Electronics
5659,59,0,Fashion,Sports
5660,42,0,Fashion,Electronics
5661,54,0,Sports,Electronics
5662,23,0,Electronics,Music
5663,36,0,Gaming,Books
5664,34,1,Fashion,Movies
5665,46,0,Fashion,Gaming
5666,60,0,Movies,Sports
5667,62,0,Gaming,Music
5668,24,0,Music,Sports
5669,41,0,Electronics,Sports
5670,60,0,Books,Fashion
5671,37,0,Electronics,Gaming
5672,43,0,Electronics,Music
5673,65,0,Fashion,Music
5674,65,0,Fashion,Electronics
5675,26,0,Gaming,Education
5676,43,0,Gaming,Music
5677,51,0,Education,Movies
5678,68,0,Movies,Music
5679,58,1,Movies,Gaming
5680,42,1,Sports,Movies
5681,21,0,Fashion,Sports
5682,69,1,Books,Music
5683,23,0,Gaming,Books
5684,29,0,Sports,Movies
5685,65,0,Electronics,Fashion
5686,50,0,Gaming,Books
5687,32,0,Books,Education
5688,31,1,Education,Sports
5689,31,1,Music,Gaming
5690,63,0,Gaming,Education
5691,39,1,Gaming,Books
5692,29,0,Electronics,Education
5693,27,1,Music,Gaming
5694,30,0,Gaming,Books
5695,68,0,Movies,Electronics
5696,65,0,Books,Electronics
5697,52,1,Music,Movies
5698,57,1,Music,Electronics
5699,61,0,Sports,Fashion
5700,52,0,Fashion,Music
5701,30,0,Books,Electronics
5702,60,1,Sports,Music
5703,29,0,Electronics,Education
5704,29,0,Movies,Books
5705,42,0,Sports,Gaming
5706,20,1,Electronics,Fashion
5707,40,0,Movies,Electronics
5708,59,1,Electronics,Music
5709,57,0,Education,Electronics
5710,28,0,Electronics,Sports
5711,44,0,Books,Sports
5712,65,0,Electronics,Sports
5713,39,0,Movies,Sports
5714,39,0,Sports,Fashion
5715,63,1,Gaming,Music
5716,63,0,Music,Books
5717,31,0,Books,Sports
5718,57,0,Gaming,Music
5719,40,0,Books,Music
5720,46,1,Fashion,Electronics
5721,68,1,Gaming,Sports
5722,55,0,Electronics,Sports
5723,42,0,Fashion,Books
5724,69,0,Education,Electronics
5725,32,0,Books,Gaming
5726,27,0,Sports,Books
5727,33,1,Fashion,Education
5728,36,0,Fashion,Music
5729,22,1,Music,Sports
5730,31,0,Fashion,Sports
5731,25,0,Movies,Fashion
5732,33,0,Gaming,Electronics
5733,54,1,Gaming,Books
5734,21,0,Sports,Music
5735,34,0,Books,Fashion
5736,23,1,Education,Electronics
5737,53,1,Electronics,Fashion
5738,65,1,Movies,Music
5739,65,1,Books,Movies
5740,53,0,Books,Movies
5741,21,1,Music,Books
5742,59,0,Movies,Books
5743,67,0,Books,Sports
5744,63,0,Music,Fashion
5745,50,0,Books,Electronics
5746,32,0,Fashion,Gaming
5747,22,1,Education,Fashion
5748,55,0,Education,Fashion
5749,29,0,Education,Music
5750,53,1,Fashion,Electronics
5751,38,1,Education,Electronics
5752,25,0,Music,Education
5753,49,1,Movies,Sports
5754,19,1,Gaming,Education
5755,34,0,Fashion,Movies
5756,21,0,Music,Movies
5757,55,1,Music,Fashion
5758,18,0,Books,Gaming
5759,69,0,Gaming,Movies
5760,60,1,Education,Fashion
5761,34,1,Electronics,Music
5762,62,1,Electronics,Gaming
5763,35,0,Sports,Gaming
5764,33,0,Electronics,Fashion
5765,35,0,Books,Sports
5766,34,1,Gaming,Books
5767,68,0,Gaming,Education
5768,31,1,Books,Fashion
5769,32,0,Gaming,Education
5770,65,1,Education,Music
5771,44,1,Books,Sports
5772,54,0,Education,Sports
5773,49,0,Education,Electronics
5774,23,0,Books,Fashion
5775,63,0,Books,Movies
5776,46,1,Gaming,Books
5777,26,1,Gaming,Fashion
5778,43,0,Books,Sports
5779,44,1,Music,Movies
5780,18,0,Education,Books
5781,33,0,Education,Electronics
5782,28,0,Movies,Sports
5783,18,0,Electronics,Music
5784,26,1,Fashion,Movies
5785,61,0,Fashion,Gaming
5786,66,0,Sports,Fashion
5787,56,1,Electronics,Music
5788,55,1,Gaming,Electronics
5789,41,0,Music,Education
5790,36,1,Gaming,Sports
5791,19,1,Sports,Electronics
5792,49,0,Sports,Education
5793,45,1,Electronics,Education
5794,57,1,Gaming,Fashion
5795,57,1,Movies,Gaming
5796,25,0,Fashion,Electronics
5797,29,0,Fashion,Electronics
5798,63,1,Movies,Sports
5799,62,0,Books,Sports
5800,66,0,Education,Gaming
5801,26,0,Gaming,Movies
5802,18,0,Sports,Gaming
5803,24,1,Movies,Books
5804,25,1,Electronics,Books
5805,62,0,Gaming,Fashion
5806,24,0,Movies,Books
5807,54,1,Sports,Fashion
5808,44,0,Gaming,Sports
5809,56,0,Education,Movies
5810,44,0,Fashion,Gaming
5811,21,0,Gaming,Fashion
5812,65,0,Gaming,Education
5813,20,0,Electronics,Music
5814,45,0,Sports,Electronics
5815,48,0,Fashion,Sports
5816,39,0,Music,Electronics
5817,66,0,Fashion,Movies
5818,40,0,Fashion,Movies
5819,42,1,Music,Electronics
5820,37,1,Gaming,Fashion
5821,59,0,Electronics,Movies
5822,65,0,Fashion,Gaming
5823,20,1,Education,Music
5824,47,0,Books,Electronics
5825,62,0,Sports,Gaming
5826,24,0,Sports,Movies
5827,49,0,Fashion,Music
5828,47,0,Gaming,Books
5829,38,1,Music,Books
5830,37,1,Sports,Gaming
5831,35,1,Electronics,Sports
5832,60,1,Music,Electronics
5833,28,1,Movies,Fashion
5834,65,0,Books,Gaming
5835,54,0,Education,Music
5836,65,0,Education,Sports
5837,23,0,Gaming,Fashion
5838,31,0,Music,Education
5839,37,0,Gaming,Movies
5840,61,1,Music,Electronics
5841,43,0,Fashion,Movies
5842,31,0,Gaming,Fashion
5843,53,1,Fashion,Music
5844,39,0,Fashion,Music
5845,44,0,Gaming,Sports
5846,27,0,Movies,Education
5847,38,0,Gaming,Music
5848,50,0,Movies,Gaming
5849,59,0,Books,Electronics
5850,53,1,Books,Electronics
5851,21,0,Electronics,Music
5852,66,1,Gaming,Electronics
5853,68,1,Education,Music
5854,22,0,Books,Gaming
5855,40,0,Education,Movies
5856,54,0,Electronics,Gaming
5857,50,0,Movies,Education
5858,55,0,Gaming,Books
5859,22,1,Sports,Education
5860,68,0,Education,Movies
5861,35,0,Gaming,Electronics
5862,64,0,Sports,Education
5863,45,0,Education,Electronics
5864,30,1,Music,Education
5865,40,0,Education,Sports
5866,63,0,Gaming,Electronics
5867,33,0,Music,Education
5868,53,0,Sports,Music
5869,41,1,Movies,Fashion
5870,62,0,Movies,Fashion
5871,22,0,Gaming,Music
5872,55,0,Sports,Electronics
5873,56,0,Gaming,Electronics
5874,57,0,Electronics,Books
5875,35,1,Fashion,Education
5876,63,1,Music,Education
5877,54,1,Music,Fashion
5878,32,0,Fashion,Music
5879,67,0,Gaming,Books
5880,20,0,Gaming,Books
5881,48,1,Gaming,Education
5882,65,0,Electronics,Education
5883,34,0,Gaming,Books
5884,28,0,Gaming,Music
5885,46,1,Fashion,Movies
5886,34,0,Music,Movies
5887,69,0,Fashion,Movies
5888,61,1,Sports,Electronics
5889,44,0,Fashion,Music
5890,43,0,Books,Gaming
5891,29,1,Gaming,Education
5892,19,1,Movies,Education
5893,51,0,Fashion,Sports
5894,69,0,Sports,Electronics
5895,52,0,Books,Electronics
5896,50,0,Gaming,Electronics
5897,26,0,Fashion,Electronics
5898,26,0,Books,Music
5899,20,0,Gaming,Electronics
5900,53,0,Fashion,Movies
5901,45,0,Music,Books
5902,35,0,Sports,Gaming
5903,22,0,Sports,Fashion
5904,39,0,Sports,Music
5905,29,1,Sports,Gaming
5906,64,1,Gaming,Education
5907,44,1,Movies,Gaming
5908,47,1,Electronics,Sports
5909,22,1,Books,Fashion
5910,59,0,Electronics,Gaming
5911,59,0,Books,Electronics
5912,38,1,Education,Movies
5913,37,0,Books,Electronics
5914,48,0,Fashion,Sports
5915,47,0,Movies,Books
5916,61,0,Books,Electronics
5917,43,1,Education,Gaming
5918,57,0,Music,Education
5919,32,0,Sports,Movies
5920,28,0,Books,Movies
5921,18,0,Electronics,Movies
5922,33,0,Books,Movies
5923,59,1,Books,Fashion
5924,34,0,Gaming,Sports
5925,52,0,Music,Gaming
5926,38,0,Education,Gaming
5927,20,0,Fashion,Books
5928,38,0,Movies,Electronics
5929,41,0,Fashion,Gaming
5930,21,0,Electronics,Books
5931,57,0,Music,Fashion
5932,19,0,Education,Movies
5933,65,1,Electronics,Fashion
5934,55,0,Movies,Electronics
5935,63,1,Sports,Music
5936,38,0,Electronics,Music
5937,60,0,Electronics,Music
5938,26,0,Fashion,Books
5939,41,0,Music,Electronics
5940,51,0,Sports,Electronics
5941,58,1,Music,Books
5942,67,0,Sports,Electronics
5943,69,0,Fashion,Sports
5944,25,0,Movies,Sports
5945,41,0,Sports,Electronics
5946,60,1,Music,Gaming
5947,51,1,Movies,Sports
5948,55,0,Education,Sports
5949,41,0,Gaming,Books
5950,38,0,Movies,Books
5951,68,0,Sports,Gaming
5952,30,0,Movies,Sports
5953,49,0,Books,Music
5954,31,0,Movies,Books
5955,34,0,Sports,Gaming
5956,62,1,Education,Sports
5957,54,0,Education,Sports
5958,19,0,Movies,Education
5959,40,0,Music,Movies
5960,22,1,Books,Music
5961,30,0,Gaming,Sports
5962,57,0,Sports,Music
5963,41,0,Music,Fashion
5964,57,0,Books,Movies
5965,61,0,Fashion,Electronics
5966,19,0,Movies,Music
5967,52,0,Gaming,Fashion
5968,24,0,Music,Sports
5969,54,0,Electronics,Books
5970,25,1,Fashion,Education
5971,65,0,Music,Sports
5972,41,0,Fashion,Sports
5973,59,1,Sports,Electronics
5974,56,0,Sports,Gaming
5975,19,0,Music,Fashion
5976,26,0,Fashion,Education
5977,20,0,Music,Electronics
5978,39,0,Electronics,Sports
5979,59,0,Electronics,Gaming
5980,44,0,Music,Books
5981,39,1,Education,Movies
5982,36,0,Music,Books
5983,36,0,Books,Movies
5984,43,0,Movies,Music
5985,53,0,Sports,Music
5986,64,0,Sports,Electronics
5987,44,0,Movies,Gaming
5988,67,0,Books,Music
5989,30,0,Gaming,Music
5990,31,1,Gaming,Fashion
5991,30,1,Music,Books
5992,43,0,Sports,Electronics
5993,31,0,Education,Sports
5994,18,1,Electronics,Sports
5995,66,0,Gaming,Electronics
5996,20,0,Books,Movies
5997,67,1,Fashion,Music
5998,43,0,Music,Movies
5999,57,0,Gaming,Books
6000,68,0,Electronics,Sports
6001,57,0,Electronics,Gaming
6002,24,0,Electronics,Movies
6003,69,0,Movies,Books
6004,44,0,Gaming,Electronics
6005,39,1,Electronics,Sports
6006,29,0,Electronics,Books
6007,27,0,Education,Electronics
6008,63,0,Gaming,Music
6009,26,0,Movies,Fashion
6010,57,0,Music,Education
6011,67,0,Music,Sports
6012,38,1,Books,Music
6013,24,0,Music,Sports
6014,28,1,Electronics,Movies
6015,62,0,Movies,Gaming
6016,67,1,Education,Sports
6017,25,0,Books,Education
6018,41,0,Music,Movies
6019,43,0,Books,Electronics
6020,53,0,Sports,Electronics
6021,20,1,Electronics,Fashion
6022,54,1,Books,Sports
6023,35,1,Gaming,Books
6024,60,0,Fashion,Electronics
6025,20,0,Sports,Gaming
6026,25,0,Music,Education
6027,29,1,Electronics,Gaming
6028,42,1,Electronics,Sports
6029,59,0,Electronics,Books
6030,31,0,Electronics,Sports
6031,30,1,Books,Sports
6032,29,0,Music,Gaming
6033,21,0,Gaming,Fashion
6034,61,0,Fashion,Books
6035,55,0,Education,Electronics
6036,27,0,Fashion,Sports
6037,34,0,Fashion,Education
6038,26,0,Gaming,Music
6039,26,1,Education,Music
6040,58,1,Books,Music
6041,28,0,Sports,Music
6042,49,1,Education,Music
6043,37,0,Education,Fashion
6044,25,1,Music,Education
6045,60,0,Education,Books
6046,36,0,Books,Sports
6047,35,0,Movies,Gaming
6048,56,0,Books,Sports
6049,53,0,Sports,Gaming
6050,61,0,Sports,Gaming
6051,37,1,Books,Electronics
6052,45,0,Education,Electronics
6053,58,0,Sports,Electronics
6054,44,0,Sports,Movies
6055,18,0,Gaming,Books
6056,26,1,Education,Electronics
6057,49,0,Music,Books
6058,62,0,Music,Education
6059,37,0,Movies,Gaming
6060,18,1,Education,Music
6061,22,0,Fashion,Education
6062,53,0,Books,Fashion
6063,26,0,Sports,Fashion
6064,21,0,Gaming,Sports
6065,42,0,Sports,Education
6066,27,0,Gaming,Books
6067,24,0,Books,Sports
6068,21,0,Gaming,Books
6069,53,0,Movies,Education
6070,35,0,Books,Fashion
6071,44,0,Education,Electronics
6072,54,0,Books,Fashion
6073,29,0,Electronics,Movies
6074,43,0,Fashion,Sports
6075,53,0,Electronics,Movies
6076,46,1,Education,Fashion
6077,33,1,Movies,Electronics
6078,46,1,Books,Sports
6079,35,0,Gaming,Books
6080,33,0,Fashion,Movies
6081,19,0,Gaming,Movies
6082,56,1,Music,Electronics
6083,22,1,Education,Fashion
6084,53,0,Music,Electronics
6085,18,1,Electronics,Gaming
6086,58,1,Gaming,Music
6087,49,1,Gaming,Books
6088,32,1,Movies,Books
6089,69,1,Gaming,Books
6090,29,1,Movies,Music
6091,34,0,Education,Movies
6092,68,0,Gaming,Electronics
6093,45,0,Electronics,Gaming
6094,39,0,Sports,Electronics
6095,29,0,Sports,Electronics
6096,64,1,Electronics,Books
6097,38,0,Movies,Books
6098,25,0,Books,Music
6099,23,0,Books,Sports
6100,50,0,Sports,Music
6101,23,1,Gaming,Sports
6102,56,0,Gaming,Electronics
6103,31,0,Sports,Gaming
6104,56,1,Movies,Sports
6105,57,1,Sports,Books
6106,35,1,Sports,Fashion
6107,55,0,Movies,Gaming
6108,19,0,Movies,Gaming
6109,40,0,Electronics,Books
6110,28,1,Fashion,Music
6111,19,0,Education,Music
6112,57,0,Movies,Education
6113,39,1,Sports,Books
6114,57,1,Music,Gaming
6115,30,1,Books,Fashion
6116,69,0,Fashion,Sports
6117,65,0,Education,Books
6118,29,0,Electronics,Gaming
6119,35,1,Education,Sports
6120,35,1,Music,Electronics
6121,33,1,Fashion,Sports
6122,46,0,Books,Fashion
6123,45,1,Electronics,Music
6124,53,0,Music,Sports
6125,31,0,Electronics,Movies
6126,49,0,Sports,Movies
6127,69,0,Books,Electronics
6128,37,0,Electronics,Music
6129,40,1,Movies,Education
6130,55,1,Sports,Music
6131,47,0,Fashion,Education
6132,51,0,Fashion,Education
6133,61,0,Books,Electronics
6134,32,0,Movies,Education
6135,49,0,Music,Sports
6136,66,0,Education,Music
6137,44,0,Music,Movies
6138,45,0,Movies,Gaming
6139,18,1,Education,Fashion
6140,48,0,Music,Sports
6141,50,0,Electronics,Education
6142,35,0,Music,Fashion
6143,40,0,Music,Movies
6144,47,0,Education,Electronics
6145,33,1,Movies,Gaming
6146,62,0,Electronics,Fashion
6147,29,0,Gaming,Education
6148,41,0,Sports,Gaming
6149,37,0,Fashion,Sports
6150,21,0,Education,Electronics
6151,45,0,Sports,Music
6152,64,1,Gaming,Fashion
6153,68,0,Sports,Gaming
6154,37,1,Books,Fashion
6155,37,0,Gaming,Music
6156,27,1,Books,Sports
6157,54,1,Education,Movies
6158,36,0,Fashion,Sports
6159,66,1,Music,Fashion
6160,27,0,Gaming,Movies
6161,55,0,Gaming,Fashion
6162,62,0,Movies,Books
6163,19,1,Electronics,Music
6164,22,0,Music,Education
6165,27,1,Books,Movies
6166,19,1,Education,Movies
6167,58,0,Music,Fashion
6168,37,0,Books,Electronics
6169,51,1,Education,Music
6170,48,0,Fashion,Movies
6171,36,0,Fashion,Music
6172,37,0,Movies,Music
6173,56,1,Fashion,Sports
6174,65,0,Education,Fashion
6175,64,0,Books,Education
6176,63,0,Movies,Electronics
6177,52,0,Education,Electronics
6178,59,0,Sports,Fashion
6179,23,0,Books,Electronics
6180,34,0,Education,Fashion
6181,67,0,Electronics,Movies
6182,57,0,Music,Gaming
6183,49,0,Electronics,Books
6184,54,1,Movies,Books
6185,44,0,Music,Fashion
6186,48,0,Fashion,Electronics
6187,55,0,Movies,Books
6188,61,0,Sports,Movies
6189,28,1,Books,Sports
6190,34,1,Sports,Electronics
6191,51,0,Education,Fashion
6192,28,0,Sports,Education
6193,55,0,Gaming,Sports
6194,63,0,Gaming,Electronics
6195,43,1,Movies,Fashion
6196,56,1,Movies,Books
6197,25,0,Gaming,Music
6198,33,1,Music,Education
6199,40,0,Fashion,Gaming
6200,39,0,Sports,Fashion
6201,66,1,Fashion,Movies
6202,19,1,Sports,Fashion
6203,50,1,Movies,Electronics
6204,36,1,Movies,Music
6205,50,1,Education,Movies
6206,62,0,Fashion,Movies
6207,34,0,Gaming,Electronics
6208,20,0,Fashion,Music
6209,48,1,Education,Music
6210,63,0,Music,Movies
6211,52,0,Music,Sports
6212,68,1,Music,Sports
6213,33,1,Education,Sports
6214,68,1,Gaming,Sports
6215,54,0,Electronics,Music
6216,53,0,Electronics,Education
6217,62,0,Gaming,Electronics
6218,51,1,Fashion,Music
6219,22,0,Movies,Education
6220,67,0,Sports,Music
6221,32,0,Music,Books
6222,33,0,Movies,Electronics
6223,30,1,Gaming,Books
6224,52,1,Gaming,Music
6225,36,1,Electronics,Movies
6226,23,0,Education,Gaming
6227,39,0,Electronics,Books
6228,56,0,Electronics,Sports
6229,44,0,Books,Sports
6230,64,1,Books,Education
6231,59,0,Movies,Music
6232,32,1,Education,Music
6233,48,0,Music,Education
6234,31,0,Electronics,Books
6235,34,0,Electronics,Gaming
6236,68,0,Sports,Music
6237,33,0,Fashion,Music
6238,69,0,Education,Books
6239,61,1,Sports,Gaming
6240,63,1,Fashion,Sports
6241,27,0,Movies,Gaming
6242,66,0,Electronics,Education
6243,34,0,Education,Movies
6244,40,0,Sports,Electronics
6245,30,0,Books,Electronics
6246,37,0,Fashion,Music
6247,69,0,Books,Music
6248,52,0,Books,Fashion
6249,50,0,Sports,Electronics
6250,62,0,Education,Electronics
6251,40,0,Education,Sports
6252,31,0,Electronics,Books
6253,66,0,Movies,Sports
6254,23,1,Education,Books
6255,38,1,Sports,Education
6256,44,1,Movies,Education
6257,33,1,Education,Gaming
6258,60,0,Books,Movies
6259,30,0,Fashion,Gaming
6260,19,1,Electronics,Fashion
6261,55,0,Fashion,Education
6262,24,0,Sports,Books
6263,58,0,Sports,Movies
6264,58,0,Education,Fashion
6265,21,0,Movies,Gaming
6266,41,0,Books,Music
6267,48,0,Education,Fashion
6268,43,0,Movies,Sports
6269,25,1,Gaming,Music
6270,61,0,Books,Movies
6271,37,1,Gaming,Education
6272,67,0,Gaming,Books
6273,42,1,Electronics,Sports
6274,38,1,Education,Electronics
6275,32,0,Gaming,Electronics
6276,65,0,Movies,Electronics
6277,25,0,Education,Electronics
6278,33,0,Music,Books
6279,33,0,Education,Music
6280,26,1,Education,Fashion
6281,69,1,Electronics,Fashion
6282,35,0,Music,Movies
6283,65,0,Sports,Fashion
6284,66,0,Gaming,Movies
6285,18,0,Books,Fashion
6286,25,0,Fashion,Sports
6287,19,0,Music,Sports
6288,26,0,Fashion,Sports
6289,23,0,Movies,Sports
6290,68,0,Books,Education
6291,67,0,Education,Sports
6292,28,0,Education,Movies
6293,57,0,Fashion,Music
6294,65,0,Movies,Books
6295,61,0,Music,Movies
6296,57,0,Music,Movies
6297,52,1,Gaming,Electronics
6298,53,0,Electronics,Books
6299,42,0,Fashion,Books
6300,35,0,Books,Gaming
6301,18,0,Books,Movies
6302,25,0,Education,Fashion
6303,38,1,Sports,Education
6304,38,0,Sports,Electronics
6305,40,0,Fashion,Gaming
6306,68,0,Gaming,Education
6307,57,0,Gaming,Electronics
6308,59,0,Electronics,Music
6309,69,0,Movies,Electronics
6310,28,0,Electronics,Education
6311,64,0,Books,Movies
6312,38,0,Music,Movies
6313,66,0,Electronics,Fashion
6314,25,1,Music,Electronics
6315,47,1,Education,Sports
6316,40,1,Fashion,Gaming
6317,54,0,Sports,Books
6318,46,0,Movies,Sports
6319,40,0,Education,Music
6320,54,1,Movies,Books
6321,62,1,Sports,Gaming
6322,46,0,Fashion,Movies
6323,66,1,Sports,Electronics
6324,62,0,Electronics,Gaming
6325,37,0,Books,Fashion
6326,54,0,Electronics,Education
6327,64,0,Fashion,Electronics
6328,23,1,Music,Education
6329,61,1,Gaming,Movies
6330,35,0,Books,Sports
6331,42,0,Fashion,Gaming
6332,61,0,Education,Books
6333,48,0,Sports,Music
6334,53,1,Education,Movies
6335,42,1,Music,Fashion
6336,37,1,Fashion,Education
6337,44,1,Books,Movies
6338,19,0,Gaming,Music
6339,50,1,Gaming,Education
6340,61,0,Books,Music
6341,26,0,Books,Fashion
6342,47,0,Movies,Electronics
6343,28,0,Books,Movies
6344,34,0,Sports,Electronics
6345,24,0,Music,Electronics
6346,62,1,Sports,Education
6347,23,0,Movies,Education
6348,61,0,Movies,Sports
6349,58,0,Music,Electronics
6350,29,0,Fashion,Sports
6351,45,0,Books,Music
6352,36,1,Sports,Education
6353,22,0,Movies,Sports
6354,45,0,Electronics,Music
6355,69,0,Books,Music
6356,38,0,Education,Fashion
6357,45,0,Electronics,Books
6358,32,0,Music,Sports
6359,43,1,Movies,Books
6360,30,1,Music,Education
6361,25,0,Electronics,Fashion
6362,40,1,Sports,Music
6363,31,0,Music,Education
6364,28,0,Electronics,Fashion
6365,28,0,Education,Electronics
6366,29,0,Electronics,Sports
6367,52,1,Books,Movies
6368,34,0,Books,Music
6369,39,0,Education,Books
6370,32,1,Movies,Gaming
6371,41,0,Electronics,Books
6372,47,1,Electronics,Movies
6373,19,1,Sports,Gaming
6374,58,1,Music,Sports
6375,61,0,Education,Fashion
6376,30,0,Sports,Electronics
6377,29,0,Electronics,Books
6378,66,1,Sports,Music
6379,66,0,Gaming,Music
6380,57,0,Electronics,Music
6381,51,0,Education,Electronics
6382,50,0,Gaming,Education
6383,66,0,Gaming,Music
6384,33,0,Fashion,Movies
6385,56,0,Gaming,Movies
6386,18,0,Fashion,Electronics
6387,32,0,Education,Electronics
6388,35,1,Music,Fashion
6389,30,0,Sports,Fashion
6390,19,0,Gaming,Electronics
6391,61,1,Sports,Books
6392,67,1,Books,Music
6393,29,0,Electronics,Fashion
6394,47,0,Gaming,Music
6395,47,1,Electronics,Education
6396,53,1,Electronics,Education
6397,51,1,Sports,Education
6398,31,1,Electronics,Books
6399,31,0,Electronics,Fashion
6400,65,0,Education,Books
6401,37,0,Movies,Electronics
6402,57,0,Music,Fashion
6403,42,0,Sports,Fashion
6404,55,0,Fashion,Music
6405,57,0,Gaming,Sports
6406,21,1,Books,Gaming
6407,47,1,Books,Electronics
6408,56,1,Movies,Music
6409,50,0,Sports,Movies
6410,55,0,Music,Education
6411,45,0,Sports,Movies
6412,55,1,Movies,Fashion
6413,38,0,Movies,Education
6414,50,0,Sports,Music
6415,32,0,Movies,Fashion
6416,60,0,Books,Electronics
6417,31,0,Music,Sports
6418,21,1,Education,Fashion
6419,29,0,Books,Fashion
6420,52,1,Fashion,Education
6421,65,0,Sports,Fashion
6422,60,1,Sports,Electronics
6423,52,1,Music,Gaming
6424,38,1,Fashion,Electronics
6425,61,1,Sports,Gaming
6426,22,0,Education,Music
6427,35,0,Education,Electronics
6428,61,0,Electronics,Movies
6429,27,0,Electronics,Sports
6430,41,0,Movies,Music
6431,49,0,Gaming,Fashion
6432,55,0,Books,Electronics
6433,68,0,Movies,Education
6434,51,0,Gaming,Sports
6435,35,0,Electronics,Education
6436,39,0,Gaming,Sports
6437,57,0,Education,Electronics
6438,64,0,Sports,Books
6439,30,0,Gaming,Books
6440,69,0,Gaming,Movies
6441,53,1,Electronics,Gaming
6442,19,0,Movies,Electronics
6443,40,0,Music,Electronics
6444,44,0,Music,Education
6445,56,0,Movies,Education
6446,53,1,Sports,Education
6447,58,0,Electronics,Sports
6448,46,0,Gaming,Education
6449,60,1,Gaming,Education
6450,21,1,Electronics,Education
6451,53,1,Books,Music
6452,33,0,Gaming,Music
6453,28,1,Movies,Education
6454,39,0,Education,Sports
6455,41,0,Movies,Books
6456,43,0,Gaming,Sports
6457,56,1,Sports,Books
6458,55,0,Electronics,Sports
6459,23,1,Movies,Electronics
6460,25,0,Sports,Education
6461,24,0,Movies,Fashion
6462,63,0,Gaming,Electronics
6463,42,0,Movies,Fashion
6464,29,1,Movies,Gaming
6465,62,1,Movies,Education
6466,27,1,Electronics,Books
6467,51,0,Movies,Music
6468,46,0,Music,Education
6469,62,0,Movies,Education
6470,30,0,Fashion,Movies
6471,54,1,Education,Electronics
6472,56,0,Education,Electronics
6473,20,0,Education,Electronics
6474,64,0,Music,Sports
6475,49,1,Sports,Movies
6476,51,0,Electronics,Music
6477,64,1,Books,Sports
6478,36,0,Music,Electronics
6479,43,0,Education,Books
6480,45,0,Movies,Education
6481,65,0,Movies,Fashion
6482,36,1,Education,Books
6483,24,1,Sports,Gaming
6484,60,0,Fashion,Books
6485,66,1,Electronics,Fashion
6486,25,1,Books,Gaming
6487,59,0,Electronics,Fashion
6488,35,0,Education,Movies
6489,69,1,Music,Electronics
6490,33,0,Sports,Electronics
6491,44,0,Movies,Fashion
6492,51,0,Electronics,Gaming
6493,57,0,Music,Movies
6494,66,0,Electronics,Music
6495,58,0,Sports,Fashion
6496,26,0,Books,Electronics
6497,58,1,Education,Electronics
6498,33,0,Books,Fashion
6499,42,0,Sports,Fashion
6500,62,0,Music,Education
6501,56,0,Gaming,Electronics
6502,22,0,Gaming,Fashion
6503,61,1,Fashion,Electronics
6504,62,1,Music,Movies
6505,57,0,Music,Fashion
6506,44,1,Gaming,Music
6507,28,0,Music,Sports
6508,47,1,Movies,Music
6509,20,0,Electronics,Fashion
6510,44,1,Music,Electronics
6511,38,0,Movies,Books
6512,55,1,Electronics,Books
6513,35,0,Sports,Education
6514,65,1,Music,Movies
6515,38,0,Music,Books
6516,68,1,Gaming,Education
6517,54,1,Electronics,Gaming
6518,29,0,Fashion,Movies
6519,69,0,Books,Electronics
6520,26,1,Sports,Music
6521,20,0,Gaming,Movies
6522,38,1,Books,Education
6523,36,0,Electronics,Music
6524,63,0,Education,Music
6525,40,0,Education,Fashion
6526,56,0,Movies,Books
6527,44,1,Movies,Books
6528,50,0,Music,Books
6529,49,0,Music,Books
6530,57,1,Education,Fashion
6531,48,0,Books,Gaming
6532,62,1,Sports,Movies
6533,69,1,Gaming,Fashion
6534,32,0,Books,Sports
6535,39,0,Books,Sports
6536,19,0,Education,Movies
6537,55,0,Sports,Movies
6538,53,1,Gaming,Books
6539,63,0,Fashion,Music
6540,45,1,Sports,Education
6541,65,0,Gaming,Music
6542,48,0,Fashion,Music
6543,24,1,Movies,Education
6544,19,0,Movies,Fashion
6545,62,0,Music,Electronics
6546,61,0,Books,Movies
6547,55,0,Gaming,Movies
6548,64,0,Fashion,Music
6549,23,0,Education,Music
6550,54,0,Sports,Books
6551,26,1,Education,Electronics
6552,39,0,Fashion,Electronics
6553,69,0,Gaming,Fashion
6554,53,0,Education,Music
6555,59,0,Books,Fashion
6556,18,1,Electronics,Education
6557,32,1,Gaming,Electronics
6558,60,0,Fashion,Electronics
6559,31,0,Fashion,Music
6560,31,1,Gaming,Sports
6561,46,1,Music,Books
6562,36,0,Gaming,Music
6563,54,0,Sports,Gaming
6564,45,0,Movies,Electronics
6565,41,0,Music,Education
6566,69,0,Music,Movies
6567,42,0,Books,Gaming
6568,31,0,Electronics,Books
6569,25,0,Music,Sports
6570,37,1,Gaming,Music
6571,34,1,Education,Music
6572,39,0,Gaming,Fashion
6573,29,0,Education,Music
6574,63,0,Fashion,Gaming
6575,32,0,Fashion,Gaming
6576,22,0,Books,Fashion
6577,69,1,Electronics,Music
6578,58,1,Music,Gaming
6579,48,1,Education,Sports
6580,64,0,Music,Sports
6581,67,1,Fashion,Music
6582,25,0,Movies,Education
6583,45,0,Books,Fashion
6584,39,1,Movies,Sports
6585,36,0,Music,Electronics
6586,22,0,Gaming,Fashion
6587,56,1,Music,Sports
6588,64,1,Music,Education
6589,54,0,Fashion,Books
6590,69,0,Electronics,Education
6591,41,0,Sports,Movies
6592,43,1,Movies,Music
6593,27,1,Music,Electronics
6594,31,0,Music,Fashion
6595,30,0,Fashion,Electronics
6596,24,0,Movies,Fashion
6597,26,0,Education,Sports
6598,24,1,Sports,Books
6599,44,1,Movies,Fashion
6600,34,0,Books,Fashion
6601,60,1,Movies,Books
6602,45,1,Books,Fashion
6603,37,0,Fashion,Electronics
6604,57,0,Electronics,Music
6605,42,0,Sports,Electronics
6606,30,0,Education,Gaming
6607,39,1,Electronics,Sports
6608,65,0,Sports,Fashion
6609,25,0,Gaming,Music
6610,35,0,Education,Movies
6611,59,0,Fashion,Education
6612,44,0,Education,Fashion
6613,56,1,Books,Gaming
6614,29,0,Books,Movies
6615,45,0,Gaming,Sports
6616,21,0,Movies,Electronics
6617,67,0,Fashion,Sports
6618,34,1,Books,Sports
6619,65,0,Books,Gaming
6620,36,0,Sports,Gaming
6621,51,1,Books,Sports
6622,33,0,Fashion,Music
6623,64,0,Music,Fashion
6624,58,1,Education,Music
6625,67,1,Books,Gaming
6626,31,0,Music,Electronics
6627,42,0,Gaming,Electronics
6628,64,0,Music,Books
6629,35,0,Electronics,Gaming
6630,18,0,Electronics,Fashion
6631,37,1,Fashion,Music
6632,41,0,Gaming,Education
6633,45,1,Sports,Gaming
6634,18,0,Sports,Fashion
6635,21,0,Education,Books
6636,33,1,Education,Gaming
6637,40,0,Fashion,Gaming
6638,42,1,Education,Fashion
6639,30,1,Fashion,Books
6640,28,0,Books,Music
6641,34,0,Sports,Electronics
6642,44,1,Gaming,Electronics
6643,59,1,Education,Movies
6644,46,0,Sports,Gaming
6645,23,1,Fashion,Electronics
6646,56,0,Gaming,Music
6647,38,0,Movies,Music
6648,39,1,Gaming,Music
6649,27,0,Sports,Gaming
6650,46,0,Music,Sports
6651,34,0,Fashion,Sports
6652,63,0,Sports,Fashion
6653,38,1,Education,Sports
6654,57,1,Gaming,Movies
6655,58,1,Music,Movies
6656,62,0,Education,Fashion
6657,24,0,Books,Fashion
6658,54,0,Books,Education
6659,43,0,Movies,Sports
6660,49,0,Education,Fashion
6661,22,0,Sports,Gaming
6662,29,1,Gaming,Electronics
6663,65,0,Fashion,Movies
6664,32,1,Music,Gaming
6665,37,1,Books,Sports
6666,59,0,Gaming,Music
6667,51,0,Fashion,Education
6668,20,0,Education,Gaming
6669,28,1,Education,Movies
6670,59,0,Gaming,Music
6671,26,0,Sports,Electronics
6672,38,1,Movies,Fashion
6673,46,1,Sports,Education
6674,22,1,Gaming,Electronics
6675,18,0,Music,Fashion
6676,18,0,Music,Sports
6677,56,0,Gaming,Education
6678,22,0,Education,Sports
6679,43,0,Gaming,Fashion
6680,49,0,Electronics,Sports
6681,27,0,Education,Music
6682,51,0,Sports,Fashion
6683,68,0,Electronics,Sports
6684,55,0,Education,Sports
6685,69,0,Sports,Music
6686,42,0,Fashion,Music
6687,39,0,Sports,Education
6688,28,0,Books,Music
6689,48,1,Music,Books
6690,25,1,Electronics,Gaming
6691,59,0,Electronics,Education
6692,35,0,Gaming,Electronics
6693,37,0,Music,Fashion
6694,33,0,Books,Gaming
6695,42,0,Electronics,Music
6696,62,1,Sports,Fashion
6697,36,0,Sports,Books
6698,38,0,Gaming,Education
6699,54,0,Sports,Fashion
6700,63,1,Fashion,Sports
6701,26,0,Music,Sports
6702,31,0,Sports,Music
6703,32,0,Sports,Electronics
6704,51,0,Electronics,Education
6705,49,1,Electronics,Education
6706,68,0,Books,Music
6707,39,1,Gaming,Education
6708,24,0,Education,Electronics
6709,67,1,Fashion,Sports
6710,31,1,Movies,Electronics
6711,58,1,Sports,Gaming
6712,28,1,Sports,Electronics
6713,46,0,Movies,Gaming
6714,66,1,Books,Education
6715,53,1,Gaming,Music
6716,39,1,Gaming,Books
6717,34,0,Movies,Education
6718,34,0,Books,Electronics
6719,35,0,Books,Music
6720,62,0,Gaming,Electronics
6721,33,0,Electronics,Gaming
6722,35,0,Fashion,Electronics
6723,34,1,Gaming,Books
6724,51,1,Movies,Education
6725,38,0,Music,Sports
6726,62,0,Electronics,Sports
6727,23,1,Movies,Sports
6728,62,0,Sports,Electronics
6729,46,0,Movies,Gaming
6730,55,0,Education,Sports
6731,41,0,Movies,Sports
6732,68,0,Books,Fashion
6733,21,0,Gaming,Movies
6734,30,0,Movies,Sports
6735,62,0,Movies,Gaming
6736,47,1,Sports,Movies
6737,41,0,Electronics,Movies
6738,50,0,Gaming,Fashion
6739,27,0,Books,Movies
6740,36,1,Sports,Music
6741,36,0,Electronics,Movies
6742,58,0,Sports,Movies
6743,69,0,Music,Sports
6744,55,0,Books,Gaming
6745,58,0,Movies,Fashion
6746,57,1,Fashion,Education
6747,28,0,Books,Electronics
6748,30,0,Fashion,Books
6749,25,0,Education,Movies
6750,35,0,Sports,Electronics
6751,61,0,Fashion,Movies
6752,24,0,Education,Movies
6753,61,0,Sports,Electronics
6754,33,1,Education,Fashion
6755,47,0,Gaming,Fashion
6756,61,0,Music,Education
6757,37,0,Fashion,Electronics
6758,52,1,Music,Gaming
6759,50,0,Gaming,Education
6760,68,0,Electronics,Sports
6761,37,0,Sports,Education
6762,25,0,Education,Movies
6763,49,1,Education,Fashion
6764,19,1,Sports,Fashion
6765,45,1,Education,Music
6766,53,0,Education,Movies
6767,59,0,Books,Electronics
6768,26,0,Gaming,Music
6769,67,1,Books,Movies
6770,19,0,Fashion,Education
6771,67,0,Electronics,Fashion
6772,32,1,Books,Fashion
6773,48,0,Sports,Movies
6774,45,0,Books,Electronics
6775,37,0,Gaming,Sports
6776,28,1,Fashion,Gaming
6777,18,0,Education,Books
6778,27,0,Gaming,Sports
6779,51,1,Electronics,Sports
6780,35,0,Books,Movies
6781,22,0,Movies,Gaming
6782,28,1,Movies,Music
6783,49,0,Music,Movies
6784,67,0,Music,Movies
6785,45,0,Fashion,Books
6786,34,1,Movies,Music
6787,36,0,Sports,Education
6788,53,1,Music,Movies
6789,63,1,Movies,Sports
6790,53,0,Education,Books
6791,53,0,Music,Gaming
6792,26,0,Fashion,Books
6793,29,0,Education,Electronics
6794,47,0,Music,Sports
6795,21,0,Fashion,Books
6796,42,0,Education,Electronics
6797,22,0,Electronics,Sports
6798,25,1,Sports,Books
6799,53,0,Books,Music
6800,24,0,Education,Fashion
6801,64,1,Books,Electronics
6802,54,0,Education,Movies
6803,23,0,Fashion,Electronics
6804,45,0,Music,Gaming
6805,36,0,Sports,Fashion
6806,48,0,Electronics,Fashion
6807,27,0,Movies,Fashion
6808,20,0,Gaming,Movies
6809,35,0,Movies,Fashion
6810,37,0,Gaming,Fashion
6811,39,1,Sports,Electronics
6812,32,0,Fashion,Electronics
6813,38,1,Sports,Fashion
6814,69,0,Fashion,Sports
6815,27,0,Books,Fashion
6816,40,1,Gaming,Fashion
6817,48,0,Movies,Education
6818,66,0,Education,Books
6819,38,0,Fashion,Electronics
6820,21,0,Sports,Books
6821,50,1,Books,Education
6822,36,0,Fashion,Books
6823,18,0,Fashion,Movies
6824,62,0,Electronics,Sports
6825,29,1,Books,Electronics
6826,45,0,Fashion,Music
6827,47,0,Education,Sports
6828,37,0,Education,Fashion
6829,55,0,Movies,Music
6830,69,0,Books,Fashion
6831,58,0,Gaming,Sports
6832,58,0,Gaming,Music
6833,54,0,Education,Fashion
6834,32,0,Movies,Education
6835,50,0,Music,Movies
6836,46,0,Books,Music
6837,22,1,Sports,Books
6838,27,0,Movies,Gaming
6839,50,1,Fashion,Education
6840,22,0,Gaming,Movies
6841,34,1,Education,Sports
6842,34,0,Movies,Gaming
6843,39,0,Books,Music
6844,32,0,Gaming,Music
6845,42,0,Music,Books
6846,55,0,Electronics,Education
6847,66,0,Music,Education
6848,21,1,Education,Gaming
6849,19,0,Music,Gaming
6850,31,1,Gaming,Books
6851,51,0,Sports,Movies
6852,26,1,Music,Books
6853,30,1,Electronics,Fashion
6854,61,0,Education,Fashion
6855,32,0,Sports,Electronics
6856,26,0,Movies,Fashion
6857,53,0,Books,Sports
6858,20,0,Movies,Music
6859,45,1,Electronics,Music
6860,66,1,Movies,Electronics
6861,58,1,Movies,Gaming
6862,31,0,Education,Sports
6863,20,0,Electronics,Gaming
6864,41,1,Movies,Fashion
6865,25,0,Electronics,Music
6866,68,1,Electronics,Education
6867,31,0,Education,Movies
6868,41,1,Education,Sports
6869,48,1,Fashion,Movies
6870,32,0,Books,Electronics
6871,28,0,Music,Electronics
6872,27,1,Fashion,Gaming
6873,65,0,Fashion,Education
6874,27,1,Fashion,Electronics
6875,20,0,Gaming,Education
6876,61,1,Books,Electronics
6877,61,0,Education,Music
6878,33,1,Electronics,Sports
6879,54,0,Books,Education
6880,38,0,Movies,Education
6881,68,0,Sports,Gaming
6882,68,0,Electronics,Sports
6883,23,0,Music,Gaming
6884,29,0,Fashion,Music
6885,23,0,Music,Movies
6886,51,0,Electronics,Gaming
6887,20,1,Gaming,Sports
6888,23,0,Electronics,Books
6889,37,0,Sports,Education
6890,43,1,Fashion,Gaming
6891,49,1,Movies,Electronics
6892,23,1,Fashion,Movies
6893,66,0,Electronics,Sports
6894,31,0,Sports,Gaming
6895,49,0,Gaming,Books
6896,58,0,Electronics,Sports
6897,39,1,Movies,Music
6898,58,0,Music,Electronics
6899,37,1,Music,Sports
6900,64,0,Books,Music
6901,65,0,Education,Electronics
6902,22,1,Books,Electronics
6903,46,0,Fashion,Gaming
6904,21,0,Books,Fashion
6905,65,0,Music,Movies
6906,63,1,Electronics,Education
6907,49,0,Fashion,Education
6908,55,0,Electronics,Fashion
6909,34,0,Music,Sports
6910,65,0,Books,Gaming
6911,32,0,Sports,Fashion
6912,29,0,Sports,Gaming
6913,59,0,Fashion,Sports
6914,48,0,Electronics,Movies
6915,33,0,Movies,Books
6916,64,0,Movies,Books
6917,48,1,Music,Sports
6918,56,0,Sports,Education
6919,25,0,Sports,Fashion
6920,36,0,Sports,Books
6921,47,1,Movies,Fashion
6922,26,1,Education,Fashion
6923,61,0,Books,Movies
6924,21,0,Music,Movies
6925,18,0,Music,Fashion
6926,64,1,Education,Gaming
6927,28,1,Fashion,Electronics
6928,41,1,Gaming,Books
6929,37,0,Sports,Gaming
6930,22,0,Gaming,Fashion
6931,39,1,Movies,Books
6932,22,1,Music,Gaming
6933,44,0,Movies,Electronics
6934,46,0,Sports,Fashion
6935,33,1,Sports,Movies
6936,29,1,Movies,Electronics
6937,51,0,Books,Music
6938,40,0,Fashion,Movies
6939,66,0,Fashion,Movies
6940,38,0,Music,Fashion
6941,48,0,Gaming,Music
6942,67,0,Electronics,Sports
6943,40,1,Books,Gaming
6944,25,0,Music,Education
6945,62,1,Electronics,Fashion
6946,55,0,Gaming,Sports
6947,64,0,Music,Fashion
6948,44,0,Books,Fashion
6949,56,1,Music,Fashion
6950,62,0,Fashion,Movies
6951,64,0,Fashion,Education
6952,28,0,Electronics,Movies
6953,52,0,Education,Movies
6954,22,0,Gaming,Music
6955,36,0,Gaming,Sports
6956,30,1,Sports,Fashion
6957,60,1,Music,Movies
6958,44,0,Music,Sports
6959,23,0,Gaming,Fashion
6960,28,1,Electronics,Fashion
6961,34,1,Books,Movies
6962,24,1,Gaming,Education
6963,38,0,Movies,Music
6964,49,1,Gaming,Movies
6965,25,0,Electronics,Fashion
6966,68,1,Fashion,Sports
6967,36,0,Sports,Music
6968,47,1,Fashion,Books
6969,61,0,Music,Education
6970,31,0,Electronics,Books
6971,65,0,Movies,Education
6972,64,1,Fashion,Education
6973,33,0,Music,Sports
6974,65,0,Gaming,Books
6975,44,0,Education,Electronics
6976,52,0,Fashion,Books
6977,52,1,Fashion,Sports
6978,67,0,Movies,Electronics
6979,68,0,Fashion,Books
6980,49,0,Sports,Movies
6981,57,0,Books,Gaming
6982,56,0,Sports,Books
6983,67,0,Music,Electronics
6984,39,0,Education,Books
6985,38,0,Music,Electronics
6986,60,1,Education,Movies
6987,30,0,Gaming,Music
6988,58,1,Sports,Movies
6989,24,0,Gaming,Education
6990,18,0,Education,Music
6991,31,0,Sports,Education
6992,19,1,Books,Movies
6993,68,0,Fashion,Sports
6994,37,0,Fashion,Movies
6995,66,0,Music,Fashion
6996,63,0,Gaming,Movies
6997,49,1,Gaming,Movies
6998,54,0,Books,Sports
6999,59,0,Education,Music
7000,58,1,Electronics,Fashion
7001,66,0,Fashion,Education
7002,44,1,Sports,Fashion
7003,19,1,Music,Fashion
7004,48,0,Electronics,Music
7005,54,0,Gaming,Electronics
7006,51,0,Sports,Books
7007,20,1,Education,Books
7008,31,0,Electronics,Fashion
7009,52,0,Movies,Sports
7010,65,1,Books,Sports
7011,50,0,Gaming,Music
7012,67,0,Fashion,Movies
7013,51,0,Fashion,Sports
7014,48,1,Movies,Sports
7015,33,0,Education,Electronics
7016,57,0,Movies,Sports
7017,33,1,Fashion,Books
7018,37,0,Gaming,Music
7019,44,1,Books,Movies
7020,47,1,Books,Sports
7021,54,0,Books,Gaming
7022,66,1,Gaming,Education
7023,32,0,Electronics,Fashion
7024,25,0,Music,Books
7025,40,0,Gaming,Music
7026,48,1,Education,Electronics
7027,25,0,Education,Music
7028,59,0,Gaming,Sports
7029,64,0,Electronics,Sports
7030,20,0,Gaming,Fashion
7031,64,0,Books,Music
7032,31,1,Education,Movies
7033,66,1,Music,Education
7034,67,0,Education,Music
7035,27,1,Music,Education
7036,43,0,Music,Electronics
7037,37,0,Fashion,Movies
7038,63,1,Gaming,Education
7039,29,0,Books,Fashion
7040,61,0,Electronics,Sports
7041,34,0,Movies,Books
7042,39,0,Education,Sports
7043,18,0,Electronics,Movies
7044,53,0,Movies,Electronics
7045,48,1,Books,Education
7046,19,0,Education,Sports
7047,29,0,Music,Electronics
7048,62,0,Music,Fashion
7049,39,0,Gaming,Fashion
7050,40,1,Movies,Education
7051,20,0,Electronics,Music
7052,62,1,Movies,Books
7053,56,0,Movies,Fashion
7054,35,1,Gaming,Electronics
7055,44,1,Education,Fashion
7056,54,0,Movies,Gaming
7057,56,0,Electronics,Music
7058,24,1,Books,Sports
7059,27,0,Electronics,Music
7060,21,0,Gaming,Books
7061,31,0,Fashion,Electronics
7062,34,0,Books,Fashion
7063,44,1,Fashion,Gaming
7064,60,0,Education,Sports
7065,29,0,Movies,Fashion
7066,32,1,Education,Music
7067,50,1,Sports,Education
7068,69,0,Education,Electronics
7069,46,0,Books,Sports
7070,50,0,Music,Electronics
7071,21,0,Fashion,Music
7072,37,1,Books,Movies
7073,62,0,Books,Sports
7074,42,0,Movies,Sports
7075,32,0,Gaming,Electronics
7076,65,1,Fashion,Gaming
7077,54,0,Movies,Gaming
7078,39,0,Books,Education
7079,51,1,Gaming,Electronics
7080,34,0,Sports,Music
7081,41,1,Movies,Fashion
7082,24,0,Sports,Gaming
7083,20,0,Electronics,Sports
7084,67,0,Education,Books
7085,49,0,Gaming,Fashion
7086,26,0,Fashion,Sports
7087,57,0,Electronics,Music
7088,37,0,Gaming,Books
7089,61,1,Movies,Fashion
7090,48,0,Electronics,Movies
7091,56,0,Sports,Electronics
7092,42,0,Gaming,Music
7093,45,0,Fashion,Sports
7094,34,0,Movies,Sports
7095,30,0,Music,Electronics
7096,33,1,Sports,Books
7097,28,0,Electronics,Gaming
7098,20,0,Music,Books
7099,58,0,Books,Music
7100,30,0,Movies,Gaming
7101,62,1,Education,Movies
7102,45,0,Gaming,Music
7103,34,0,Music,Movies
7104,45,0,Gaming,Sports
7105,28,0,Electronics,Sports
7106,21,0,Music,Fashion
7107,69,0,Music,Education
7108,47,1,Education,Books
7109,46,1,Education,Gaming
7110,46,0,Education,Books
7111,67,1,Fashion,Gaming
7112,60,0,Gaming,Fashion
7113,29,1,Gaming,Electronics
7114,68,0,Books,Gaming
7115,31,0,Education,Movies
7116,38,0,Music,Electronics
7117,60,0,Sports,Gaming
7118,32,0,Music,Fashion
7119,39,1,Movies,Education
7120,63,1,Music,Sports
7121,58,0,Education,Electronics
7122,40,0,Fashion,Music
7123,19,1,Fashion,Music
7124,68,0,Music,Movies
7125,63,0,Gaming,Sports
7126,56,1,Electronics,Education
7127,46,1,Movies,Music
7128,66,0,Education,Books
7129,40,0,Gaming,Movies
7130,65,1,Fashion,Movies
7131,67,0,Books,Electronics
7132,57,0,Gaming,Books
7133,32,1,Sports,Electronics
7134,34,1,Movies,Books
7135,37,0,Fashion,Education
7136,62,0,Gaming,Movies
7137,49,0,Gaming,Fashion
7138,59,1,Sports,Movies
7139,67,0,Movies,Fashion
7140,41,1,Music,Gaming
7141,43,0,Books,Gaming
7142,24,1,Music,Movies
7143,64,0,Gaming,Books
7144,69,0,Gaming,Sports
7145,33,0,Education,Fashion
7146,21,0,Education,Books
7147,66,0,Fashion,Movies
7148,56,1,Movies,Electronics
7149,69,0,Music,Education
7150,26,0,Education,Music
7151,67,0,Fashion,Gaming
7152,37,0,Books,Movies
7153,64,0,Gaming,Sports
7154,58,0,Gaming,Books
7155,48,0,Electronics,Music
7156,21,0,Sports,Books
7157,59,0,Books,Music
7158,61,0,Gaming,Electronics
7159,64,1,Music,Movies
7160,48,0,Sports,Books
7161,36,0,Education,Music
7162,20,1,Books,Sports
7163,46,1,Electronics,Gaming
7164,69,0,Gaming,Movies
7165,52,0,Sports,Education
7166,47,0,Fashion,Movies
7167,56,1,Music,Gaming
7168,52,0,Sports,Books
7169,69,0,Education,Music
7170,53,0,Sports,Fashion
7171,57,0,Fashion,Sports
7172,62,0,Books,Electronics
7173,32,0,Sports,Music
7174,69,1,Education,Sports
7175,28,0,Sports,Gaming
7176,66,1,Education,Books
7177,23,0,Fashion,Movies
7178,33,0,Books,Education
7179,26,1,Music,Education
7180,51,1,Fashion,Books
7181,53,1,Education,Music
7182,22,1,Books,Electronics
7183,48,0,Electronics,Gaming
7184,38,1,Gaming,Education
7185,45,0,Education,Gaming
7186,54,1,Gaming,Electronics
7187,49,0,Gaming,Fashion
7188,41,1,Books,Gaming
7189,47,0,Electronics,Movies
7190,49,0,Education,Gaming
7191,57,1,Electronics,Sports
7192,42,0,Gaming,Education
7193,48,0,Electronics,Sports
7194,63,0,Gaming,Music
7195,40,0,Education,Sports
7196,50,0,Books,Electronics
7197,33,0,Fashion,Education
7198,25,1,Movies,Education
7199,28,0,Books,Gaming
7200,29,0,Fashion,Sports
7201,45,0,Gaming,Music
7202,34,0,Music,Books
7203,25,1,Sports,Education
7204,60,1,Education,Books
7205,27,0,Movies,Electronics
7206,56,0,Music,Gaming
7207,42,0,Books,Movies
7208,27,0,Education,Gaming
7209,62,0,Sports,Education
7210,19,1,Movies,Fashion
7211,67,0,Movies,Gaming
7212,34,1,Education,Fashion
7213,58,0,Education,Music
7214,61,0,Movies,Music
7215,58,0,Movies,Music
7216,43,0,Electronics,Education
7217,53,1,Fashion,Books
7218,68,0,Movies,Electronics
7219,31,0,Sports,Fashion
7220,58,1,Music,Gaming
7221,34,0,Movies,Fashion
7222,51,0,Fashion,Music
7223,34,0,Movies,Sports
7224,57,0,Education,Music
7225,19,1,Movies,Books
7226,48,0,Fashion,Books
7227,37,0,Movies,Education
7228,42,0,Gaming,Fashion
7229,61,1,Sports,Electronics
7230,56,0,Sports,Music
7231,43,0,Movies,Books
7232,33,0,Electronics,Sports
7233,41,1,Music,Gaming
7234,26,0,Gaming,Sports
7235,46,0,Fashion,Sports
7236,37,0,Fashion,Music
7237,44,0,Music,Movies
7238,61,0,Music,Sports
7239,24,0,Education,Music
7240,40,0,Fashion,Education
7241,51,0,Education,Books
7242,21,1,Education,Sports
7243,40,0,Electronics,Gaming
7244,51,1,Books,Sports
7245,34,0,Sports,Fashion
7246,51,0,Sports,Books
7247,30,0,Fashion,Sports
7248,19,0,Books,Gaming
7249,46,1,Sports,Fashion
7250,29,0,Education,Sports
7251,45,0,Electronics,Education
7252,27,0,Sports,Gaming
7253,44,1,Sports,Fashion
7254,59,0,Electronics,Movies
7255,28,1,Books,Sports
7256,37,0,Books,Sports
7257,38,0,Books,Education
7258,38,1,Electronics,Movies
7259,30,0,Sports,Books
7260,46,1,Movies,Education
7261,30,0,Fashion,Gaming
7262,44,1,Sports,Books
7263,66,0,Education,Books
7264,36,1,Electronics,Music
7265,57,0,Movies,Music
7266,39,1,Movies,Electronics
7267,56,0,Sports,Gaming
7268,49,1,Books,Fashion
7269,61,1,Movies,Electronics
7270,21,1,Sports,Books
7271,50,0,Sports,Music
7272,18,1,Education,Sports
7273,64,1,Books,Music
7274,26,0,Electronics,Sports
7275,40,0,Books,Fashion
7276,62,1,Education,Electronics
7277,25,0,Education,Electronics
7278,33,0,Education,Books
7279,35,0,Books,Music
7280,32,1,Sports,Music
7281,60,0,Education,Fashion
7282,32,1,Electronics,Music
7283,51,0,Gaming,Education
7284,25,1,Books,Gaming
7285,22,0,Education,Gaming
7286,43,0,Sports,Music
7287,40,0,Education,Electronics
7288,26,1,Movies,Education
7289,45,1,Gaming,Movies
7290,54,1,Movies,Sports
7291,50,1,Fashion,Sports
7292,65,0,Education,Movies
7293,61,0,Movies,Gaming
7294,66,0,Movies,Fashion
7295,31,1,Sports,Fashion
7296,20,0,Movies,Gaming
7297,49,0,Movies,Gaming
7298,59,0,Education,Electronics
7299,21,1,Fashion,Movies
7300,45,0,Electronics,Sports
7301,40,0,Education,Sports
7302,46,1,Fashion,Books
7303,46,1,Books,Education
7304,46,1,Gaming,Music
7305,52,0,Movies,Electronics
7306,40,1,Education,Fashion
7307,61,0,Fashion,Books
7308,25,1,Books,Education
7309,30,0,Sports,Books
7310,38,1,Movies,Music
7311,65,0,Movies,Fashion
7312,65,0,Education,Electronics
7313,44,0,Movies,Music
7314,40,0,Sports,Music
7315,30,0,Fashion,Sports
7316,43,0,Fashion,Books
7317,63,0,Gaming,Education
7318,56,0,Fashion,Education
7319,47,1,Fashion,Music
7320,59,1,Fashion,Sports
7321,27,0,Education,Music
7322,43,1,Gaming,Education
7323,22,1,Movies,Books
7324,35,0,Movies,Sports
7325,57,0,Movies,Fashion
7326,49,0,Fashion,Sports
7327,32,0,Music,Gaming
7328,65,0,Music,Education
7329,68,1,Music,Sports
7330,52,1,Movies,Sports
7331,25,0,Gaming,Education
7332,65,0,Gaming,Electronics
7333,62,1,Gaming,Electronics
7334,32,1,Gaming,Fashion
7335,41,0,Fashion,Movies
7336,45,1,Movies,Electronics
7337,42,1,Sports,Books
7338,42,1,Movies,Fashion
7339,49,1,Music,Electronics
7340,49,1,Music,Sports
7341,44,0,Gaming,Fashion
7342,40,1,Sports,Education
7343,38,0,Sports,Music
7344,37,0,Education,Gaming
7345,66,0,Movies,Electronics
7346,57,0,Books,Fashion
7347,40,1,Fashion,Sports
7348,18,1,Education,Music
7349,34,0,Education,Electronics
7350,69,0,Gaming,Music
7351,61,0,Education,Books
7352,21,0,Movies,Music
7353,26,0,Gaming,Electronics
7354,50,1,Books,Electronics
7355,18,0,Music,Fashion
7356,51,0,Music,Sports
7357,41,0,Movies,Electronics
7358,42,0,Education,Books
7359,34,0,Books,Sports
7360,30,0,Gaming,Education
7361,21,0,Fashion,Education
7362,24,0,Fashion,Music
7363,41,0,Movies,Music
7364,54,0,Sports,Music
7365,61,0,Books,Movies
7366,36,1,Sports,Fashion
7367,29,1,Movies,Music
7368,64,0,Movies,Gaming
7369,47,0,Electronics,Fashion
7370,46,0,Books,Education
7371,54,1,Music,Education
7372,35,1,Music,Education
7373,44,0,Education,Music
7374,29,0,Sports,Books
7375,55,0,Music,Sports
7376,42,0,Sports,Movies
7377,47,0,Music,Fashion
7378,59,0,Sports,Gaming
7379,31,0,Movies,Fashion
7380,25,0,Electronics,Fashion
7381,35,0,Books,Gaming
7382,34,1,Gaming,Sports
7383,41,0,Gaming,Education
7384,44,0,Education,Gaming
7385,53,0,Electronics,Education
7386,62,0,Electronics,Music
7387,63,1,Music,Electronics
7388,29,0,Gaming,Electronics
7389,50,0,Music,Education
7390,69,0,Education,Fashion
7391,58,0,Music,Gaming
7392,30,0,Books,Gaming
7393,57,1,Books,Music
7394,35,0,Books,Music
7395,60,0,Books,Music
7396,52,1,Fashion,Education
7397,20,1,Books,Music
7398,22,0,Education,Movies
7399,46,0,Sports,Education
7400,19,0,Books,Education
7401,22,1,Gaming,Education
7402,40,0,Movies,Sports
7403,38,0,Education,Music
7404,48,0,Fashion,Gaming
7405,41,0,Music,Electronics
7406,27,0,Fashion,Gaming
7407,67,0,Music,Sports
7408,42,0,Gaming,Electronics
7409,28,0,Gaming,Movies
7410,19,0,Movies,Electronics
7411,22,0,Gaming,Electronics
7412,38,0,Electronics,Fashion
7413,25,0,Music,Sports
7414,44,0,Fashion,Sports
7415,38,0,Sports,Music
7416,40,0,Music,Movies
7417,22,0,Education,Music
7418,21,0,Sports,Education
7419,28,0,Music,Gaming
7420,51,0,Fashion,Books
7421,65,0,Fashion,Books
7422,23,1,Movies,Books
7423,56,0,Books,Electronics
7424,39,0,Electronics,Education
7425,37,0,Fashion,Music
7426,22,1,Music,Electronics
7427,43,0,Music,Education
7428,58,0,Music,Books
7429,51,0,Sports,Books
7430,48,1,Movies,Books
7431,60,1,Gaming,Fashion
7432,32,0,Sports,Books
7433,65,0,Music,Electronics
7434,60,0,Fashion,Movies
7435,40,1,Books,Education
7436,19,0,Gaming,Electronics
7437,57,1,Education,Gaming
7438,33,1,Sports,Movies
7439,46,0,Electronics,Movies
7440,23,0,Education,Sports
7441,19,0,Sports,Books
7442,28,0,Gaming,Movies
7443,67,0,Books,Electronics
7444,41,1,Fashion,Music
7445,32,0,Books,Fashion
7446,55,0,Sports,Electronics
7447,61,1,Education,Music
7448,47,0,Music,Gaming
7449,19,0,Music,Sports
7450,49,0,Sports,Books
7451,49,1,Books,Education
7452,31,1,Music,Sports
7453,49,1,Movies,Music
7454,34,1,Books,Movies
7455,27,0,Electronics,Books
7456,64,0,Gaming,Education
7457,20,0,Gaming,Sports
7458,27,1,Books,Sports
7459,63,0,Music,Fashion
7460,28,0,Books,Movies
7461,53,0,Movies,Books
7462,55,0,Books,Gaming
7463,39,1,Gaming,Sports
7464,19,0,Electronics,Sports
7465,68,1,Music,Electronics
7466,35,0,Fashion,Education
7467,20,1,Sports,Books
7468,55,0,Electronics,Fashion
7469,23,0,Fashion,Books
7470,39,0,Education,Gaming
7471,68,0,Electronics,Books
7472,40,1,Sports,Education
7473,41,0,Movies,Fashion
7474,57,0,Gaming,Education
7475,57,0,Fashion,Movies
7476,34,0,Fashion,Books
7477,67,0,Fashion,Gaming
7478,52,0,Fashion,Sports
7479,36,0,Books,Education
7480,27,0,Fashion,Electronics
7481,62,0,Education,Books
7482,23,1,Movies,Sports
7483,59,1,Music,Education
7484,35,1,Movies,Music
7485,22,0,Music,Electronics
7486,27,1,Electronics,Sports
7487,43,0,Electronics,Movies
7488,38,0,Electronics,Gaming
7489,35,1,Fashion,Movies
7490,25,0,Electronics,Music
7491,32,1,Gaming,Education
7492,53,1,Fashion,Books
7493,68,0,Books,Electronics
7494,18,1,Music,Books
7495,64,1,Books,Movies
7496,47,1,Books,Electronics
7497,67,0,Education,Sports
7498,25,1,Gaming,Education
7499,31,1,Education,Books
7500,69,0,Electronics,Sports
7501,23,1,Education,Sports
7502,50,1,Movies,Books
7503,41,0,Music,Gaming
7504,69,0,Music,Movies
7505,54,0,Books,Movies
7506,41,0,Education,Music
7507,51,0,Sports,Books
7508,27,0,Sports,Music
7509,50,0,Fashion,Education
7510,60,0,Fashion,Books
7511,45,0,Books,Gaming
7512,18,0,Books,Gaming
7513,26,0,Gaming,Fashion
7514,27,0,Books,Fashion
7515,38,0,Sports,Fashion
7516,20,0,Fashion,Gaming
7517,66,1,Movies,Fashion
7518,26,0,Education,Music
7519,66,0,Movies,Education
7520,24,0,Fashion,Sports
7521,56,1,Gaming,Fashion
7522,25,0,Fashion,Music
7523,32,0,Electronics,Gaming
7524,64,0,Gaming,Music
7525,67,0,Electronics,Education
7526,67,0,Sports,Books
7527,20,0,Electronics,Fashion
7528,63,0,Electronics,Education
7529,30,0,Sports,Books
7530,22,0,Gaming,Fashion
7531,55,0,Electronics,Music
7532,55,0,Education,Sports
7533,65,1,Music,Books
7534,30,0,Gaming,Sports
7535,43,0,Sports,Movies
7536,18,0,Movies,Music
7537,21,1,Education,Electronics
7538,39,0,Movies,Gaming
7539,54,0,Music,Fashion
7540,36,1,Fashion,Sports
7541,40,0,Music,Education
7542,69,0,Education,Gaming
7543,22,0,Education,Music
7544,23,1,Books,Gaming
7545,66,1,Music,Education
7546,21,0,Movies,Electronics
7547,54,0,Music,Sports
7548,62,0,Electronics,Music
7549,25,0,Fashion,Electronics
7550,62,0,Sports,Movies
7551,45,1,Books,Electronics
7552,34,0,Movies,Books
7553,62,1,Music,Fashion
7554,49,1,Education,Sports
7555,66,0,Books,Education
7556,47,0,Fashion,Movies
7557,68,1,Sports,Books
7558,26,0,Sports,Education
7559,63,0,Electronics,Fashion
7560,64,0,Music,Movies
7561,47,0,Fashion,Music
7562,32,0,Electronics,Education
7563,35,0,Music,Movies
7564,20,0,Sports,Gaming
7565,65,0,Fashion,Sports
7566,66,0,Fashion,Electronics
7567,42,0,Fashion,Gaming
7568,29,0,Sports,Education
7569,68,0,Fashion,Music
7570,42,0,Gaming,Education
7571,21,1,Sports,Fashion
7572,55,0,Electronics,Movies
7573,19,1,Movies,Sports
7574,27,1,Gaming,Sports
7575,33,1,Education,Fashion
7576,42,0,Fashion,Gaming
7577,46,0,Movies,Electronics
7578,23,0,Books,Sports
7579,56,0,Movies,Books
7580,57,1,Books,Electronics
7581,20,1,Gaming,Books
7582,56,0,Fashion,Movies
7583,47,1,Fashion,Education
7584,65,0,Sports,Movies
7585,63,1,Fashion,Gaming
7586,61,1,Gaming,Sports
7587,34,0,Sports,Books
7588,27,0,Music,Electronics
7589,69,1,Sports,Fashion
7590,29,0,Fashion,Movies
7591,27,0,Books,Gaming
7592,19,0,Fashion,Books
7593,39,1,Education,Books
7594,43,1,Movies,Education
7595,48,1,Music,Electronics
7596,60,0,Books,Music
7597,31,1,Movies,Music
7598,41,0,Books,Education
7599,40,0,Education,Books
7600,19,1,Education,Fashion
7601,53,0,Books,Music
7602,45,0,Education,Books
7603,21,0,Books,Education
7604,23,0,Music,Fashion
7605,63,0,Electronics,Movies
7606,60,0,Movies,Electronics
7607,49,0,Education,Sports
7608,20,1,Fashion,Gaming
7609,32,0,Education,Gaming
7610,35,0,Movies,Books
7611,29,0,Books,Electronics
7612,41,0,Music,Books
7613,47,0,Education,Gaming
7614,55,1,Gaming,Sports
7615,51,1,Electronics,Gaming
7616,58,0,Books,Education
7617,22,1,Movies,Education
7618,25,1,Movies,Fashion
7619,24,0,Music,Sports
7620,47,0,Movies,Fashion
7621,33,0,Books,Electronics
7622,20,0,Books,Gaming
7623,27,0,Education,Books
7624,32,1,Education,Books
7625,25,1,Gaming,Music
7626,19,0,Movies,Electronics
7627,40,0,Education,Movies
7628,21,0,Gaming,Movies
7629,36,0,Gaming,Electronics
7630,35,0,Books,Music
7631,46,0,Books,Music
7632,69,0,Books,Electronics
7633,61,0,Sports,Fashion
7634,68,0,Gaming,Education
7635,56,0,Gaming,Music
7636,36,0,Electronics,Sports
7637,41,0,Education,Gaming
7638,36,1,Education,Movies
7639,67,1,Electronics,Movies
7640,49,0,Gaming,Music
7641,54,0,Electronics,Fashion
7642,26,1,Fashion,Electronics
7643,28,1,Music,Electronics
7644,59,1,Movies,Sports
7645,48,0,Electronics,Gaming
7646,36,0,Education,Gaming
7647,27,0,Movies,Fashion
7648,25,1,Music,Fashion
7649,28,0,Sports,Fashion
7650,37,0,Education,Gaming
7651,25,0,Electronics,Sports
7652,51,1,Education,Music
7653,58,0,Movies,Education
7654,57,1,Fashion,Books
7655,22,0,Music,Gaming
7656,38,0,Gaming,Education
7657,65,1,Music,Education
7658,48,1,Fashion,Education
7659,69,1,Education,Gaming
7660,50,0,Books,Sports
7661,64,0,Music,Movies
7662,59,0,Sports,Fashion
7663,32,0,Movies,Electronics
7664,41,0,Books,Gaming
7665,45,1,Gaming,Fashion
7666,45,1,Education,Music
7667,65,0,Fashion,Education
7668,43,1,Gaming,Books
7669,66,0,Movies,Education
7670,29,0,Education,Fashion
7671,29,0,Music,Education
7672,34,0,Education,Fashion
7673,31,0,Fashion,Books
7674,34,0,Music,Electronics
7675,18,0,Books,Fashion
7676,67,1,Movies,Music
7677,36,0,Movies,Education
7678,22,0,Fashion,Movies
7679,56,1,Books,Fashion
7680,29,0,Books,Electronics
7681,29,0,Gaming,Education
7682,29,0,Movies,Books
7683,68,0,Music,Movies
7684,51,0,Music,Sports
7685,66,0,Fashion,Movies
7686,46,0,Books,Education
7687,42,0,Movies,Music
7688,55,1,Books,Sports
7689,54,0,Sports,Movies
7690,40,0,Electronics,Fashion
7691,28,0,Fashion,Gaming
7692,24,0,Movies,Electronics
7693,37,0,Education,Books
7694,42,0,Sports,Books
7695,65,0,Sports,Movies
7696,61,0,Sports,Books
7697,67,0,Electronics,Sports
7698,54,1,Sports,Electronics
7699,21,1,Education,Gaming
7700,34,0,Education,Sports
7701,58,0,Sports,Movies
7702,18,1,Fashion,Education
7703,54,0,Gaming,Music
7704,67,0,Gaming,Music
7705,53,1,Movies,Gaming
7706,39,0,Music,Education
7707,67,0,Movies,Sports
7708,37,0,Music,Fashion
7709,50,0,Sports,Fashion
7710,67,1,Music,Electronics
7711,46,0,Fashion,Sports
7712,22,1,Sports,Education
7713,48,1,Fashion,Electronics
7714,24,0,Education,Movies
7715,18,0,Music,Electronics
7716,53,1,Sports,Gaming
7717,40,1,Music,Gaming
7718,46,1,Sports,Movies
7719,58,0,Movies,Music
7720,21,0,Electronics,Movies
7721,32,0,Education,Sports
7722,25,0,Gaming,Electronics
7723,67,0,Fashion,Electronics
7724,35,0,Education,Movies
7725,53,0,Electronics,Sports
7726,20,0,Education,Gaming
7727,19,0,Fashion,Electronics
7728,22,0,Music,Electronics
7729,37,0,Movies,Music
7730,51,0,Movies,Gaming
7731,37,1,Electronics,Gaming
7732,37,0,Education,Sports
7733,31,1,Fashion,Movies
7734,61,1,Sports,Gaming
7735,56,0,Education,Fashion
7736,22,0,Movies,Fashion
7737,33,1,Sports,Music
7738,64,0,Gaming,Books
7739,55,0,Music,Education
7740,68,0,Electronics,Music
7741,68,1,Electronics,Gaming
7742,56,1,Music,Movies
7743,40,0,Books,Education
7744,67,1,Books,Music
7745,21,1,Books,Music
7746,64,0,Gaming,Music
7747,22,0,Fashion,Gaming
7748,62,0,Sports,Books
7749,48,1,Fashion,Education
7750,38,0,Fashion,Electronics
7751,58,0,Education,Music
7752,58,0,Books,Sports
7753,44,0,Books,Electronics
7754,30,0,Gaming,Movies
7755,62,0,Gaming,Education
7756,62,0,Gaming,Sports
7757,37,1,Education,Books
7758,22,0,Music,Books
7759,49,0,Books,Sports
7760,43,0,Music,Books
7761,46,0,Gaming,Fashion
7762,30,0,Education,Electronics
7763,37,1,Fashion,Sports
7764,26,0,Gaming,Books
7765,37,0,Sports,Fashion
7766,59,0,Books,Sports
7767,58,1,Education,Gaming
7768,44,0,Books,Music
7769,51,0,Movies,Electronics
7770,40,0,Electronics,Music
7771,20,1,Electronics,Gaming
7772,31,1,Music,Electronics
7773,22,1,Fashion,Electronics
7774,55,0,Electronics,Books
7775,66,0,Music,Sports
7776,25,0,Movies,Electronics
7777,48,0,Music,Education
7778,28,0,Books,Fashion
7779,44,0,Sports,Gaming
7780,43,0,Education,Books
7781,54,0,Sports,Fashion
7782,45,1,Books,Education
7783,20,0,Fashion,Music
7784,22,0,Music,Movies
7785,20,1,Fashion,Movies
7786,60,0,Fashion,Music
7787,68,0,Fashion,Education
7788,43,0,Education,Electronics
7789,35,0,Electronics,Music
7790,65,0,Books,Education
7791,33,0,Movies,Fashion
7792,50,0,Books,Sports
7793,20,0,Fashion,Music
7794,53,0,Fashion,Electronics
7795,26,0,Education,Books
7796,34,0,Fashion,Music
7797,37,1,Music,Sports
7798,69,0,Gaming,Education
7799,20,0,Education,Electronics
7800,25,1,Books,Sports
7801,27,1,Sports,Fashion
7802,57,0,Fashion,Books
7803,69,0,Education,Books
7804,41,0,Gaming,Electronics
7805,61,0,Music,Electronics
7806,26,1,Education,Gaming
7807,52,0,Books,Education
7808,53,0,Books,Gaming
7809,26,0,Music,Movies
7810,22,0,Gaming,Education
7811,55,0,Sports,Fashion
7812,59,0,Music,Books
7813,30,0,Education,Gaming
7814,60,1,Sports,Fashion
7815,47,0,Gaming,Sports
7816,42,1,Gaming,Sports
7817,56,1,Books,Movies
7818,26,0,Electronics,Movies
7819,19,0,Books,Sports
7820,49,1,Education,Movies
7821,66,0,Gaming,Fashion
7822,38,0,Education,Gaming
7823,35,0,Movies,Education
7824,57,0,Electronics,Music
7825,61,0,Electronics,Fashion
7826,50,1,Books,Sports
7827,35,0,Fashion,Gaming
7828,68,1,Music,Gaming
7829,48,0,Electronics,Music
7830,69,0,Electronics,Books
7831,20,0,Movies,Sports
7832,25,0,Sports,Fashion
7833,60,0,Electronics,Education
7834,37,0,Gaming,Music
7835,60,1,Fashion,Music
7836,59,0,Music,Gaming
7837,48,0,Electronics,Fashion
7838,55,0,Books,Movies
7839,21,0,Fashion,Books
7840,29,1,Music,Electronics
7841,63,1,Sports,Movies
7842,63,1,Sports,Music
7843,65,0,Electronics,Books
7844,32,0,Gaming,Books
7845,64,0,Books,Sports
7846,39,0,Electronics,Fashion
7847,39,1,Music,Books
7848,32,0,Gaming,Education
7849,68,0,Sports,Fashion
7850,59,0,Gaming,Electronics
7851,26,1,Fashion,Books
7852,26,0,Sports,Music
7853,62,1,Movies,Sports
7854,45,0,Movies,Books
7855,33,0,Movies,Sports
7856,25,0,Electronics,Movies
7857,35,1,Gaming,Sports
7858,60,0,Movies,Education
7859,57,0,Sports,Education
7860,45,0,Education,Fashion
7861,23,0,Electronics,Gaming
7862,24,0,Gaming,Electronics
7863,48,0,Education,Books
7864,34,1,Sports,Electronics
7865,46,1,Books,Electronics
7866,32,0,Fashion,Education
7867,29,0,Education,Electronics
7868,58,0,Fashion,Music
7869,61,1,Music,Books
7870,48,1,Movies,Gaming
7871,20,0,Gaming,Fashion
7872,34,0,Movies,Fashion
7873,19,0,Movies,Electronics
7874,41,0,Books,Movies
7875,49,0,Sports,Electronics
7876,58,0,Education,Books
7877,68,0,Fashion,Music
7878,38,1,Electronics,Movies
7879,60,0,Education,Electronics
7880,24,0,Books,Fashion
7881,50,0,Electronics,Education
7882,34,0,Gaming,Books
7883,47,0,Books,Education
7884,63,0,Books,Fashion
7885,21,0,Gaming,Movies
7886,48,1,Music,Sports
7887,50,0,Fashion,Movies
7888,22,0,Electronics,Gaming
7889,34,0,Sports,Education
7890,31,1,Sports,Gaming
7891,25,0,Music,Electronics
7892,18,0,Electronics,Fashion
7893,68,0,Music,Education
7894,22,0,Movies,Books
7895,69,0,Music,Sports
7896,29,0,Sports,Gaming
7897,24,0,Electronics,Movies
7898,51,1,Gaming,Books
7899,34,0,Movies,Music
7900,46,1,Books,Fashion
7901,60,0,Fashion,Gaming
7902,67,0,Sports,Fashion
7903,22,0,Education,Electronics
7904,38,0,Education,Electronics
7905,64,0,Sports,Music
7906,40,0,Movies,Music
7907,38,0,Fashion,Books
7908,34,0,Music,Electronics
7909,31,0,Books,Gaming
7910,67,0,Books,Movies
7911,23,1,Electronics,Music
7912,23,1,Fashion,Gaming
7913,22,0,Music,Fashion
7914,30,1,Electronics,Fashion
7915,18,0,Books,Gaming
7916,44,0,Sports,Electronics
7917,20,0,Gaming,Electronics
7918,50,0,Electronics,Education
7919,62,1,Gaming,Education
7920,40,0,Books,Education
7921,46,0,Sports,Education
7922,44,0,Electronics,Music
7923,57,0,Books,Electronics
7924,40,0,Education,Movies
7925,34,0,Gaming,Fashion
7926,20,0,Gaming,Sports
7927,22,1,Sports,Gaming
7928,69,0,Education,Movies
7929,27,0,Movies,Fashion
7930,40,0,Education,Sports
7931,63,0,Fashion,Movies
7932,58,1,Music,Books
7933,63,1,Fashion,Sports
7934,67,1,Fashion,Movies
7935,21,0,Movies,Books
7936,40,1,Music,Gaming
7937,36,0,Electronics,Movies
7938,48,0,Movies,Books
7939,69,0,Electronics,Movies
7940,20,0,Gaming,Music
7941,44,0,Sports,Movies
7942,27,0,Fashion,Education
7943,36,0,Music,Books
7944,32,1,Gaming,Sports
7945,25,0,Gaming,Sports
7946,18,0,Education,Sports
7947,48,0,Gaming,Sports
7948,65,0,Music,Fashion
7949,64,0,Music,Gaming
7950,66,0,Gaming,Books
7951,23,0,Sports,Books
7952,32,0,Sports,Gaming
7953,47,0,Sports,Music
7954,35,0,Sports,Education
7955,43,0,Music,Sports
7956,57,1,Gaming,Fashion
7957,25,0,Movies,Books
7958,60,0,Gaming,Books
7959,48,0,Education,Electronics
7960,63,0,Education,Fashion
7961,50,0,Gaming,Electronics
7962,45,1,Sports,Books
7963,48,0,Music,Movies
7964,37,0,Fashion,Gaming
7965,32,0,Gaming,Movies
7966,33,1,Gaming,Books
7967,51,1,Education,Electronics
7968,32,0,Sports,Movies
7969,19,0,Fashion,Sports
7970,27,0,Fashion,Gaming
7971,19,1,Gaming,Movies
7972,36,0,Sports,Books
7973,66,0,Gaming,Fashion
7974,45,1,Education,Books
7975,45,0,Fashion,Education
7976,69,0,Education,Fashion
7977,20,1,Electronics,Gaming
7978,27,0,Books,Education
7979,32,0,Books,Electronics
7980,32,0,Electronics,Books
7981,26,1,Electronics,Sports
7982,22,1,Books,Sports
7983,59,1,Music,Books
7984,25,1,Fashion,Books
7985,42,0,Movies,Education
7986,26,1,Books,Sports
7987,27,1,Music,Movies
7988,43,0,Education,Sports
7989,48,0,Music,Gaming
7990,55,1,Fashion,Sports
7991,46,1,Movies,Electronics
7992,22,0,Fashion,Books
7993,19,0,Fashion,Movies
7994,61,0,Books,Music
7995,36,0,Gaming,Books
7996,64,0,Education,Music
7997,41,0,Movies,Gaming
7998,63,1,Sports,Electronics
7999,48,0,Fashion,Movies
8000,45,1,Books,Education
8001,22,0,Electronics,Fashion
8002,59,0,Gaming,Sports
8003,55,0,Gaming,Sports
8004,64,1,Fashion,Education
8005,42,1,Electronics,Music
8006,32,0,Music,Sports
8007,68,0,Fashion,Movies
8008,62,1,Electronics,Movies
8009,30,0,Music,Fashion
8010,55,0,Books,Sports
8011,61,0,Books,Fashion
8012,24,1,Fashion,Music
8013,66,1,Movies,Gaming
8014,69,0,Gaming,Books
8015,32,0,Books,Education
8016,57,0,Sports,Gaming
8017,54,0,Music,Fashion
8018,63,0,Books,Sports
8019,40,0,Education,Electronics
8020,20,1,Gaming,Books
8021,56,0,Music,Education
8022,18,0,Movies,Books
8023,46,1,Movies,Music
8024,45,0,Electronics,Movies
8025,49,1,Music,Books
8026,18,0,Electronics,Gaming
8027,21,0,Sports,Gaming
8028,47,1,Movies,Fashion
8029,36,0,Education,Sports
8030,57,1,Music,Electronics
8031,32,1,Movies,Gaming
8032,69,1,Education,Music
8033,32,0,Books,Sports
8034,52,1,Electronics,Fashion
8035,44,1,Electronics,Gaming
8036,31,0,Electronics,Sports
8037,69,1,Gaming,Books
8038,36,0,Education,Sports
8039,21,1,Gaming,Electronics
8040,49,0,Movies,Gaming
8041,33,0,Gaming,Fashion
8042,69,1,Music,Education
8043,39,1,Gaming,Sports
8044,28,0,Music,Books
8045,65,0,Music,Gaming
8046,32,0,Movies,Music
8047,20,1,Sports,Movies
8048,30,0,Movies,Fashion
8049,58,0,Books,Movies
8050,36,1,Books,Education
8051,39,0,Music,Education
8052,54,0,Books,Electronics
8053,27,1,Fashion,Education
8054,56,0,Books,Fashion
8055,35,0,Books,Fashion
8056,61,0,Music,Electronics
8057,51,0,Fashion,Music
8058,27,0,Sports,Education
8059,55,0,Books,Education
8060,26,0,Books,Electronics
8061,34,1,Electronics,Gaming
8062,54,0,Music,Education
8063,50,0,Books,Fashion
8064,28,0,Education,Music
8065,47,1,Music,Education
8066,22,1,Books,Music
8067,18,0,Books,Electronics
8068,35,0,Fashion,Books
8069,63,0,Books,Fashion
8070,57,1,Books,Gaming
8071,39,0,Books,Electronics
8072,61,1,Gaming,Education
8073,56,0,Sports,Books
8074,38,0,Electronics,Gaming
8075,65,0,Books,Movies
8076,30,0,Music,Gaming
8077,58,0,Sports,Movies
8078,35,1,Sports,Gaming
8079,23,0,Education,Movies
8080,45,0,Fashion,Movies
8081,38,0,Movies,Gaming
8082,66,0,Electronics,Movies
8083,67,1,Fashion,Music
8084,48,1,Electronics,Books
8085,19,0,Fashion,Books
8086,47,0,Movies,Books
8087,24,0,Sports,Gaming
8088,36,1,Books,Gaming
8089,32,0,Books,Fashion
8090,31,0,Fashion,Education
8091,46,1,Music,Education
8092,23,0,Sports,Books
8093,45,0,Gaming,Music
8094,37,0,Movies,Music
8095,52,1,Gaming,Movies
8096,19,0,Movies,Books
8097,57,1,Gaming,Fashion
8098,46,0,Music,Gaming
8099,21,0,Sports,Music
8100,37,0,Electronics,Gaming
8101,32,0,Movies,Fashion
8102,59,1,Fashion,Electronics
8103,55,1,Electronics,Books
8104,24,1,Education,Fashion
8105,66,0,Electronics,Music
8106,46,0,Gaming,Electronics
8107,63,0,Education,Electronics
8108,65,1,Books,Sports
8109,53,0,Music,Gaming
8110,53,0,Books,Music
8111,40,0,Movies,Gaming
8112,24,0,Music,Sports
8113,19,1,Music,Gaming
8114,64,0,Education,Fashion
8115,56,0,Education,Fashion
8116,32,0,Education,Fashion
8117,40,1,Sports,Books
8118,38,0,Fashion,Electronics
8119,43,0,Music,Sports
8120,51,0,Education,Sports
8121,48,1,Music,Education
8122,21,1,Gaming,Sports
8123,62,1,Education,Sports
8124,60,0,Fashion,Books
8125,56,0,Gaming,Sports
8126,23,0,Electronics,Education
8127,44,0,Fashion,Education
8128,51,1,Music,Sports
8129,40,0,Fashion,Movies
8130,41,0,Music,Electronics
8131,21,0,Gaming,Education
8132,34,0,Fashion,Books
8133,27,0,Fashion,Books
8134,44,0,Books,Electronics
8135,23,1,Gaming,Sports
8136,21,1,Fashion,Sports
8137,57,0,Music,Books
8138,66,0,Electronics,Movies
8139,62,0,Gaming,Books
8140,48,0,Movies,Education
8141,59,0,Movies,Books
8142,47,0,Sports,Movies
8143,30,0,Education,Sports
8144,41,1,Gaming,Education
8145,46,1,Fashion,Movies
8146,22,0,Electronics,Sports
8147,30,1,Books,Electronics
8148,31,0,Music,Gaming
8149,39,0,Education,Movies
8150,57,0,Movies,Books
8151,22,1,Sports,Music
8152,39,0,Education,Gaming
8153,45,1,Sports,Movies
8154,64,0,Education,Electronics
8155,28,0,Movies,Gaming
8156,64,0,Fashion,Sports
8157,23,0,Movies,Gaming
8158,33,1,Gaming,Movies
8159,51,0,Books,Music
8160,20,0,Fashion,Music
8161,66,0,Movies,Fashion
8162,18,0,Music,Education
8163,64,1,Fashion,Sports
8164,69,0,Education,Electronics
8165,60,0,Electronics,Movies
8166,30,0,Music,Sports
8167,44,0,Sports,Books
8168,58,0,Music,Gaming
8169,27,0,Sports,Education
8170,51,0,Music,Gaming
8171,58,0,Education,Gaming
8172,19,1,Movies,Music
8173,33,0,Music,Movies
8174,25,0,Music,Gaming
8175,67,1,Sports,Books
8176,45,0,Music,Education
8177,50,0,Sports,Gaming
8178,20,0,Sports,Education
8179,35,0,Sports,Movies
8180,23,0,Education,Electronics
8181,59,1,Music,Movies
8182,26,0,Books,Movies
8183,51,1,Fashion,Music
8184,66,0,Music,Electronics
8185,53,1,Education,Sports
8186,48,1,Movies,Electronics
8187,36,0,Education,Sports
8188,34,0,Sports,Education
8189,22,0,Movies,Gaming
8190,65,0,Fashion,Sports
8191,44,0,Electronics,Movies
8192,25,0,Sports,Books
8193,49,0,Electronics,Sports
8194,35,0,Music,Education
8195,29,1,Education,Movies
8196,55,1,Fashion,Education
8197,48,0,Movies,Fashion
8198,25,0,Education,Fashion
8199,68,0,Sports,Education
8200,21,0,Sports,Music
8201,20,0,Books,Sports
8202,60,1,Electronics,Gaming
8203,29,1,Sports,Music
8204,47,0,Movies,Books
8205,41,1,Gaming,Sports
8206,64,0,Electronics,Sports
8207,43,1,Movies,Books
8208,28,0,Fashion,Sports
8209,53,0,Electronics,Books
8210,46,0,Gaming,Electronics
8211,30,0,Music,Sports
8212,37,0,Fashion,Movies
8213,31,1,Gaming,Movies
8214,25,1,Fashion,Music
8215,41,0,Education,Gaming
8216,18,0,Music,Electronics
8217,67,1,Movies,Sports
8218,20,0,Movies,Books
8219,43,0,Education,Fashion
8220,58,0,Fashion,Music
8221,66,0,Fashion,Sports
8222,33,0,Electronics,Books
8223,27,0,Electronics,Education
8224,55,0,Music,Movies
8225,65,0,Education,Fashion
8226,63,1,Fashion,Sports
8227,47,1,Gaming,Movies
8228,60,0,Electronics,Gaming
8229,38,0,Gaming,Music
8230,38,0,Music,Sports
8231,21,0,Fashion,Sports
8232,43,0,Electronics,Gaming
8233,19,0,Movies,Fashion
8234,62,1,Electronics,Music
8235,65,0,Electronics,Gaming
8236,58,0,Fashion,Movies
8237,43,0,Books,Electronics
8238,53,0,Fashion,Books
8239,55,0,Books,Music
8240,58,0,Fashion,Gaming
8241,57,1,Sports,Electronics
8242,32,0,Music,Fashion
8243,36,0,Music,Electronics
8244,34,0,Gaming,Fashion
8245,46,1,Books,Movies
8246,65,0,Gaming,Movies
8247,59,0,Electronics,Music
8248,51,1,Gaming,Music
8249,55,0,Gaming,Music
8250,26,0,Fashion,Music
8251,57,0,Books,Education
8252,36,0,Sports,Movies
8253,66,0,Fashion,Electronics
8254,35,0,Movies,Books
8255,19,0,Sports,Electronics
8256,69,0,Electronics,Books
8257,32,1,Sports,Movies
8258,37,0,Electronics,Books
8259,35,1,Sports,Education
8260,49,0,Sports,Books
8261,43,0,Fashion,Music
8262,45,1,Music,Fashion
8263,37,0,Gaming,Education
8264,30,0,Gaming,Electronics
8265,65,1,Movies,Sports
8266,57,0,Electronics,Gaming
8267,46,0,Gaming,Movies
8268,19,0,Books,Electronics
8269,35,1,Sports,Music
8270,32,1,Electronics,Fashion
8271,40,1,Sports,Music
8272,46,1,Education,Electronics
8273,66,0,Music,Gaming
8274,35,0,Books,Music
8275,27,0,Music,Movies
8276,61,0,Fashion,Movies
8277,30,0,Sports,Books
8278,65,1,Electronics,Gaming
8279,19,0,Movies,Fashion
8280,40,0,Music,Movies
8281,50,1,Gaming,Books
8282,29,0,Sports,Education
8283,27,1,Movies,Fashion
8284,57,0,Sports,Fashion
8285,27,0,Movies,Sports
8286,48,0,Books,Gaming
8287,21,0,Movies,Sports
8288,18,0,Electronics,Movies
8289,51,0,Gaming,Books
8290,56,1,Fashion,Electronics
8291,68,1,Electronics,Movies
8292,38,0,Books,Gaming
8293,53,0,Sports,Books
8294,18,0,Movies,Education
8295,54,0,Sports,Music
8296,22,1,Movies,Fashion
8297,68,0,Education,Electronics
8298,30,0,Sports,Music
8299,19,0,Movies,Books
8300,44,0,Electronics,Sports
8301,27,0,Electronics,Fashion
8302,19,0,Fashion,Education
8303,63,0,Music,Books
8304,39,0,Education,Music
8305,32,0,Gaming,Music
8306,38,0,Music,Sports
8307,63,1,Gaming,Movies
8308,44,0,Fashion,Movies
8309,39,1,Education,Movies
8310,26,0,Movies,Education
8311,35,1,Sports,Electronics
8312,44,0,Books,Electronics
8313,49,1,Electronics,Music
8314,56,0,Electronics,Education
8315,31,0,Electronics,Sports
8316,43,0,Electronics,Sports
8317,49,0,Education,Sports
8318,56,0,Fashion,Electronics
8319,30,0,Electronics,Sports
8320,56,1,Sports,Gaming
8321,28,0,Sports,Movies
8322,37,0,Music,Electronics
8323,25,1,Movies,Sports
8324,22,0,Electronics,Sports
8325,64,1,Electronics,Books
8326,64,0,Movies,Books
8327,35,0,Movies,Sports
8328,33,0,Sports,Electronics
8329,51,0,Electronics,Movies
8330,63,0,Fashion,Electronics
8331,48,0,Books,Electronics
8332,56,0,Sports,Movies
8333,18,0,Movies,Fashion
8334,42,1,Electronics,Gaming
8335,35,0,Education,Electronics
8336,20,1,Fashion,Books
8337,48,0,Books,Movies
8338,67,1,Gaming,Electronics
8339,20,1,Electronics,Movies
8340,61,0,Gaming,Education
8341,63,0,Education,Sports
8342,36,1,Fashion,Electronics
8343,63,0,Electronics,Gaming
8344,58,0,Books,Education
8345,26,0,Movies,Gaming
8346,66,1,Movies,Gaming
8347,35,1,Education,Books
8348,32,1,Movies,Electronics
8349,19,0,Movies,Education
8350,58,0,Sports,Books
8351,21,0,Education,Gaming
8352,63,1,Electronics,Gaming
8353,51,1,Electronics,Education
8354,56,0,Gaming,Movies
8355,35,1,Education,Gaming
8356,44,1,Sports,Gaming
8357,38,0,Electronics,Sports
8358,42,0,Music,Electronics
8359,51,1,Music,Sports
8360,58,0,Education,Movies
8361,21,0,Fashion,Sports
8362,68,1,Music,Gaming
8363,65,1,Fashion,Sports
8364,26,1,Music,Sports
8365,68,1,Fashion,Music
8366,36,0,Gaming,Fashion
8367,36,0,Education,Fashion
8368,30,0,Movies,Books
8369,42,0,Education,Music
8370,59,1,Gaming,Fashion
8371,47,0,Gaming,Electronics
8372,35,0,Movies,Books
8373,38,1,Music,Fashion
8374,67,0,Education,Sports
8375,23,1,Fashion,Electronics
8376,19,1,Music,Movies
8377,47,1,Fashion,Music
8378,69,0,Music,Movies
8379,40,1,Fashion,Education
8380,63,0,Fashion,Education
8381,54,0,Sports,Education
8382,35,1,Gaming,Electronics
8383,39,1,Gaming,Electronics
8384,54,0,Electronics,Music
8385,62,0,Books,Music
8386,45,0,Electronics,Sports
8387,37,0,Fashion,Gaming
8388,31,0,Sports,Gaming
8389,43,0,Music,Sports
8390,24,1,Books,Sports
8391,24,0,Music,Movies
8392,37,1,Gaming,Movies
8393,61,0,Gaming,Books
8394,68,0,Music,Gaming
8395,68,0,Gaming,Music
8396,40,0,Books,Fashion
8397,29,0,Education,Books
8398,20,1,Sports,Gaming
8399,55,0,Electronics,Education
8400,41,1,Books,Movies
8401,63,0,Fashion,Electronics
8402,35,1,Movies,Books
8403,19,0,Gaming,Fashion
8404,51,1,Sports,Music
8405,65,0,Books,Education
8406,40,1,Sports,Electronics
8407,20,0,Electronics,Books
8408,47,0,Movies,Electronics
8409,18,0,Sports,Books
8410,23,0,Books,Electronics
8411,21,0,Movies,Sports
8412,27,1,Books,Movies
8413,55,0,Music,Gaming
8414,25,0,Gaming,Electronics
8415,34,0,Movies,Fashion
8416,50,0,Gaming,Fashion
8417,48,0,Sports,Fashion
8418,19,0,Gaming,Movies
8419,33,0,Education,Music
8420,68,0,Electronics,Gaming
8421,38,1,Education,Electronics
8422,29,1,Education,Fashion
8423,57,0,Music,Electronics
8424,69,0,Movies,Gaming
8425,58,0,Education,Gaming
8426,59,1,Gaming,Education
8427,39,1,Books,Movies
8428,24,0,Music,Gaming
8429,43,0,Education,Electronics
8430,57,1,Gaming,Electronics
8431,64,0,Education,Gaming
8432,26,0,Books,Movies
8433,38,1,Movies,Music
8434,64,0,Books,Electronics
8435,37,0,Sports,Gaming
8436,33,0,Books,Movies
8437,43,0,Gaming,Music
8438,28,0,Music,Books
8439,32,0,Education,Electronics
8440,32,0,Music,Fashion
8441,51,0,Education,Books
8442,19,0,Gaming,Electronics
8443,36,0,Electronics,Gaming
8444,31,1,Fashion,Music
8445,65,0,Electronics,Music
8446,27,0,Education,Electronics
8447,65,0,Fashion,Movies
8448,53,0,Movies,Gaming
8449,46,0,Gaming,Education
8450,40,0,Electronics,Sports
8451,60,0,Books,Gaming
8452,62,0,Education,Books
8453,59,0,Education,Fashion
8454,61,0,Fashion,Electronics
8455,40,0,Movies,Music
8456,54,1,Music,Sports
8457,31,1,Books,Gaming
8458,26,0,Fashion,Education
8459,34,1,Books,Fashion
8460,39,0,Education,Sports
8461,45,1,Sports,Electronics
8462,26,1,Gaming,Education
8463,19,1,Fashion,Education
8464,51,1,Gaming,Electronics
8465,35,0,Movies,Books
8466,67,0,Sports,Fashion
8467,41,1,Education,Books
8468,64,0,Education,Gaming
8469,32,0,Books,Electronics
8470,45,0,Fashion,Books
8471,64,0,Fashion,Gaming
8472,59,0,Electronics,Movies
8473,48,1,Education,Fashion
8474,66,0,Gaming,Electronics
8475,54,0,Music,Gaming
8476,69,0,Books,Movies
8477,45,1,Education,Electronics
8478,60,0,Movies,Sports
8479,57,0,Gaming,Electronics
8480,32,0,Books,Electronics
8481,26,0,Movies,Gaming
8482,47,0,Music,Sports
8483,63,1,Gaming,Movies
8484,47,0,Sports,Books
8485,18,0,Books,Electronics
8486,25,0,Fashion,Electronics
8487,69,0,Fashion,Gaming
8488,35,0,Sports,Movies
8489,66,1,Music,Movies
8490,65,0,Movies,Sports
8491,53,1,Books,Education
8492,63,0,Fashion,Music
8493,54,1,Gaming,Electronics
8494,63,0,Electronics,Fashion
8495,41,1,Sports,Books
8496,63,1,Movies,Books
8497,52,0,Gaming,Electronics
8498,59,0,Music,Electronics
8499,21,0,Electronics,Books
8500,32,0,Movies,Music
8501,19,0,Electronics,Sports
8502,40,0,Fashion,Sports
8503,54,0,Sports,Education
8504,24,0,Education,Gaming
8505,59,0,Sports,Books
8506,61,0,Education,Sports
8507,41,0,Education,Books
8508,60,0,Books,Fashion
8509,65,0,Gaming,Movies
8510,55,0,Books,Fashion
8511,67,0,Fashion,Education
8512,67,0,Fashion,Education
8513,18,0,Books,Movies
8514,56,1,Books,Music
8515,50,0,Fashion,Books
8516,58,0,Gaming,Education
8517,42,1,Music,Books
8518,23,1,Movies,Sports
8519,57,0,Electronics,Education
8520,22,1,Gaming,Electronics
8521,62,0,Music,Education
8522,21,1,Gaming,Electronics
8523,20,1,Sports,Gaming
8524,44,0,Music,Sports
8525,30,0,Education,Movies
8526,49,0,Sports,Gaming
8527,34,0,Fashion,Movies
8528,52,0,Gaming,Music
8529,41,0,Fashion,Books
8530,67,1,Movies,Sports
8531,56,0,Books,Movies
8532,40,1,Electronics,Movies
8533,44,1,Books,Music
8534,66,0,Books,Gaming
8535,61,1,Fashion,Education
8536,19,0,Electronics,Sports
8537,32,1,Movies,Sports
8538,67,0,Movies,Sports
8539,31,1,Music,Fashion
8540,51,1,Music,Fashion
8541,42,0,Education,Movies
8542,32,0,Education,Sports
8543,26,0,Fashion,Movies
8544,31,0,Music,Electronics
8545,65,0,Education,Fashion
8546,59,0,Books,Sports
8547,65,0,Movies,Fashion
8548,33,0,Movies,Music
8549,58,0,Sports,Fashion
8550,45,0,Music,Books
8551,68,0,Sports,Fashion
8552,64,1,Movies,Books
8553,53,0,Music,Movies
8554,46,1,Gaming,Fashion
8555,38,0,Movies,Music
8556,19,0,Gaming,Music
8557,63,0,Sports,Education
8558,45,0,Fashion,Education
8559,48,0,Movies,Books
8560,58,1,Music,Gaming
8561,66,0,Music,Books
8562,40,1,Education,Movies
8563,42,1,Fashion,Electronics
8564,41,1,Movies,Gaming
8565,29,0,Sports,Books
8566,34,0,Music,Books
8567,24,0,Education,Fashion
8568,22,0,Sports,Movies
8569,38,0,Education,Music
8570,68,0,Movies,Music
8571,24,1,Education,Movies
8572,28,1,Music,Books
8573,38,0,Movies,Music
8574,58,1,Books,Sports
8575,50,0,Books,Movies
8576,51,0,Gaming,Electronics
8577,44,1,Books,Fashion
8578,22,0,Movies,Sports
8579,27,1,Education,Movies
8580,57,0,Movies,Music
8581,22,0,Gaming,Books
8582,29,0,Movies,Electronics
8583,30,1,Gaming,Music
8584,32,0,Education,Movies
8585,55,0,Books,Movies
8586,62,0,Gaming,Sports
8587,18,1,Music,Electronics
8588,60,0,Fashion,Books
8589,39,0,Books,Sports
8590,68,0,Electronics,Books
8591,45,0,Books,Sports
8592,25,0,Books,Music
8593,65,0,Movies,Books
8594,55,0,Books,Gaming
8595,37,0,Gaming,Books
8596,43,0,Electronics,Gaming
8597,44,1,Electronics,Books
8598,53,0,Books,Sports
8599,50,0,Movies,Fashion
8600,28,0,Gaming,Books
8601,35,0,Sports,Books
8602,61,0,Movies,Music
8603,67,0,Music,Education
8604,46,1,Sports,Books
8605,43,0,Electronics,Music
8606,19,0,Music,Education
8607,36,1,Sports,Books
8608,36,1,Gaming,Books
8609,44,0,Electronics,Fashion
8610,69,0,Books,Music
8611,58,1,Movies,Education
8612,21,0,Education,Electronics
8613,38,1,Books,Fashion
8614,48,0,Gaming,Books
8615,28,0,Sports,Movies
8616,32,0,Fashion,Books
8617,27,0,Sports,Fashion
8618,65,1,Books,Electronics
8619,61,1,Sports,Gaming
8620,23,0,Movies,Sports
8621,40,1,Gaming,Sports
8622,56,0,Sports,Books
8623,58,0,Books,Education
8624,68,0,Books,Movies
8625,42,0,Education,Sports
8626,35,1,Fashion,Gaming
8627,54,0,Gaming,Education
8628,28,0,Gaming,Electronics
8629,47,0,Movies,Books
8630,31,0,Education,Sports
8631,24,0,Music,Fashion
8632,24,0,Electronics,Movies
8633,33,1,Gaming,Education
8634,68,0,Education,Movies
8635,50,1,Sports,Fashion
8636,46,0,Fashion,Gaming
8637,58,1,Books,Music
8638,58,0,Gaming,Books
8639,59,0,Gaming,Books
8640,28,0,Sports,Fashion
8641,42,1,Music,Sports
8642,69,1,Movies,Books
8643,50,0,Movies,Books
8644,32,1,Gaming,Movies
8645,44,0,Education,Electronics
8646,35,0,Sports,Gaming
8647,39,1,Books,Movies
8648,21,1,Electronics,Movies
8649,68,0,Music,Fashion
8650,39,0,Gaming,Electronics
8651,60,1,Education,Sports
8652,48,0,Education,Sports
8653,41,0,Books,Movies
8654,25,0,Movies,Fashion
8655,51,0,Sports,Fashion
8656,24,0,Music,Fashion
8657,64,0,Education,Books
8658,18,0,Fashion,Books
8659,20,0,Sports,Education
8660,55,0,Electronics,Movies
8661,53,0,Music,Electronics
8662,20,0,Sports,Electronics
8663,22,0,Fashion,Electronics
8664,42,0,Electronics,Sports
8665,29,1,Books,Music
8666,20,0,Movies,Sports
8667,40,0,Fashion,Sports
8668,50,1,Fashion,Education
8669,40,0,Gaming,Fashion
8670,29,1,Fashion,Books
8671,38,1,Gaming,Fashion
8672,59,0,Fashion,Music
8673,55,0,Books,Fashion
8674,64,0,Books,Music
8675,31,0,Electronics,Music
8676,48,1,Fashion,Sports
8677,47,0,Education,Sports
8678,55,0,Fashion,Books
8679,36,0,Electronics,Education
8680,45,0,Sports,Music
8681,59,0,Books,Electronics
8682,66,0,Books,Sports
8683,45,0,Fashion,Music
8684,20,0,Books,Education
8685,36,1,Education,Movies
8686,65,0,Music,Gaming
8687,26,0,Fashion,Books
8688,63,0,Fashion,Books
8689,54,0,Electronics,Sports
8690,59,0,Fashion,Education
8691,42,1,Movies,Music
8692,26,0,Electronics,Music
8693,32,1,Electronics,Movies
8694,55,0,Fashion,Books
8695,40,0,Electronics,Movies
8696,64,0,Fashion,Education
8697,54,0,Fashion,Books
8698,50,0,Music,Movies
8699,39,1,Movies,Sports
8700,32,0,Sports,Movies
8701,42,0,Fashion,Gaming
8702,67,1,Books,Gaming
8703,67,1,Sports,Books
8704,36,0,Electronics,Books
8705,57,1,Gaming,Books
8706,67,1,Electronics,Sports
8707,58,0,Education,Movies
8708,18,0,Education,Music
8709,57,0,Gaming,Movies
8710,19,0,Gaming,Movies
8711,41,0,Education,Music
8712,64,0,Music,Education
8713,26,0,Gaming,Education
8714,36,0,Movies,Music
8715,47,0,Gaming,Books
8716,41,0,Education,Books
8717,36,0,Electronics,Fashion
8718,59,0,Books,Music
8719,55,1,Music,Education
8720,21,0,Movies,Electronics
8721,50,0,Gaming,Sports
8722,41,0,Gaming,Fashion
8723,56,1,Music,Electronics
8724,61,0,Music,Sports
8725,28,0,Sports,Education
8726,25,0,Electronics,Fashion
8727,45,0,Gaming,Education
8728,30,1,Fashion,Movies
8729,21,0,Fashion,Gaming
8730,27,1,Movies,Sports
8731,23,0,Sports,Books
8732,67,0,Electronics,Fashion
8733,60,0,Education,Fashion
8734,38,1,Education,Sports
8735,45,0,Education,Music
8736,41,0,Education,Fashion
8737,34,0,Sports,Movies
8738,62,0,Fashion,Movies
8739,28,1,Electronics,Fashion
8740,19,0,Fashion,Gaming
8741,48,0,Books,Sports
8742,54,0,Music,Electronics
8743,53,0,Music,Sports
8744,57,0,Gaming,Music
8745,42,0,Gaming,Electronics
8746,54,0,Movies,Fashion
8747,39,0,Education,Electronics
8748,34,0,Education,Electronics
8749,34,0,Music,Fashion
8750,43,0,Sports,Fashion
8751,39,0,Fashion,Electronics
8752,33,0,Books,Fashion
8753,41,0,Movies,Electronics
8754,23,1,Electronics,Music
8755,23,0,Sports,Gaming
8756,44,0,Music,Electronics
8757,55,0,Education,Sports
8758,36,0,Music,Education
8759,32,0,Education,Fashion
8760,58,1,Music,Fashion
8761,36,1,Music,Electronics
8762,41,0,Books,Movies
8763,40,1,Education,Sports
8764,26,1,Electronics,Gaming
8765,68,0,Books,Fashion
8766,36,1,Gaming,Fashion
8767,69,0,Education,Music
8768,51,0,Movies,Books
8769,35,0,Fashion,Education
8770,68,1,Sports,Electronics
8771,27,0,Gaming,Fashion
8772,22,0,Gaming,Books
8773,29,0,Electronics,Books
8774,55,1,Movies,Electronics
8775,61,0,Fashion,Books
8776,33,0,Gaming,Movies
8777,47,1,Sports,Movies
8778,24,0,Fashion,Movies
8779,69,0,Movies,Books
8780,57,1,Electronics,Books
8781,47,0,Fashion,Education
8782,56,0,Electronics,Sports
8783,52,0,Education,Gaming
8784,53,0,Books,Fashion
8785,66,0,Education,Books
8786,56,0,Education,Electronics
8787,43,0,Books,Gaming
8788,52,0,Education,Gaming
8789,29,0,Music,Movies
8790,31,0,Music,Education
8791,62,0,Education,Fashion
8792,32,0,Music,Gaming
8793,29,1,Music,Movies
8794,40,0,Fashion,Gaming
8795,31,0,Movies,Education
8796,21,0,Sports,Books
8797,68,1,Electronics,Movies
8798,35,1,Education,Fashion
8799,55,1,Music,Movies
8800,36,0,Movies,Sports
8801,60,0,Gaming,Electronics
8802,20,0,Movies,Education
8803,42,1,Movies,Electronics
8804,34,0,Fashion,Music
8805,66,1,Sports,Education
8806,31,0,Sports,Books
8807,36,0,Education,Books
8808,66,0,Books,Gaming
8809,55,0,Music,Sports
8810,38,1,Gaming,Sports
8811,44,0,Music,Fashion
8812,64,1,Books,Fashion
8813,59,1,Fashion,Music
8814,27,1,Education,Music
8815,62,0,Books,Education
8816,21,1,Music,Electronics
8817,65,1,Gaming,Sports
8818,26,1,Gaming,Books
8819,24,0,Gaming,Sports
8820,30,1,Electronics,Sports
8821,24,0,Music,Electronics
8822,61,0,Movies,Books
8823,42,0,Education,Sports
8824,29,1,Gaming,Movies
8825,57,0,Sports,Movies
8826,23,1,Gaming,Education
8827,19,1,Sports,Fashion
8828,42,0,Sports,Music
8829,40,1,Fashion,Sports
8830,53,1,Fashion,Music
8831,68,0,Music,Movies
8832,60,1,Gaming,Education
8833,30,1,Books,Electronics
8834,49,0,Books,Electronics
8835,39,1,Electronics,Fashion
8836,29,0,Gaming,Sports
8837,50,0,Books,Education
8838,31,0,Fashion,Electronics
8839,60,1,Electronics,Movies
8840,58,0,Fashion,Electronics
8841,69,0,Fashion,Sports
8842,18,0,Music,Gaming
8843,41,0,Music,Gaming
8844,41,0,Books,Electronics
8845,32,1,Fashion,Sports
8846,24,1,Music,Electronics
8847,52,0,Electronics,Music
8848,64,0,Books,Electronics
8849,43,0,Electronics,Education
8850,49,1,Sports,Education
8851,27,0,Fashion,Movies
8852,20,0,Education,Electronics
8853,44,0,Movies,Music
8854,39,0,Movies,Music
8855,19,0,Books,Education
8856,62,1,Movies,Books
8857,60,0,Books,Movies
8858,27,1,Movies,Books
8859,48,0,Books,Movies
8860,54,0,Sports,Gaming
8861,35,0,Movies,Electronics
8862,57,0,Gaming,Education
8863,37,1,Music,Gaming
8864,69,1,Fashion,Gaming
8865,41,0,Education,Gaming
8866,69,0,Education,Fashion
8867,51,0,Movies,Fashion
8868,24,1,Gaming,Sports
8869,34,0,Sports,Education
8870,41,0,Movies,Gaming
8871,48,0,Music,Books
8872,67,0,Sports,Movies
8873,18,0,Fashion,Gaming
8874,23,1,Fashion,Electronics
8875,55,1,Books,Electronics
8876,55,0,Books,Fashion
8877,32,0,Books,Movies
8878,37,1,Fashion,Books
8879,36,1,Books,Sports
8880,53,0,Music,Gaming
8881,69,1,Music,Movies
8882,53,0,Sports,Gaming
8883,53,0,Education,Sports
8884,35,0,Gaming,Electronics
8885,39,0,Movies,Gaming
8886,36,0,Sports,Movies
8887,18,0,Electronics,Sports
8888,67,0,Fashion,Movies
8889,38,0,Sports,Fashion
8890,36,1,Books,Electronics
8891,60,0,Electronics,Education
8892,53,1,Movies,Sports
8893,64,0,Fashion,Education
8894,49,1,Education,Sports
8895,48,1,Gaming,Education
8896,49,1,Music,Sports
8897,49,0,Fashion,Education
8898,54,0,Music,Gaming
8899,47,0,Gaming,Music
8900,62,1,Music,Education
8901,28,0,Fashion,Electronics
8902,54,0,Fashion,Sports
8903,66,0,Gaming,Electronics
8904,57,0,Education,Fashion
8905,64,0,Fashion,Electronics
8906,65,1,Fashion,Books
8907,28,1,Education,Fashion
8908,47,0,Sports,Gaming
8909,39,1,Fashion,Movies
8910,37,1,Electronics,Education
8911,24,0,Electronics,Gaming
8912,37,0,Music,Gaming
8913,52,0,Music,Education
8914,57,0,Music,Fashion
8915,65,0,Electronics,Books
8916,29,0,Education,Gaming
8917,34,0,Sports,Books
8918,61,0,Fashion,Sports
8919,60,0,Movies,Music
8920,42,0,Gaming,Movies
8921,63,0,Sports,Movies
8922,29,0,Electronics,Movies
8923,46,0,Movies,Music
8924,33,0,Education,Electronics
8925,65,1,Movies,Fashion
8926,43,1,Electronics,Movies
8927,68,0,Books,Movies
8928,26,0,Gaming,Sports
8929,32,0,Sports,Fashion
8930,63,0,Sports,Movies
8931,40,1,Movies,Fashion
8932,45,0,Electronics,Education
8933,55,0,Sports,Gaming
8934,30,0,Movies,Sports
8935,19,1,Movies,Electronics
8936,29,0,Sports,Electronics
8937,31,1,Sports,Education
8938,67,0,Education,Books
8939,36,0,Gaming,Electronics
8940,67,0,Gaming,Electronics
8941,21,0,Books,Education
8942,30,0,Movies,Music
8943,59,0,Gaming,Electronics
8944,54,1,Movies,Education
8945,43,0,Electronics,Movies
8946,56,0,Sports,Music
8947,32,1,Movies,Education
8948,38,0,Books,Education
8949,44,1,Sports,Movies
8950,48,0,Music,Books
8951,69,0,Sports,Electronics
8952,26,0,Gaming,Electronics
8953,35,1,Music,Gaming
8954,39,0,Sports,Movies
8955,26,0,Electronics,Books
8956,35,1,Fashion,Gaming
8957,38,1,Movies,Books
8958,46,1,Movies,Gaming
8959,60,0,Movies,Sports
8960,31,1,Fashion,Movies
8961,52,0,Sports,Gaming
8962,23,0,Fashion,Sports
8963,20,0,Books,Education
8964,67,1,Movies,Fashion
8965,54,0,Books,Electronics
8966,49,1,Fashion,Education
8967,34,0,Books,Education
8968,67,0,Electronics,Fashion
8969,40,0,Books,Education
8970,60,1,Movies,Books
8971,50,0,Books,Education
8972,54,0,Education,Fashion
8973,63,0,Books,Music
8974,55,0,Education,Movies
8975,36,0,Books,Movies
8976,22,0,Movies,Education
8977,43,1,Books,Sports
8978,53,0,Books,Sports
8979,33,1,Fashion,Movies
8980,35,1,Sports,Music
8981,48,0,Movies,Gaming
8982,48,0,Electronics,Music
8983,25,1,Books,Electronics
8984,24,0,Fashion,Books
8985,36,1,Music,Books
8986,64,1,Sports,Movies
8987,28,0,Music,Electronics
8988,67,0,Music,Education
8989,21,0,Gaming,Education
8990,50,0,Gaming,Electronics
8991,57,1,Gaming,Books
8992,69,0,Fashion,Books
8993,54,0,Education,Gaming
8994,61,0,Books,Gaming
8995,30,0,Sports,Education
8996,20,0,Education,Movies
8997,28,0,Education,Sports
8998,69,0,Music,Gaming
8999,34,0,Music,Books
9000,50,0,Electronics,Books
9001,18,0,Education,Books
9002,30,0,Electronics,Music
9003,47,0,Music,Electronics
9004,54,0,Music,Gaming
9005,24,0,Music,Sports
9006,65,1,Electronics,Sports
9007,51,0,Education,Electronics
9008,54,0,Fashion,Education
9009,23,0,Books,Music
9010,20,0,Books,Music
9011,18,1,Fashion,Movies
9012,26,1,Education,Movies
9013,27,0,Music,Electronics
9014,61,0,Electronics,Education
9015,65,0,Music,Books
9016,41,0,Movies,Music
9017,38,1,Gaming,Fashion
9018,48,0,Electronics,Education
9019,58,0,Books,Electronics
9020,51,0,Movies,Gaming
9021,52,1,Fashion,Gaming
9022,57,0,Movies,Education
9023,18,0,Gaming,Books
9024,65,0,Movies,Fashion
9025,55,0,Gaming,Electronics
9026,39,0,Music,Electronics
9027,49,0,Education,Fashion
9028,44,0,Movies,Sports
9029,30,0,Electronics,Books
9030,31,0,Movies,Fashion
9031,67,1,Fashion,Gaming
9032,53,0,Books,Education
9033,49,0,Fashion,Music
9034,46,0,Books,Sports
9035,21,0,Books,Electronics
9036,57,1,Movies,Education
9037,45,0,Music,Fashion
9038,32,1,Books,Fashion
9039,67,0,Sports,Music
9040,18,0,Books,Fashion
9041,47,0,Electronics,Sports
9042,50,0,Movies,Education
9043,33,0,Books,Education
9044,34,1,Movies,Music
9045,65,0,Movies,Electronics
9046,47,0,Gaming,Education
9047,65,0,Electronics,Sports
9048,63,0,Gaming,Electronics
9049,29,0,Music,Fashion
9050,69,0,Electronics,Fashion
9051,64,0,Books,Electronics
9052,29,0,Electronics,Books
9053,33,0,Education,Electronics
9054,46,0,Education,Gaming
9055,46,0,Music,Sports
9056,29,0,Books,Sports
9057,19,0,Fashion,Music
9058,58,0,Sports,Electronics
9059,57,0,Music,Books
9060,58,1,Fashion,Gaming
9061,45,0,Books,Gaming
9062,41,0,Electronics,Movies
9063,29,0,Sports,Gaming
9064,56,1,Fashion,Books
9065,63,0,Sports,Movies
9066,31,1,Electronics,Gaming
9067,51,0,Movies,Music
9068,39,1,Sports,Movies
9069,25,1,Sports,Electronics
9070,24,0,Gaming,Books
9071,33,0,Gaming,Books
9072,22,0,Movies,Fashion
9073,64,0,Fashion,Movies
9074,61,0,Gaming,Movies
9075,54,0,Movies,Fashion
9076,60,0,Sports,Music
9077,61,0,Books,Gaming
9078,61,1,Gaming,Fashion
9079,18,1,Education,Electronics
9080,37,0,Books,Movies
9081,23,0,Sports,Gaming
9082,65,0,Movies,Gaming
9083,33,1,Fashion,Music
9084,36,0,Fashion,Education
9085,35,1,Books,Gaming
9086,21,0,Sports,Books
9087,64,0,Electronics,Fashion
9088,33,0,Sports,Gaming
9089,64,1,Electronics,Gaming
9090,53,0,Books,Gaming
9091,40,0,Gaming,Books
9092,59,1,Sports,Fashion
9093,41,0,Books,Music
9094,31,0,Electronics,Gaming
9095,60,0,Sports,Gaming
9096,53,1,Books,Education
9097,19,1,Electronics,Movies
9098,63,0,Books,Sports
9099,24,1,Sports,Movies
9100,64,0,Fashion,Books
9101,31,0,Books,Education
9102,24,0,Music,Fashion
9103,63,0,Gaming,Sports
9104,29,0,Movies,Sports
9105,31,0,Sports,Education
9106,47,1,Fashion,Books
9107,18,0,Gaming,Fashion
9108,37,0,Sports,Education
9109,43,1,Sports,Movies
9110,23,0,Education,Fashion
9111,62,0,Gaming,Electronics
9112,46,0,Movies,Electronics
9113,41,0,Gaming,Sports
9114,65,0,Fashion,Electronics
9115,28,0,Electronics,Gaming
9116,22,0,Education,Movies
9117,65,0,Movies,Books
9118,51,0,Gaming,Electronics
9119,54,0,Movies,Books
9120,69,0,Movies,Fashion
9121,59,0,Fashion,Movies
9122,20,1,Electronics,Movies
9123,51,0,Books,Music
9124,46,0,Education,Fashion
9125,56,0,Movies,Gaming
9126,22,0,Sports,Movies
9127,35,0,Sports,Gaming
9128,35,1,Movies,Education
9129,62,0,Education,Sports
9130,27,0,Movies,Books
9131,61,1,Education,Books
9132,64,0,Education,Books
9133,36,0,Electronics,Education
9134,57,0,Sports,Gaming
9135,26,0,Education,Sports
9136,34,1,Sports,Music
9137,32,0,Fashion,Electronics
9138,33,1,Movies,Gaming
9139,54,0,Music,Movies
9140,64,0,Movies,Gaming
9141,44,0,Books,Sports
9142,54,1,Movies,Gaming
9143,52,0,Gaming,Electronics
9144,65,1,Books,Music
9145,19,0,Books,Fashion
9146,56,0,Movies,Fashion
9147,26,0,Sports,Education
9148,24,0,Fashion,Gaming
9149,42,1,Education,Movies
9150,45,0,Electronics,Fashion
9151,34,0,Electronics,Sports
9152,21,1,Gaming,Movies
9153,20,1,Music,Electronics
9154,50,0,Education,Books
9155,25,0,Fashion,Electronics
9156,50,1,Movies,Gaming
9157,30,0,Gaming,Fashion
9158,60,1,Movies,Music
9159,26,0,Sports,Gaming
9160,69,0,Gaming,Music
9161,60,0,Music,Electronics
9162,38,0,Gaming,Sports
9163,24,0,Sports,Books
9164,40,0,Music,Electronics
9165,22,1,Music,Fashion
9166,18,1,Education,Gaming
9167,45,0,Sports,Music
9168,30,0,Music,Sports
9169,24,1,Sports,Movies
9170,62,0,Electronics,Gaming
9171,41,0,Books,Electronics
9172,31,0,Fashion,Books
9173,40,0,Gaming,Education
9174,57,0,Electronics,Fashion
9175,61,0,Education,Sports
9176,33,1,Books,Electronics
9177,45,0,Education,Music
9178,29,0,Fashion,Books
9179,66,0,Sports,Books
9180,37,0,Music,Electronics
9181,43,1,Electronics,Sports
9182,26,1,Electronics,Music
9183,66,0,Gaming,Electronics
9184,24,0,Movies,Gaming
9185,30,1,Education,Books
9186,47,0,Books,Sports
9187,20,0,Sports,Music
9188,65,1,Books,Electronics
9189,32,0,Movies,Education
9190,69,0,Sports,Electronics
9191,22,1,Education,Music
9192,62,0,Movies,Music
9193,20,0,Fashion,Gaming
9194,64,0,Electronics,Education
9195,68,1,Education,Gaming
9196,38,0,Sports,Education
9197,39,0,Gaming,Fashion
9198,22,0,Books,Electronics
9199,31,0,Sports,Music
9200,45,1,Movies,Electronics
9201,52,0,Gaming,Music
9202,62,0,Music,Fashion
9203,46,0,Education,Movies
9204,52,0,Fashion,Electronics
9205,67,1,Books,Gaming
9206,47,0,Electronics,Gaming
9207,40,0,Movies,Books
9208,38,0,Fashion,Education
9209,45,1,Fashion,Books
9210,50,0,Electronics,Gaming
9211,46,0,Fashion,Books
9212,27,0,Sports,Books
9213,50,1,Fashion,Sports
9214,42,0,Education,Electronics
9215,21,0,Education,Books
9216,43,1,Fashion,Electronics
9217,45,1,Books,Gaming
9218,29,1,Sports,Fashion
9219,49,0,Movies,Education
9220,30,0,Gaming,Books
9221,61,1,Books,Education
9222,36,0,Fashion,Movies
9223,29,0,Gaming,Electronics
9224,35,0,Fashion,Sports
9225,41,0,Electronics,Music
9226,46,0,Fashion,Gaming
9227,18,0,Gaming,Electronics
9228,57,0,Books,Education
9229,51,0,Fashion,Books
9230,21,0,Books,Fashion
9231,69,0,Gaming,Electronics
9232,43,0,Gaming,Books
9233,24,1,Fashion,Sports
9234,40,0,Music,Sports
9235,32,0,Fashion,Education
9236,34,0,Sports,Movies
9237,30,0,Gaming,Books
9238,64,0,Education,Fashion
9239,24,0,Music,Fashion
9240,31,0,Sports,Gaming
9241,63,0,Electronics,Fashion
9242,47,0,Gaming,Fashion
9243,33,0,Gaming,Education
9244,46,0,Education,Electronics
9245,31,0,Books,Education
9246,30,0,Fashion,Electronics
9247,35,1,Sports,Gaming
9248,38,0,Books,Music
9249,33,1,Education,Sports
9250,68,0,Fashion,Electronics
9251,18,1,Fashion,Music
9252,33,0,Sports,Education
9253,50,0,Fashion,Books
9254,22,0,Electronics,Music
9255,30,0,Books,Fashion
9256,47,0,Books,Sports
9257,40,0,Books,Sports
9258,38,1,Movies,Fashion
9259,64,1,Fashion,Education
9260,36,1,Fashion,Electronics
9261,29,0,Gaming,Sports
9262,29,1,Sports,Books
9263,32,1,Sports,Gaming
9264,57,0,Books,Music
9265,22,0,Fashion,Music
9266,20,0,Education,Electronics
9267,60,1,Gaming,Music
9268,37,1,Books,Gaming
9269,64,1,Music,Sports
9270,25,0,Fashion,Gaming
9271,43,1,Movies,Education
9272,43,0,Music,Electronics
9273,54,0,Electronics,Education
9274,42,1,Electronics,Education
9275,40,0,Electronics,Education
9276,47,0,Electronics,Education
9277,50,1,Electronics,Books
9278,26,1,Music,Books
9279,54,1,Books,Electronics
9280,25,1,Sports,Movies
9281,18,0,Books,Movies
9282,45,0,Music,Electronics
9283,63,0,Electronics,Gaming
9284,44,0,Fashion,Sports
9285,27,0,Music,Sports
9286,51,0,Books,Education
9287,45,1,Movies,Education
9288,33,0,Movies,Fashion
9289,53,0,Fashion,Electronics
9290,40,0,Fashion,Music
9291,20,0,Education,Fashion
9292,39,0,Education,Movies
9293,22,1,Books,Fashion
9294,68,0,Fashion,Education
9295,68,0,Movies,Music
9296,32,1,Electronics,Sports
9297,50,1,Gaming,Sports
9298,66,1,Electronics,Music
9299,40,1,Gaming,Sports
9300,63,0,Electronics,Books
9301,46,0,Electronics,Books
9302,51,1,Movies,Books
9303,23,0,Gaming,Fashion
9304,18,0,Music,Electronics
9305,47,0,Music,Gaming
9306,27,0,Movies,Music
9307,26,0,Fashion,Movies
9308,28,0,Gaming,Movies
9309,21,0,Books,Fashion
9310,50,1,Gaming,Books
9311,25,0,Movies,Music
9312,56,1,Sports,Fashion
9313,60,1,Music,Gaming
9314,28,0,Electronics,Sports
9315,59,0,Movies,Education
9316,39,0,Fashion,Education
9317,42,0,Gaming,Music
9318,18,0,Electronics,Music
9319,60,0,Electronics,Gaming
9320,53,1,Education,Electronics
9321,38,0,Gaming,Books
9322,52,0,Sports,Movies
9323,67,0,Education,Movies
9324,33,0,Music,Education
9325,19,0,Electronics,Education
9326,18,0,Fashion,Books
9327,24,0,Books,Electronics
9328,38,0,Movies,Education
9329,41,0,Electronics,Books
9330,62,0,Gaming,Fashion
9331,26,0,Books,Music
9332,50,0,Electronics,Sports
9333,45,0,Movies,Education
9334,49,0,Fashion,Music
9335,63,1,Education,Sports
9336,31,0,Sports,Music
9337,51,0,Sports,Movies
9338,33,0,Sports,Music
9339,58,0,Books,Movies
9340,25,0,Movies,Books
9341,65,1,Fashion,Gaming
9342,35,0,Books,Fashion
9343,53,0,Gaming,Movies
9344,35,0,Movies,Gaming
9345,35,0,Fashion,Music
9346,52,0,Movies,Sports
9347,43,0,Movies,Books
9348,41,0,Electronics,Fashion
9349,49,1,Gaming,Education
9350,22,0,Fashion,Sports
9351,39,0,Gaming,Books
9352,56,0,Books,Sports
9353,52,0,Movies,Electronics
9354,30,0,Education,Gaming
9355,46,0,Electronics,Education
9356,45,0,Gaming,Fashion
9357,66,0,Gaming,Books
9358,55,0,Music,Education
9359,34,1,Music,Education
9360,63,0,Movies,Education
9361,46,1,Electronics,Fashion
9362,46,1,Gaming,Education
9363,27,0,Sports,Gaming
9364,38,0,Music,Fashion
9365,55,0,Fashion,Sports
9366,63,0,Sports,Education
9367,48,0,Electronics,Gaming
9368,51,1,Books,Movies
9369,56,1,Gaming,Fashion
9370,25,1,Gaming,Education
9371,50,1,Movies,Education
9372,31,1,Movies,Music
9373,68,1,Electronics,Education
9374,30,0,Sports,Gaming
9375,64,0,Books,Sports
9376,31,1,Sports,Music
9377,51,0,Fashion,Education
9378,64,1,Movies,Fashion
9379,42,0,Fashion,Movies
9380,25,1,Electronics,Gaming
9381,22,0,Music,Electronics
9382,35,0,Movies,Gaming
9383,54,1,Electronics,Education
9384,32,0,Movies,Books
9385,43,1,Sports,Books
9386,58,0,Sports,Education
9387,18,0,Music,Books
9388,46,1,Movies,Music
9389,62,0,Music,Gaming
9390,25,1,Books,Movies
9391,33,0,Sports,Education
9392,35,0,Fashion,Education
9393,36,0,Books,Electronics
9394,21,1,Books,Gaming
9395,42,1,Education,Movies
9396,48,0,Education,Music
9397,56,0,Books,Music
9398,24,1,Electronics,Music
9399,33,0,Sports,Books
9400,22,0,Books,Gaming
9401,53,0,Sports,Movies
9402,42,0,Sports,Books
9403,36,0,Gaming,Music
9404,58,0,Music,Books
9405,33,0,Electronics,Movies
9406,35,0,Electronics,Gaming
9407,20,1,Books,Electronics
9408,47,0,Education,Gaming
9409,64,0,Music,Sports
9410,42,1,Books,Movies
9411,41,1,Gaming,Education
9412,53,0,Electronics,Books
9413,25,0,Fashion,Books
9414,21,0,Electronics,Education
9415,60,0,Electronics,Music
9416,53,0,Books,Sports
9417,26,1,Gaming,Electronics
9418,68,0,Fashion,Education
9419,42,0,Electronics,Fashion
9420,28,0,Gaming,Fashion
9421,28,1,Education,Music
9422,43,0,Education,Fashion
9423,33,1,Movies,Education
9424,48,0,Books,Gaming
9425,27,0,Gaming,Electronics
9426,61,1,Sports,Movies
9427,32,1,Music,Movies
9428,43,0,Music,Books
9429,37,0,Electronics,Books
9430,39,0,Movies,Music
9431,49,1,Books,Education
9432,52,0,Books,Education
9433,37,0,Movies,Electronics
9434,37,1,Movies,Books
9435,52,0,Sports,Movies
9436,58,1,Education,Fashion
9437,33,0,Electronics,Music
9438,62,0,Fashion,Education
9439,23,0,Gaming,Books
9440,32,1,Fashion,Education
9441,56,0,Fashion,Books
9442,69,1,Fashion,Electronics
9443,65,1,Sports,Movies
9444,64,0,Movies,Fashion
9445,52,0,Music,Sports
9446,40,0,Books,Electronics
9447,46,0,Movies,Electronics
9448,51,0,Movies,Books
9449,32,0,Gaming,Music
9450,26,0,Electronics,Education
9451,53,0,Music,Gaming
9452,37,0,Electronics,Education
9453,27,1,Music,Books
9454,42,0,Education,Sports
9455,47,0,Gaming,Sports
9456,60,0,Electronics,Music
9457,36,0,Books,Electronics
9458,37,0,Fashion,Movies
9459,32,1,Electronics,Books
9460,51,0,Sports,Education
9461,23,0,Electronics,Music
9462,67,0,Sports,Fashion
9463,26,1,Gaming,Sports
9464,51,1,Books,Education
9465,60,0,Electronics,Movies
9466,50,0,Fashion,Gaming
9467,18,0,Education,Electronics
9468,40,1,Music,Gaming
9469,18,0,Sports,Electronics
9470,21,1,Fashion,Education
9471,27,0,Sports,Fashion
9472,69,0,Music,Fashion
9473,69,0,Electronics,Education
9474,46,0,Gaming,Movies
9475,44,1,Fashion,Movies
9476,33,0,Books,Movies
9477,58,0,Education,Sports
9478,58,0,Fashion,Music
9479,53,0,Sports,Music
9480,51,0,Movies,Fashion
9481,35,0,Electronics,Books
9482,46,0,Sports,Fashion
9483,52,0,Electronics,Education
9484,60,0,Education,Gaming
9485,21,1,Sports,Fashion
9486,68,0,Movies,Books
9487,31,1,Education,Gaming
9488,42,0,Fashion,Movies
9489,66,1,Electronics,Fashion
9490,66,0,Sports,Gaming
9491,36,0,Music,Movies
9492,23,0,Books,Electronics
9493,55,0,Books,Gaming
9494,58,0,Music,Sports
9495,51,0,Electronics,Music
9496,50,1,Electronics,Music
9497,23,0,Music,Movies
9498,55,1,Books,Education
9499,33,0,Movies,Fashion
9500,64,0,Fashion,Electronics
9501,57,0,Education,Fashion
9502,52,0,Fashion,Movies
9503,59,1,Gaming,Education
9504,64,0,Gaming,Education
9505,25,1,Movies,Education
9506,36,0,Education,Electronics
9507,18,0,Movies,Books
9508,30,0,Music,Movies
9509,41,0,Gaming,Music
9510,23,0,Sports,Books
9511,61,1,Music,Movies
9512,27,0,Books,Sports
9513,32,1,Electronics,Education
9514,53,0,Movies,Music
9515,18,1,Sports,Books
9516,31,0,Sports,Electronics
9517,64,0,Fashion,Education
9518,63,1,Sports,Fashion
9519,57,0,Fashion,Education
9520,35,1,Gaming,Sports
9521,47,0,Electronics,Movies
9522,32,0,Electronics,Music
9523,50,1,Education,Books
9524,54,1,Gaming,Music
9525,53,0,Books,Movies
9526,58,1,Gaming,Electronics
9527,49,0,Education,Books
9528,33,0,Sports,Fashion
9529,23,0,Sports,Music
9530,44,1,Sports,Fashion
9531,39,0,Music,Gaming
9532,54,0,Sports,Music
9533,34,1,Fashion,Gaming
9534,57,1,Electronics,Education
9535,64,0,Movies,Education
9536,44,0,Electronics,Sports
9537,49,1,Gaming,Music
9538,20,0,Books,Fashion
9539,20,0,Gaming,Fashion
9540,28,1,Electronics,Music
9541,56,1,Fashion,Movies
9542,50,0,Music,Movies
9543,32,0,Fashion,Movies
9544,55,0,Movies,Electronics
9545,56,0,Gaming,Movies
9546,27,1,Gaming,Fashion
9547,47,0,Gaming,Music
9548,41,1,Books,Education
9549,32,0,Sports,Electronics
9550,59,0,Education,Gaming
9551,35,1,Gaming,Electronics
9552,66,0,Fashion,Education
9553,30,0,Sports,Education
9554,29,0,Music,Movies
9555,29,0,Music,Education
9556,21,1,Books,Sports
9557,65,0,Sports,Education
9558,66,1,Movies,Sports
9559,40,0,Fashion,Books
9560,38,0,Movies,Education
9561,34,0,Movies,Gaming
9562,45,1,Electronics,Education
9563,33,0,Electronics,Education
9564,69,0,Fashion,Movies
9565,63,0,Sports,Electronics
9566,37,1,Electronics,Gaming
9567,58,0,Gaming,Movies
9568,46,1,Gaming,Sports
9569,37,0,Books,Electronics
9570,49,1,Books,Education
9571,57,1,Gaming,Movies
9572,50,0,Sports,Electronics
9573,64,0,Books,Gaming
9574,25,0,Sports,Education
9575,59,1,Music,Education
9576,37,0,Electronics,Books
9577,18,0,Books,Movies
9578,61,0,Electronics,Music
9579,64,1,Movies,Electronics
9580,43,1,Movies,Gaming
9581,67,0,Books,Education
9582,33,1,Music,Electronics
9583,69,0,Education,Sports
9584,55,0,Fashion,Education
9585,27,0,Sports,Education
9586,51,1,Education,Music
9587,23,0,Gaming,Music
9588,30,0,Fashion,Electronics
9589,67,0,Music,Books
9590,67,0,Movies,Fashion
9591,19,0,Electronics,Movies
9592,26,0,Education,Sports
9593,67,0,Movies,Sports
9594,68,0,Fashion,Electronics
9595,30,0,Education,Books
9596,42,1,Gaming,Education
9597,62,1,Gaming,Music
9598,48,0,Fashion,Music
9599,62,0,Fashion,Sports
9600,48,1,Electronics,Music
9601,36,0,Books,Gaming
9602,47,0,Education,Music
9603,46,0,Education,Sports
9604,29,0,Electronics,Fashion
9605,28,0,Books,Education
9606,41,1,Movies,Electronics
9607,42,0,Gaming,Movies
9608,29,0,Movies,Electronics
9609,55,0,Sports,Books
9610,27,0,Sports,Movies
9611,53,0,Sports,Electronics
9612,60,0,Fashion,Sports
9613,25,0,Music,Gaming
9614,35,1,Fashion,Books
9615,34,0,Music,Sports
9616,45,0,Books,Movies
9617,32,0,Books,Movies
9618,39,1,Electronics,Fashion
9619,24,0,Fashion,Gaming
9620,26,0,Books,Electronics
9621,28,0,Fashion,Electronics
9622,39,0,Gaming,Electronics
9623,22,0,Sports,Education
9624,23,1,Gaming,Books
9625,27,0,Music,Books
9626,63,0,Education,Sports
9627,45,0,Music,Sports
9628,18,0,Books,Fashion
9629,26,1,Sports,Movies
9630,19,0,Books,Gaming
9631,23,0,Movies,Fashion
9632,50,0,Movies,Music
9633,50,0,Electronics,Gaming
9634,29,0,Fashion,Education
9635,34,1,Music,Electronics
9636,24,1,Fashion,Education
9637,22,0,Gaming,Fashion
9638,51,1,Electronics,Education
9639,63,1,Books,Movies
9640,45,0,Movies,Fashion
9641,21,0,Electronics,Fashion
9642,40,0,Education,Books
9643,55,1,Movies,Education
9644,64,1,Books,Movies
9645,20,0,Education,Movies
9646,51,1,Books,Fashion
9647,29,0,Education,Music
9648,26,0,Education,Music
9649,44,0,Fashion,Books
9650,58,0,Books,Electronics
9651,54,0,Fashion,Gaming
9652,30,0,Books,Movies
9653,53,0,Fashion,Electronics
9654,51,0,Sports,Fashion
9655,34,0,Gaming,Books
9656,61,0,Music,Gaming
9657,52,0,Education,Gaming
9658,64,0,Education,Books
9659,19,0,Gaming,Education
9660,60,0,Sports,Education
9661,18,0,Sports,Electronics
9662,44,0,Fashion,Music
9663,47,1,Music,Sports
9664,36,0,Electronics,Sports
9665,30,0,Sports,Music
9666,67,0,Education,Music
9667,67,0,Electronics,Movies
9668,42,0,Gaming,Sports
9669,38,1,Books,Movies
9670,67,0,Education,Music
9671,46,1,Electronics,Movies
9672,66,0,Education,Books
9673,44,1,Gaming,Movies
9674,27,0,Fashion,Education
9675,45,1,Electronics,Sports
9676,67,0,Electronics,Movies
9677,52,0,Fashion,Electronics
9678,37,1,Fashion,Books
9679,62,0,Sports,Gaming
9680,55,0,Music,Fashion
9681,21,0,Fashion,Electronics
9682,54,0,Gaming,Music
9683,31,1,Music,Electronics
9684,53,0,Music,Movies
9685,36,1,Education,Electronics
9686,40,1,Movies,Sports
9687,45,0,Fashion,Gaming
9688,58,0,Books,Music
9689,66,1,Fashion,Electronics
9690,56,0,Fashion,Sports
9691,23,0,Gaming,Sports
9692,29,0,Electronics,Music
9693,18,0,Movies,Books
9694,25,1,Gaming,Movies
9695,60,1,Movies,Education
9696,26,0,Electronics,Fashion
9697,21,1,Fashion,Electronics
9698,18,0,Music,Education
9699,62,0,Electronics,Music
9700,39,0,Sports,Gaming
9701,35,0,Gaming,Music
9702,69,1,Movies,Music
9703,47,0,Movies,Gaming
9704,34,0,Fashion,Sports
9705,59,0,Music,Education
9706,26,0,Books,Gaming
9707,34,0,Books,Sports
9708,54,1,Music,Sports
9709,28,0,Education,Gaming
9710,63,1,Electronics,Gaming
9711,41,1,Education,Electronics
9712,36,0,Music,Books
9713,28,1,Sports,Music
9714,49,0,Gaming,Sports
9715,30,1,Gaming,Sports
9716,58,0,Sports,Music
9717,55,0,Fashion,Electronics
9718,20,0,Education,Fashion
9719,41,0,Gaming,Education
9720,28,0,Books,Music
9721,65,1,Books,Gaming
9722,44,0,Education,Sports
9723,58,0,Education,Sports
9724,68,0,Fashion,Education
9725,50,1,Gaming,Movies
9726,65,0,Education,Music
9727,20,0,Fashion,Education
9728,23,0,Fashion,Sports
9729,68,0,Sports,Movies
9730,25,0,Electronics,Education
9731,26,0,Music,Gaming
9732,45,1,Electronics,Movies
9733,41,1,Fashion,Gaming
9734,34,1,Sports,Fashion
9735,33,1,Electronics,Gaming
9736,60,0,Movies,Electronics
9737,47,0,Music,Education
9738,63,1,Gaming,Sports
9739,58,0,Music,Gaming
9740,37,1,Education,Movies
9741,64,0,Electronics,Books
9742,53,1,Books,Fashion
9743,51,0,Movies,Music
9744,44,0,Fashion,Education
9745,67,0,Music,Education
9746,39,0,Music,Fashion
9747,48,1,Movies,Books
9748,48,0,Gaming,Sports
9749,27,0,Gaming,Books
9750,64,0,Fashion,Sports
9751,31,0,Movies,Books
9752,44,0,Sports,Gaming
9753,37,0,Fashion,Gaming
9754,32,0,Movies,Education
9755,33,1,Gaming,Education
9756,25,0,Sports,Education
9757,63,0,Sports,Music
9758,53,0,Books,Sports
9759,53,0,Gaming,Books
9760,33,0,Movies,Electronics
9761,34,0,Music,Books
9762,41,0,Music,Gaming
9763,37,0,Education,Books
9764,24,0,Music,Sports
9765,29,0,Fashion,Music
9766,22,0,Fashion,Movies
9767,32,0,Sports,Education
9768,47,1,Sports,Fashion
9769,26,0,Music,Electronics
9770,53,0,Sports,Education
9771,39,1,Books,Music
9772,46,0,Gaming,Fashion
9773,65,0,Music,Electronics
9774,24,0,Education,Movies
9775,32,1,Movies,Sports
9776,26,0,Music,Electronics
9777,33,0,Music,Education
9778,34,1,Education,Gaming
9779,19,0,Movies,Education
9780,69,1,Movies,Books
9781,49,0,Electronics,Fashion
9782,25,0,Movies,Gaming
9783,48,0,Books,Gaming
9784,66,0,Books,Education
9785,46,0,Books,Movies
9786,58,0,Education,Books
9787,60,0,Electronics,Fashion
9788,29,1,Music,Movies
9789,33,1,Sports,Fashion
9790,44,0,Electronics,Books
9791,35,0,Music,Books
9792,33,1,Gaming,Fashion
9793,66,1,Books,Sports
9794,35,0,Movies,Sports
9795,50,0,Books,Sports
9796,36,0,Music,Books
9797,42,1,Books,Fashion
9798,55,1,Fashion,Sports
9799,40,0,Sports,Education
9800,53,0,Gaming,Sports
9801,53,1,Books,Fashion
9802,23,0,Gaming,Sports
9803,62,1,Music,Electronics
9804,69,0,Electronics,Music
9805,57,0,Movies,Education
9806,20,0,Fashion,Gaming
9807,44,0,Books,Sports
9808,40,1,Books,Electronics
9809,44,0,Music,Books
9810,63,1,Education,Sports
9811,61,0,Books,Gaming
9812,58,0,Education,Movies
9813,60,1,Electronics,Music
9814,66,0,Fashion,Education
9815,30,0,Education,Electronics
9816,19,0,Movies,Fashion
9817,58,1,Fashion,Books
9818,21,0,Music,Sports
9819,54,0,Fashion,Books
9820,30,0,Music,Movies
9821,36,1,Gaming,Sports
9822,68,1,Electronics,Sports
9823,31,1,Gaming,Education
9824,66,0,Education,Movies
9825,55,1,Education,Fashion
9826,67,1,Movies,Education
9827,59,0,Fashion,Books
9828,31,1,Education,Music
9829,31,0,Music,Movies
9830,44,1,Music,Gaming
9831,29,1,Movies,Music
9832,33,0,Music,Gaming
9833,25,0,Gaming,Fashion
9834,46,1,Music,Education
9835,36,0,Movies,Books
9836,18,0,Fashion,Sports
9837,46,0,Books,Electronics
9838,30,0,Gaming,Fashion
9839,44,0,Electronics,Fashion
9840,50,1,Electronics,Books
9841,56,0,Electronics,Fashion
9842,41,1,Movies,Fashion
9843,54,1,Sports,Music
9844,41,0,Sports,Electronics
9845,48,1,Sports,Books
9846,26,0,Books,Education
9847,59,0,Music,Education
9848,53,0,Music,Electronics
9849,37,0,Sports,Electronics
9850,49,0,Music,Fashion
9851,65,0,Education,Electronics
9852,18,0,Sports,Gaming
9853,67,1,Gaming,Movies
9854,37,0,Fashion,Gaming
9855,53,0,Books,Sports
9856,55,0,Movies,Fashion
9857,23,0,Gaming,Sports
9858,24,0,Education,Books
9859,53,1,Education,Gaming
9860,41,0,Sports,Movies
9861,68,0,Education,Music
9862,55,0,Education,Music
9863,46,1,Movies,Gaming
9864,49,1,Gaming,Books
9865,52,0,Electronics,Fashion
9866,44,0,Music,Education
9867,29,0,Fashion,Sports
9868,43,0,Movies,Books
9869,26,0,Books,Music
9870,35,0,Sports,Education
9871,37,0,Fashion,Gaming
9872,51,1,Books,Gaming
9873,65,0,Fashion,Books
9874,38,0,Books,Fashion
9875,59,0,Sports,Music
9876,67,0,Fashion,Education
9877,67,0,Electronics,Gaming
9878,30,1,Movies,Music
9879,56,0,Books,Electronics
9880,29,0,Gaming,Music
9881,50,0,Electronics,Books
9882,20,1,Sports,Movies
9883,57,0,Movies,Sports
9884,67,1,Fashion,Books
9885,42,0,Education,Fashion
9886,64,0,Electronics,Music
9887,51,0,Fashion,Education
9888,38,0,Education,Sports
9889,61,0,Books,Gaming
9890,19,0,Education,Books
9891,39,1,Fashion,Sports
9892,37,0,Education,Sports
9893,23,0,Music,Fashion
9894,40,1,Music,Movies
9895,25,0,Movies,Sports
9896,69,0,Fashion,Movies
9897,49,1,Fashion,Education
9898,34,1,Electronics,Sports
9899,66,1,Fashion,Music
9900,30,0,Books,Music
9901,39,1,Education,Sports
9902,39,1,Sports,Gaming
9903,31,0,Books,Movies
9904,26,0,Electronics,Music
9905,67,1,Fashion,Gaming
9906,59,0,Education,Electronics
9907,40,0,Education,Books
9908,20,1,Books,Movies
9909,24,1,Sports,Books
9910,66,1,Education,Gaming
9911,21,0,Sports,Music
9912,31,0,Fashion,Education
9913,48,0,Electronics,Sports
9914,19,0,Fashion,Books
9915,60,0,Fashion,Music
9916,69,1,Sports,Gaming
9917,36,0,Gaming,Books
9918,63,0,Books,Gaming
9919,42,1,Gaming,Education
9920,34,0,Music,Gaming
9921,30,1,Books,Gaming
9922,56,0,Movies,Books
9923,49,0,Fashion,Books
9924,23,1,Fashion,Sports
9925,35,0,Music,Gaming
9926,55,0,Sports,Education
9927,65,1,Sports,Fashion
9928,51,0,Movies,Fashion
9929,56,0,Gaming,Electronics
9930,53,1,Education,Music
9931,66,1,Education,Music
9932,53,1,Education,Books
9933,23,0,Fashion,Education
9934,56,0,Gaming,Fashion
9935,58,0,Sports,Electronics
9936,21,1,Music,Fashion
9937,42,0,Movies,Music
9938,32,1,Education,Movies
9939,28,0,Books,Fashion
9940,53,1,Education,Movies
9941,55,0,Education,Electronics
9942,35,1,Fashion,Music
9943,18,1,Fashion,Movies
9944,38,0,Books,Fashion
9945,42,1,Electronics,Sports
9946,67,0,Sports,Gaming
9947,66,0,Education,Gaming
9948,25,0,Education,Music
9949,59,0,Books,Fashion
9950,58,0,Education,Music
9951,52,1,Music,Books
9952,48,0,Sports,Books
9953,68,0,Fashion,Electronics
9954,36,0,Books,Fashion
9955,65,1,Music,Sports
9956,61,0,Electronics,Music
9957,55,0,Sports,Books
9958,38,0,Electronics,Books
9959,26,0,Movies,Education
9960,63,1,Education,Movies
9961,22,1,Education,Movies
9962,54,0,Education,Fashion
9963,35,1,Sports,Gaming
9964,35,1,Music,Gaming
9965,59,1,Music,Books
9966,28,0,Sports,Gaming
9967,44,1,Gaming,Electronics
9968,62,0,Electronics,Fashion
9969,37,0,Electronics,Sports
9970,56,0,Movies,Books
9971,32,0,Gaming,Music
9972,66,0,Books,Education
9973,47,0,Music,Electronics
9974,49,1,Education,Electronics
9975,68,0,Music,Education
9976,53,0,Fashion,Books
9977,52,0,Books,Electronics
9978,53,1,Fashion,Gaming
9979,69,1,Fashion,Education
9980,34,0,Music,Gaming
9981,65,1,Electronics,Books
9982,66,0,Movies,Books
9983,52,0,Education,Fashion
9984,21,0,Sports,Electronics
9985,58,0,Sports,Electronics
9986,62,0,Gaming,Sports
9987,27,0,Books,Fashion
9988,66,1,Education,Electronics
9989,46,0,Books,Fashion
9990,44,0,Gaming,Electronics
9991,27,0,Fashion,Gaming
9992,27,1,Fashion,Electronics
9993,31,1,Sports,Books
9994,51,0,Books,Education
9995,49,0,Education,Sports
9996,32,0,Education,Gaming
9997,55,1,Fashion,Electronics
9998,47,0,Books,Music
9999,49,0,Books,Electronics
