user_id,age,country,signup_days_ago,premium_user
0,56,Australia,436,1
1,60,USA,72,0
2,56,USA,122,0
3,28,Australia,459,1
4,53,UK,872,1
5,39,India,309,1
6,61,India,414,0
7,38,India,161,0
8,39,Australia,253,0
9,66,USA,475,0
10,59,Australia,476,1
11,32,Australia,190,0
12,68,Canada,876,0
13,20,USA,485,0
14,38,Canada,841,0
15,21,Germany,601,1
16,67,USA,777,0
17,19,USA,340,0
18,24,USA,428,0
19,64,India,35,1
20,53,India,562,0
21,19,Canada,390,0
22,21,Canada,822,0
23,35,USA,730,0
24,27,Canada,958,1
25,48,India,816,0
26,31,Australia,727,0
27,57,Australia,725,0
28,35,Australia,879,1
29,43,Canada,217,0
30,62,Germany,41,0
31,62,India,65,0
32,26,Germany,344,0
33,25,Canada,472,0
34,68,UK,593,1
35,52,USA,289,0
36,59,India,231,0
37,45,Australia,135,1
38,29,Germany,930,0
39,40,UK,574,0
40,52,UK,684,0
41,44,India,547,0
42,54,India,943,1
43,18,UK,5,0
44,31,USA,871,0
45,32,USA,15,0
46,30,Germany,691,0
47,56,USA,241,0
48,49,UK,900,1
49,40,UK,231,0
50,60,Canada,541,0
51,49,UK,839,0
52,39,USA,796,1
53,62,Australia,574,0
54,23,Germany,796,1
55,61,Canada,340,1
56,28,USA,640,1
57,45,Germany,473,0
58,50,USA,385,0
59,69,Canada,973,1
60,56,UK,710,0
61,26,Australia,318,0
62,68,Canada,234,0
63,32,UK,827,0
64,49,Canada,472,1
65,66,India,830,1
66,69,Australia,268,0
67,19,USA,387,0
68,66,USA,952,0
69,66,Australia,2,0
70,40,India,997,0
71,18,UK,403,0
72,61,USA,730,1
73,49,India,247,0
74,28,USA,184,0
75,55,Germany,280,0
76,51,UK,198,0
77,65,Germany,144,1
78,23,Australia,464,0
79,37,UK,764,0
80,36,India,346,0
81,36,UK,148,0
82,69,UK,489,0
83,56,India,338,1
84,28,Australia,988,1
85,67,UK,151,0
86,59,Australia,611,0
87,33,Australia,346,1
88,69,Australia,572,0
89,18,USA,304,1
90,22,Canada,37,1
91,26,Australia,233,0
92,65,India,208,1
93,41,Canada,54,1
94,41,Australia,628,0
95,25,India,420,1
96,37,India,254,0
97,42,Germany,99,1
98,35,Germany,896,0
99,19,UK,822,0
100,58,Australia,996,1
101,50,Australia,398,0
102,37,Canada,504,0
103,24,India,195,0
104,50,Australia,688,0
105,68,UK,470,0
106,63,USA,670,1
107,62,India,563,1
108,44,USA,27,1
109,47,UK,609,0
110,50,Germany,453,0
111,65,UK,659,0
112,66,USA,512,0
113,45,India,158,1
114,23,Canada,99,1
115,54,Australia,280,0
116,63,UK,181,0
117,50,India,116,0
118,38,Australia,928,1
119,20,Germany,128,0
120,59,Germany,735,1
121,20,Australia,872,0
122,67,Germany,288,0
123,40,India,962,0
124,59,UK,386,0
125,57,India,929,0
126,65,India,39,0
127,43,Australia,867,0
128,41,Canada,525,0
129,24,Canada,825,0
130,37,UK,321,0
131,63,Australia,400,0
132,68,Canada,471,0
133,51,Germany,834,0
134,39,Canada,51,0
135,39,Germany,314,1
136,66,UK,692,0
137,32,India,54,0
138,54,India,993,1
139,61,Canada,620,0
140,21,Germany,774,0
141,69,USA,350,0
142,57,USA,820,0
143,67,USA,636,1
144,36,India,657,0
145,36,Australia,604,1
146,43,India,741,0
147,40,Australia,127,0
148,18,Germany,58,1
149,64,Canada,802,0
150,65,USA,601,0
151,18,Germany,272,0
152,22,Germany,790,1
153,20,Canada,76,0
154,68,Germany,997,0
155,46,Canada,974,0
156,64,UK,94,1
157,69,Canada,453,0
158,43,USA,474,0
159,56,Australia,612,0
160,47,Australia,357,0
161,27,USA,758,0
162,51,Australia,180,0
163,36,Canada,442,0
164,22,UK,516,0
165,33,Australia,759,1
166,45,UK,896,0
167,37,USA,664,0
168,52,UK,380,0
169,68,Germany,427,1
170,20,India,577,1
171,27,Germany,43,0
172,30,USA,12,0
173,19,Australia,253,0
174,52,Australia,727,0
175,25,UK,605,1
176,43,Canada,418,0
177,24,India,196,0
178,67,Canada,493,1
179,53,USA,729,1
180,53,Australia,394,0
181,41,UK,192,0
182,52,Australia,548,0
183,56,Canada,96,0
184,49,Canada,37,0
185,30,India,279,1
186,58,India,798,1
187,37,UK,880,0
188,30,India,699,0
189,53,Canada,396,1
190,36,Canada,76,0
191,45,USA,718,0
192,69,Canada,851,0
193,33,UK,885,0
194,29,Germany,25,0
195,38,USA,484,1
196,33,USA,569,0
197,59,UK,186,0
198,48,UK,634,0
199,40,India,733,0
200,35,USA,751,0
201,27,India,954,0
202,55,Canada,519,0
203,57,USA,170,0
204,44,USA,634,0
205,46,Australia,165,0
206,25,Germany,496,1
207,39,USA,500,0
208,24,Canada,217,0
209,53,India,70,1
210,36,India,445,0
211,56,Australia,91,0
212,36,Germany,39,0
213,62,Canada,653,0
214,37,India,476,1
215,58,UK,935,1
216,30,Canada,348,1
217,66,Canada,409,1
218,55,Germany,117,1
219,61,India,685,1
220,64,Canada,149,0
221,38,Australia,203,1
222,53,Australia,227,0
223,35,India,47,0
224,31,Australia,143,0
225,20,UK,656,1
226,28,Germany,12,1
227,33,Australia,968,0
228,41,Australia,668,0
229,45,UK,676,0
230,67,Germany,540,0
231,58,Canada,740,1
232,34,Germany,201,0
233,37,USA,461,0
234,46,India,909,1
235,23,India,594,0
236,22,USA,815,1
237,27,UK,824,1
238,62,USA,5,0
239,50,Canada,374,1
240,49,Canada,239,0
241,38,India,282,0
242,39,Canada,827,1
243,30,India,929,0
244,52,USA,511,0
245,65,USA,823,1
246,34,Australia,709,1
247,55,Australia,771,0
248,54,USA,565,1
249,27,India,83,0
250,31,USA,457,0
251,68,USA,685,0
252,18,UK,881,1
253,51,USA,348,0
254,56,Canada,154,0
255,20,India,891,0
256,18,UK,54,1
257,47,Australia,734,1
258,34,Germany,624,0
259,40,India,207,1
260,31,Canada,578,1
261,56,India,422,0
262,51,Australia,806,0
263,35,Canada,798,0
264,68,Canada,447,1
265,55,Germany,481,1
266,47,India,759,0
267,34,Germany,133,1
268,27,Germany,184,1
269,34,India,508,0
270,22,USA,546,0
271,19,USA,205,0
272,60,Australia,752,0
273,64,Germany,761,0
274,33,UK,95,0
275,33,Germany,520,0
276,21,Germany,696,0
277,49,Germany,195,0
278,49,Australia,946,0
279,68,USA,403,1
280,35,Australia,604,0
281,39,Australia,405,0
282,22,Australia,233,0
283,63,USA,546,0
284,43,USA,813,0
285,43,Germany,249,0
286,39,Australia,239,0
287,60,UK,831,0
288,34,USA,26,1
289,25,India,625,0
290,69,India,719,0
291,39,India,526,0
292,40,Canada,78,0
293,62,Germany,666,0
294,68,India,7,0
295,40,Germany,750,1
296,62,India,274,0
297,52,UK,883,0
298,42,Germany,631,0
299,27,India,39,0
300,56,USA,86,0
301,61,Germany,537,1
302,37,Canada,25,0
303,20,USA,233,0
304,64,USA,228,0
305,51,Australia,623,1
306,66,Canada,748,0
307,58,USA,613,0
308,43,USA,320,0
309,62,India,966,0
310,50,India,437,0
311,23,Germany,582,0
312,21,Germany,350,0
313,47,Germany,607,0
314,26,India,759,0
315,48,Germany,40,0
316,41,USA,223,1
317,37,India,732,1
318,32,Germany,646,1
319,47,USA,504,1
320,19,Germany,847,0
321,43,UK,435,1
322,22,Germany,326,1
323,21,UK,787,0
324,37,Germany,113,0
325,18,Australia,90,1
326,55,Australia,805,0
327,53,Canada,845,0
328,50,Australia,902,0
329,27,Australia,261,0
330,61,Germany,898,0
331,19,India,596,0
332,54,India,329,1
333,28,UK,911,0
334,52,India,606,0
335,22,USA,318,1
336,67,Canada,334,1
337,28,Australia,137,0
338,52,Canada,547,1
339,39,USA,572,1
340,25,Australia,779,1
341,31,UK,828,0
342,38,USA,165,1
343,31,USA,410,1
344,42,Canada,749,0
345,35,Germany,296,0
346,57,Canada,526,1
347,55,Canada,865,1
348,32,India,993,0
349,50,USA,503,0
350,57,Canada,104,0
351,68,USA,198,1
352,24,India,179,0
353,69,USA,15,1
354,50,Canada,478,1
355,53,USA,157,0
356,50,Australia,997,1
357,50,India,254,0
358,19,Germany,522,0
359,27,USA,865,0
360,30,Canada,159,0
361,62,India,216,0
362,32,Canada,157,0
363,46,Canada,47,0
364,62,USA,130,0
365,68,Canada,755,0
366,43,USA,811,0
367,37,Germany,11,1
368,57,Australia,550,0
369,40,Canada,815,0
370,60,Canada,396,1
371,57,Canada,958,0
372,50,UK,623,1
373,60,UK,460,0
374,65,India,324,1
375,54,Australia,840,0
376,66,Australia,604,0
377,26,UK,51,1
378,57,India,297,1
379,40,UK,769,0
380,38,Germany,346,1
381,40,India,825,0
382,68,Australia,936,0
383,64,Australia,969,1
384,27,UK,436,1
385,43,Germany,937,0
386,69,UK,537,1
387,55,USA,386,0
388,44,USA,418,1
389,60,Germany,955,0
390,68,Canada,182,0
391,24,Canada,180,0
392,41,USA,161,0
393,60,USA,662,0
394,67,Canada,469,0
395,34,India,84,0
396,37,Canada,630,1
397,57,UK,561,0
398,49,India,141,0
399,68,UK,891,1
400,49,USA,670,0
401,62,India,477,0
402,57,UK,19,0
403,31,UK,371,0
404,19,India,502,0
405,67,Germany,222,0
406,21,Canada,897,0
407,56,Australia,643,0
408,27,UK,979,0
409,50,Canada,87,1
410,49,Australia,178,1
411,25,Canada,833,0
412,20,USA,984,0
413,25,Australia,54,0
414,54,Canada,579,1
415,45,UK,264,0
416,49,Australia,88,1
417,63,USA,491,1
418,69,India,165,0
419,31,UK,735,0
420,35,USA,7,0
421,50,USA,151,1
422,65,Australia,381,1
423,46,Canada,700,1
424,18,India,815,0
425,28,UK,746,1
426,20,UK,471,0
427,37,Canada,261,0
428,47,India,905,0
429,61,Australia,867,1
430,39,UK,364,0
431,27,India,158,0
432,63,Australia,727,1
433,34,Australia,882,0
434,31,UK,521,0
435,62,Canada,281,0
436,39,Germany,235,0
437,43,UK,442,1
438,51,USA,727,0
439,23,USA,146,0
440,59,Australia,356,0
441,51,Germany,17,0
442,55,UK,378,1
443,59,USA,342,0
444,48,USA,646,1
445,51,UK,268,0
446,24,India,906,1
447,43,Australia,981,0
448,63,UK,576,0
449,60,India,705,0
450,53,Australia,371,0
451,38,Germany,779,0
452,53,Canada,113,1
453,57,Australia,227,1
454,64,Germany,664,1
455,22,Canada,312,0
456,53,USA,751,0
457,52,USA,244,0
458,62,USA,482,0
459,19,Australia,501,0
460,57,India,17,0
461,60,Canada,616,0
462,56,USA,803,1
463,54,UK,108,0
464,47,Canada,102,0
465,36,Canada,613,0
466,66,India,957,1
467,66,Germany,815,0
468,33,India,216,1
469,48,USA,661,1
470,54,UK,374,0
471,25,UK,537,1
472,29,USA,655,0
473,58,UK,877,0
474,49,India,778,0
475,34,Australia,919,0
476,39,India,250,0
477,32,Australia,629,1
478,68,USA,688,0
479,40,UK,477,0
480,47,Canada,372,1
481,35,Germany,443,1
482,34,Canada,526,0
483,52,Australia,620,0
484,51,India,131,0
485,57,India,986,1
486,61,India,39,0
487,66,India,516,1
488,42,Germany,397,0
489,33,USA,493,0
490,19,India,311,0
491,51,Australia,414,0
492,30,UK,141,0
493,49,Germany,739,0
494,63,Australia,29,1
495,46,Australia,318,0
496,33,India,440,0
497,27,UK,926,0
498,56,India,340,1
499,47,Australia,689,0
500,31,USA,376,0
501,21,Germany,146,0
502,42,USA,432,0
503,63,Germany,975,0
504,66,India,889,0
505,29,India,187,1
506,54,Germany,939,0
507,56,UK,440,1
508,41,UK,11,1
509,51,India,153,1
510,21,India,571,0
511,46,USA,575,0
512,68,Australia,493,0
513,60,India,226,0
514,58,Germany,753,1
515,23,UK,517,0
516,64,UK,727,1
517,52,USA,20,1
518,59,UK,419,1
519,34,UK,216,1
520,52,Australia,998,0
521,64,Canada,89,0
522,31,Germany,357,0
523,58,Australia,952,0
524,45,Canada,541,1
525,42,UK,738,1
526,26,USA,463,0
527,22,USA,395,0
528,41,UK,124,0
529,25,India,251,1
530,43,Canada,914,0
531,65,UK,973,1
532,30,USA,593,0
533,62,USA,224,0
534,68,Canada,698,0
535,57,Germany,866,0
536,30,UK,749,1
537,41,Australia,147,1
538,45,UK,353,0
539,65,Germany,681,0
540,62,Canada,345,1
541,53,Canada,191,0
542,24,USA,133,1
543,68,Germany,31,1
544,27,Canada,672,0
545,47,India,551,0
546,53,UK,258,1
547,46,USA,524,0
548,49,Australia,525,0
549,66,Germany,233,0
550,48,USA,866,0
551,41,Canada,365,1
552,23,Canada,467,1
553,27,Australia,233,1
554,45,Australia,572,0
555,54,Australia,989,1
556,37,Australia,864,1
557,21,Australia,731,0
558,29,India,918,1
559,18,UK,22,0
560,35,Germany,306,1
561,64,USA,285,0
562,52,Australia,948,1
563,24,UK,29,0
564,23,Canada,879,0
565,68,UK,459,0
566,43,Australia,482,0
567,46,USA,516,0
568,30,Australia,489,0
569,46,UK,157,0
570,49,Canada,130,1
571,37,UK,22,0
572,20,Australia,849,1
573,45,Germany,989,1
574,33,UK,869,0
575,23,Germany,659,0
576,20,Australia,507,0
577,55,UK,527,1
578,52,Canada,832,1
579,41,India,524,0
580,61,India,208,0
581,63,Germany,985,1
582,25,Australia,591,0
583,67,Germany,199,0
584,61,Australia,693,1
585,20,Australia,916,1
586,42,India,734,0
587,34,Canada,894,0
588,53,Canada,521,0
589,39,UK,501,0
590,41,Germany,584,0
591,30,Canada,721,0
592,35,USA,990,0
593,63,UK,495,0
594,49,UK,11,0
595,50,India,102,1
596,28,Germany,214,1
597,58,Canada,401,0
598,63,Canada,672,0
599,39,Australia,92,1
600,27,UK,936,0
601,50,Germany,2,0
602,58,Germany,973,0
603,30,Germany,116,0
604,56,Australia,194,1
605,43,India,686,0
606,32,Canada,994,0
607,61,Germany,305,1
608,20,Australia,635,0
609,23,India,73,0
610,49,Australia,553,1
611,25,USA,840,1
612,37,UK,318,0
613,24,Canada,459,1
614,21,Australia,390,1
615,43,Australia,895,0
616,58,Canada,700,1
617,28,UK,978,0
618,40,USA,524,0
619,62,India,243,0
620,63,Australia,356,1
621,46,UK,631,0
622,49,India,307,0
623,23,India,914,0
624,54,India,352,0
625,20,USA,924,0
626,52,USA,445,0
627,32,India,353,1
628,66,Germany,862,1
629,41,Canada,404,0
630,45,USA,364,1
631,41,Germany,562,1
632,49,Germany,617,0
633,51,Australia,512,0
634,32,Canada,418,1
635,56,India,938,1
636,29,Australia,643,0
637,57,Australia,21,1
638,52,Germany,794,1
639,65,Germany,478,0
640,61,Germany,526,1
641,54,India,837,0
642,58,India,318,0
643,64,Australia,14,0
644,42,Australia,84,0
645,23,USA,145,0
646,45,USA,66,1
647,22,Germany,449,1
648,53,India,301,0
649,48,India,395,1
650,31,Australia,592,0
651,27,Canada,844,1
652,18,Germany,133,0
653,60,USA,972,1
654,37,Canada,284,0
655,54,India,687,0
656,54,USA,305,1
657,61,Germany,824,0
658,32,India,902,0
659,37,Germany,882,1
660,26,Australia,511,0
661,43,Canada,797,0
662,52,Canada,198,0
663,22,Canada,161,0
664,31,UK,12,0
665,67,Germany,216,0
666,51,Canada,217,0
667,56,Australia,223,0
668,60,Canada,178,0
669,55,Germany,852,0
670,62,Canada,308,1
671,59,Germany,892,0
672,67,India,341,0
673,25,Australia,669,0
674,22,Germany,495,0
675,51,Germany,193,1
676,43,UK,427,0
677,67,India,978,0
678,25,Australia,303,0
679,29,UK,987,1
680,63,Canada,964,0
681,36,Germany,287,0
682,65,Australia,69,0
683,45,India,962,1
684,23,UK,575,1
685,58,Germany,89,1
686,26,USA,757,0
687,58,Australia,971,1
688,55,UK,494,1
689,36,India,454,1
690,30,UK,279,0
691,28,UK,641,0
692,24,UK,601,0
693,18,Canada,76,0
694,32,USA,917,0
695,46,India,473,0
696,49,India,497,0
697,55,India,986,0
698,25,Germany,622,0
699,19,Australia,942,0
700,38,India,794,1
701,19,Australia,454,1
702,46,India,154,0
703,22,USA,994,0
704,32,Germany,300,0
705,60,Germany,944,0
706,63,UK,498,1
707,60,Canada,21,0
708,33,Germany,815,0
709,32,Germany,793,0
710,68,USA,783,0
711,30,India,470,0
712,31,Germany,893,0
713,69,Germany,494,0
714,64,Canada,156,0
715,33,Australia,106,0
716,35,USA,2,0
717,21,Canada,90,0
718,28,Germany,263,0
719,27,Germany,39,0
720,24,USA,959,0
721,59,UK,445,0
722,53,UK,84,0
723,24,Germany,822,0
724,62,Germany,362,0
725,30,Canada,887,0
726,38,Australia,726,0
727,43,Australia,521,0
728,41,Canada,378,0
729,59,Canada,584,1
730,66,India,154,0
731,21,Germany,50,1
732,53,India,60,0
733,42,UK,146,1
734,27,Germany,993,0
735,22,Germany,687,0
736,61,USA,226,0
737,38,Germany,977,0
738,54,UK,655,0
739,24,Australia,160,0
740,26,Australia,590,0
741,42,Germany,770,0
742,24,Australia,597,0
743,59,India,374,0
744,58,Germany,753,0
745,41,India,700,1
746,21,Canada,218,0
747,49,Canada,167,1
748,53,USA,744,0
749,53,Germany,899,0
750,50,Canada,891,0
751,56,Canada,708,0
752,19,Australia,956,1
753,44,USA,160,0
754,55,USA,712,0
755,61,Australia,381,0
756,39,Germany,838,0
757,61,India,770,0
758,52,Germany,354,0
759,69,India,264,0
760,53,USA,453,0
761,48,UK,303,0
762,33,Germany,618,0
763,33,UK,12,0
764,29,India,648,1
765,33,Germany,542,0
766,45,UK,627,0
767,22,UK,980,1
768,61,Germany,321,1
769,38,UK,84,0
770,35,Germany,456,1
771,50,UK,784,0
772,69,USA,738,0
773,53,Germany,481,0
774,62,USA,578,0
775,19,Australia,987,0
776,18,Canada,843,1
777,40,USA,666,0
778,23,UK,419,1
779,32,India,342,0
780,69,Australia,490,0
781,66,USA,42,0
782,62,Australia,803,0
783,59,USA,670,1
784,20,USA,848,0
785,31,India,73,0
786,52,India,578,0
787,52,USA,466,1
788,35,Canada,768,1
789,19,India,793,0
790,50,India,164,0
791,18,India,110,1
792,63,Germany,381,0
793,52,Australia,937,1
794,30,USA,117,0
795,38,Canada,994,0
796,32,India,580,0
797,29,Germany,800,0
798,45,Australia,653,1
799,37,UK,658,0
800,23,UK,672,0
801,19,India,60,0
802,48,Canada,517,1
803,27,Canada,345,0
804,28,Australia,690,0
805,32,Australia,457,0
806,26,USA,99,0
807,45,India,190,0
808,24,UK,80,0
809,50,USA,260,0
810,57,Canada,785,0
811,69,USA,221,0
812,55,UK,231,1
813,54,Canada,628,0
814,52,Australia,519,0
815,39,Germany,526,0
816,39,Germany,645,0
817,19,Australia,574,0
818,55,India,591,0
819,40,USA,826,0
820,22,Canada,65,0
821,43,Australia,242,0
822,35,Australia,997,1
823,53,India,465,0
824,28,USA,703,0
825,43,Australia,510,0
826,69,UK,624,1
827,57,Australia,227,0
828,69,Canada,925,0
829,38,USA,554,1
830,58,Canada,192,1
831,26,USA,425,0
832,65,UK,29,0
833,67,Canada,826,0
834,57,Germany,789,1
835,51,Australia,776,1
836,25,UK,945,0
837,40,USA,856,1
838,22,Canada,416,1
839,40,Australia,101,0
840,25,UK,505,1
841,18,USA,621,1
842,52,Germany,664,0
843,37,Germany,277,0
844,48,USA,366,1
845,69,Germany,399,1
846,68,UK,540,0
847,22,Australia,773,0
848,49,Germany,520,0
849,55,Australia,623,0
850,45,India,337,0
851,57,Germany,921,1
852,32,India,946,0
853,53,Australia,382,0
854,58,Canada,169,1
855,67,Australia,778,1
856,29,UK,859,1
857,30,Canada,693,1
858,33,Canada,288,0
859,51,Germany,523,0
860,34,Germany,936,0
861,26,Germany,665,0
862,31,Australia,124,0
863,67,Canada,790,0
864,37,UK,725,0
865,68,UK,686,0
866,38,India,995,0
867,47,USA,631,1
868,29,UK,233,0
869,38,Germany,397,0
870,25,India,302,1
871,24,Germany,663,0
872,28,Canada,256,0
873,60,Canada,345,1
874,46,Australia,781,0
875,46,Germany,213,1
876,44,UK,562,0
877,68,USA,407,1
878,30,Germany,278,0
879,50,UK,696,0
880,36,India,23,0
881,56,Germany,108,0
882,54,India,111,0
883,33,UK,584,0
884,22,UK,515,1
885,57,UK,483,0
886,59,UK,866,0
887,27,Canada,405,1
888,56,Australia,731,0
889,58,UK,112,1
890,69,Canada,932,0
891,43,USA,314,0
892,34,Canada,974,0
893,51,India,437,0
894,28,USA,912,0
895,23,India,824,0
896,21,Australia,623,0
897,37,Germany,906,1
898,52,Germany,154,0
899,38,Canada,822,0
900,38,India,202,0
901,21,Australia,188,1
902,37,Germany,273,0
903,21,Australia,221,0
904,41,Australia,741,0
905,69,Germany,900,0
906,41,Germany,162,0
907,36,USA,159,0
908,36,USA,817,0
909,36,UK,406,0
910,29,India,542,1
911,48,Germany,868,0
912,65,Australia,685,0
913,66,India,183,0
914,69,UK,113,0
915,64,Australia,971,1
916,62,Canada,161,0
917,21,UK,660,1
918,44,Germany,399,0
919,31,Canada,124,0
920,26,Canada,602,0
921,69,UK,573,1
922,20,Germany,973,1
923,47,Australia,254,0
924,23,Canada,849,1
925,68,UK,757,0
926,52,UK,302,0
927,22,Australia,349,0
928,37,Germany,49,0
929,22,UK,356,0
930,21,UK,638,1
931,67,UK,931,0
932,53,India,838,0
933,63,USA,828,0
934,48,Australia,596,0
935,53,India,725,0
936,61,UK,618,0
937,45,USA,903,0
938,45,Australia,270,0
939,33,Canada,400,1
940,59,Australia,729,1
941,61,India,841,0
942,60,India,596,0
943,60,India,441,0
944,67,Australia,929,1
945,23,Germany,639,0
946,49,UK,760,0
947,41,Australia,655,1
948,38,Canada,426,1
949,31,Canada,313,0
950,38,Canada,82,0
951,40,UK,730,0
952,66,USA,915,0
953,38,India,384,1
954,58,UK,161,0
955,21,India,895,0
956,24,UK,598,0
957,34,India,664,0
958,51,UK,28,1
959,58,USA,423,1
960,34,Australia,610,0
961,23,Canada,610,0
962,38,India,517,1
963,65,UK,57,0
964,51,USA,144,0
965,56,USA,86,0
966,64,Canada,936,0
967,27,UK,611,0
968,66,Australia,960,0
969,38,India,532,0
970,21,Australia,878,1
971,32,Germany,376,0
972,32,USA,726,0
973,31,USA,923,1
974,57,Canada,58,1
975,66,UK,447,0
976,20,Germany,968,0
977,59,Germany,227,0
978,69,Germany,791,1
979,67,UK,427,1
980,68,India,779,0
981,27,USA,8,0
982,45,UK,297,0
983,38,Germany,72,1
984,64,USA,911,1
985,57,USA,210,0
986,37,Germany,454,1
987,24,Germany,848,1
988,20,USA,283,0
989,57,Canada,486,0
990,18,Australia,520,1
991,65,Australia,619,0
992,47,USA,966,1
993,36,India,544,0
994,28,India,814,0
995,18,Canada,575,0
996,38,UK,670,0
997,21,USA,924,1
998,48,India,571,0
999,44,USA,837,0
1000,50,Canada,196,1
1001,51,Germany,666,0
1002,22,Canada,227,0
1003,46,Canada,265,1
1004,67,Canada,646,1
1005,61,India,377,0
1006,64,Canada,364,0
1007,38,Germany,728,0
1008,20,Germany,588,0
1009,43,Germany,277,0
1010,43,UK,190,1
1011,52,Canada,692,1
1012,68,Germany,943,0
1013,28,UK,953,0
1014,39,Canada,273,1
1015,28,Canada,862,1
1016,52,USA,289,0
1017,33,Canada,930,0
1018,57,Australia,248,0
1019,56,USA,454,1
1020,18,India,968,0
1021,20,Australia,516,1
1022,64,India,806,0
1023,38,UK,227,1
1024,63,Australia,654,1
1025,34,USA,551,1
1026,30,India,207,0
1027,50,India,646,0
1028,40,India,443,0
1029,63,Canada,550,0
1030,25,USA,702,0
1031,47,India,846,0
1032,66,USA,281,0
1033,31,Germany,154,1
1034,39,Germany,944,1
1035,63,Australia,947,1
1036,36,Canada,713,1
1037,62,Germany,327,0
1038,26,UK,763,0
1039,36,USA,943,0
1040,55,India,437,0
1041,57,UK,465,0
1042,50,Australia,376,0
1043,31,UK,203,0
1044,58,Australia,955,1
1045,58,Germany,708,0
1046,45,USA,776,1
1047,63,Australia,598,1
1048,33,India,477,1
1049,65,UK,670,0
1050,28,Australia,576,1
1051,38,Canada,767,0
1052,65,Australia,276,0
1053,61,India,929,1
1054,26,Germany,445,0
1055,52,USA,977,0
1056,49,Canada,65,0
1057,40,India,431,0
1058,29,Australia,174,1
1059,58,India,659,1
1060,46,UK,406,0
1061,68,India,550,0
1062,46,USA,179,0
1063,24,USA,348,0
1064,39,India,76,0
1065,39,UK,492,1
1066,51,Canada,347,1
1067,18,Australia,584,0
1068,23,Canada,214,0
1069,34,UK,573,0
1070,43,Germany,283,0
1071,59,USA,449,0
1072,62,Germany,753,0
1073,31,Australia,291,0
1074,37,UK,824,0
1075,55,Australia,49,0
1076,25,Germany,555,1
1077,50,UK,602,0
1078,66,Canada,704,0
1079,60,Canada,822,1
1080,26,Germany,344,0
1081,58,Germany,529,0
1082,68,USA,571,0
1083,58,Canada,551,0
1084,28,USA,494,1
1085,30,Germany,127,0
1086,18,Australia,168,0
1087,29,UK,584,1
1088,62,Canada,268,0
1089,50,UK,301,1
1090,45,USA,250,1
1091,42,USA,859,0
1092,47,India,431,0
1093,64,Australia,852,0
1094,19,Canada,324,0
1095,53,Canada,594,0
1096,64,USA,412,0
1097,66,Australia,737,0
1098,68,UK,655,1
1099,19,Canada,959,0
1100,27,USA,450,1
1101,30,India,266,0
1102,68,Germany,118,0
1103,56,Canada,540,0
1104,23,Australia,667,1
1105,46,Germany,678,1
1106,47,UK,296,1
1107,58,India,268,0
1108,18,Canada,311,0
1109,43,Germany,357,0
1110,66,Australia,127,0
1111,40,Germany,408,0
1112,45,USA,277,0
1113,35,Germany,420,0
1114,26,UK,949,1
1115,47,Germany,188,0
1116,49,UK,451,0
1117,61,UK,847,1
1118,40,Australia,360,1
1119,49,USA,825,0
1120,50,India,920,0
1121,45,UK,933,0
1122,54,Germany,568,1
1123,64,Australia,148,0
1124,27,Germany,444,0
1125,52,UK,427,0
1126,44,Australia,126,0
1127,66,Germany,806,1
1128,25,Canada,930,1
1129,29,USA,486,0
1130,21,Germany,625,0
1131,22,USA,926,0
1132,20,UK,75,0
1133,43,UK,155,0
1134,60,UK,448,0
1135,68,USA,818,0
1136,32,Germany,245,0
1137,54,Canada,122,0
1138,59,USA,124,0
1139,40,Australia,646,0
1140,26,Canada,369,0
1141,64,Germany,638,0
1142,62,Germany,736,0
1143,21,USA,69,0
1144,66,India,909,0
1145,39,Canada,821,1
1146,68,UK,899,0
1147,49,Canada,109,0
1148,66,Germany,341,0
1149,61,Australia,533,1
1150,56,Germany,836,0
1151,45,USA,959,0
1152,52,India,909,0
1153,28,UK,996,0
1154,34,Canada,99,1
1155,57,India,214,0
1156,36,UK,165,1
1157,25,Germany,284,1
1158,54,Australia,164,1
1159,44,Germany,117,0
1160,62,USA,559,1
1161,38,USA,758,1
1162,45,Australia,517,1
1163,37,Canada,937,1
1164,29,India,582,0
1165,36,Australia,666,1
1166,61,India,820,1
1167,53,UK,102,0
1168,41,Canada,407,0
1169,28,USA,704,0
1170,67,Canada,465,1
1171,31,Germany,731,0
1172,68,USA,687,1
1173,21,India,903,1
1174,65,USA,511,0
1175,69,Germany,941,0
1176,66,USA,737,1
1177,36,Australia,575,1
1178,22,India,13,1
1179,48,Germany,720,1
1180,39,Australia,349,0
1181,20,UK,566,0
1182,38,Canada,976,1
1183,58,Australia,664,1
1184,47,UK,57,1
1185,52,Germany,19,0
1186,43,Germany,113,0
1187,47,Germany,647,0
1188,53,India,25,0
1189,32,Germany,549,0
1190,25,Canada,901,1
1191,26,India,127,1
1192,52,Germany,194,0
1193,40,India,265,1
1194,31,Canada,384,0
1195,48,Canada,358,0
1196,25,Australia,771,0
1197,30,India,685,0
1198,62,USA,573,0
1199,55,UK,528,0
1200,34,Germany,375,1
1201,33,UK,358,0
1202,19,Canada,474,0
1203,64,UK,927,0
1204,56,USA,451,1
1205,31,UK,632,0
1206,44,Australia,630,0
1207,56,UK,321,0
1208,47,Canada,437,0
1209,36,Canada,53,0
1210,42,Australia,726,0
1211,40,Germany,544,0
1212,27,India,484,0
1213,69,Germany,660,0
1214,31,Canada,178,1
1215,69,Germany,53,1
1216,39,UK,30,0
1217,30,UK,59,1
1218,35,Canada,12,0
1219,31,Canada,290,0
1220,51,Germany,639,0
1221,29,Germany,561,0
1222,48,UK,241,0
1223,43,India,786,0
1224,55,Australia,209,0
1225,67,India,776,0
1226,22,Canada,940,1
1227,46,Germany,668,0
1228,18,India,619,0
1229,44,Germany,674,0
1230,53,USA,850,1
1231,30,UK,83,1
1232,65,Australia,568,1
1233,54,Germany,401,0
1234,43,Australia,925,0
1235,44,Germany,729,1
1236,27,Germany,175,0
1237,38,Australia,235,0
1238,50,Australia,536,1
1239,34,India,452,1
1240,47,Germany,713,0
1241,36,USA,723,0
1242,59,India,913,0
1243,65,Canada,871,0
1244,58,Canada,355,0
1245,35,UK,768,0
1246,61,USA,873,0
1247,58,Germany,13,0
1248,30,USA,100,1
1249,33,Canada,649,0
1250,28,Germany,822,1
1251,50,USA,100,0
1252,62,Australia,749,0
1253,41,India,776,0
1254,35,Germany,3,0
1255,61,Australia,940,0
1256,57,India,822,0
1257,53,USA,533,0
1258,52,Germany,525,0
1259,27,UK,565,0
1260,27,UK,558,0
1261,55,Canada,792,1
1262,34,Australia,868,1
1263,52,Germany,921,1
1264,55,Australia,17,1
1265,69,USA,536,1
1266,42,UK,740,0
1267,43,Australia,230,1
1268,45,Canada,784,1
1269,57,Germany,604,1
1270,44,UK,502,0
1271,64,Australia,734,0
1272,54,Australia,134,0
1273,49,Germany,501,0
1274,24,Canada,756,0
1275,29,USA,528,0
1276,53,Canada,973,1
1277,64,USA,307,0
1278,28,India,776,1
1279,42,Australia,504,0
1280,39,Australia,59,0
1281,20,UK,925,0
1282,51,India,226,0
1283,32,Australia,124,0
1284,43,USA,516,1
1285,26,Germany,631,1
1286,49,USA,980,0
1287,32,Australia,800,0
1288,58,Australia,529,0
1289,61,USA,199,0
1290,43,Germany,25,1
1291,62,India,339,0
1292,25,Australia,360,1
1293,48,UK,412,0
1294,18,USA,49,1
1295,55,USA,216,1
1296,64,UK,159,1
1297,67,USA,794,0
1298,22,UK,596,0
1299,28,UK,248,0
1300,67,UK,422,0
1301,32,Germany,736,0
1302,38,India,558,0
1303,55,India,574,1
1304,35,Canada,590,0
1305,30,Germany,223,0
1306,47,Canada,518,0
1307,61,Australia,493,0
1308,50,India,721,1
1309,30,India,50,1
1310,45,India,492,1
1311,33,USA,580,1
1312,65,Canada,696,1
1313,43,Germany,446,0
1314,28,Canada,357,0
1315,36,Australia,983,0
1316,35,India,154,0
1317,61,Germany,883,1
1318,51,Canada,273,1
1319,33,India,450,1
1320,25,India,141,1
1321,47,Germany,352,0
1322,47,Australia,833,0
1323,34,UK,187,1
1324,67,Germany,854,1
1325,61,UK,137,1
1326,53,Australia,613,0
1327,45,USA,938,1
1328,38,Germany,728,1
1329,57,UK,322,0
1330,65,Australia,603,0
1331,44,Canada,889,0
1332,61,India,653,0
1333,53,USA,265,0
1334,44,Germany,546,1
1335,49,UK,601,1
1336,66,Canada,835,0
1337,47,UK,675,0
1338,56,Australia,603,0
1339,34,Germany,274,1
1340,46,Australia,980,0
1341,35,UK,324,1
1342,18,Germany,58,1
1343,37,UK,628,0
1344,28,India,41,0
1345,18,Germany,401,0
1346,62,Germany,937,1
1347,22,USA,256,0
1348,68,India,661,0
1349,43,Germany,883,0
1350,24,Canada,303,1
1351,43,UK,552,0
1352,31,Canada,132,1
1353,37,UK,399,0
1354,62,Australia,221,0
1355,65,UK,147,0
1356,63,USA,924,0
1357,44,Australia,836,0
1358,52,Germany,421,0
1359,64,UK,280,1
1360,53,USA,994,1
1361,41,Canada,4,0
1362,66,Australia,471,0
1363,69,Australia,279,1
1364,48,USA,254,0
1365,58,Canada,825,0
1366,23,Australia,357,1
1367,57,Germany,391,0
1368,38,UK,317,0
1369,68,India,342,1
1370,45,Canada,844,0
1371,53,UK,751,0
1372,30,India,343,0
1373,47,Australia,702,1
1374,65,India,411,0
1375,65,Canada,379,1
1376,53,UK,551,0
1377,39,Australia,213,0
1378,25,Australia,753,0
1379,48,Australia,938,1
1380,51,Australia,767,0
1381,34,India,651,0
1382,39,Australia,505,0
1383,65,USA,436,0
1384,38,Australia,869,0
1385,18,Australia,191,0
1386,53,USA,81,1
1387,41,UK,194,0
1388,49,Germany,423,0
1389,18,USA,407,0
1390,34,Canada,418,1
1391,46,UK,73,0
1392,23,Australia,340,1
1393,20,India,337,1
1394,29,USA,880,0
1395,18,UK,849,0
1396,32,UK,100,1
1397,21,Australia,914,0
1398,60,Germany,884,0
1399,31,India,826,0
1400,51,India,701,0
1401,41,India,315,0
1402,23,Canada,889,0
1403,57,UK,339,0
1404,22,Canada,283,0
1405,57,Canada,525,1
1406,52,UK,659,0
1407,60,India,458,1
1408,48,UK,452,0
1409,19,Germany,376,1
1410,54,UK,840,0
1411,20,Australia,626,1
1412,36,UK,179,0
1413,33,USA,840,0
1414,66,Germany,12,0
1415,28,USA,901,0
1416,34,India,902,0
1417,45,India,846,0
1418,50,Australia,318,0
1419,58,Australia,19,0
1420,19,Australia,990,0
1421,21,Germany,289,0
1422,24,Canada,591,0
1423,40,UK,403,1
1424,46,USA,760,1
1425,41,Germany,338,1
1426,58,USA,569,0
1427,46,UK,202,0
1428,23,Canada,570,0
1429,58,USA,965,0
1430,37,Germany,425,0
1431,66,UK,204,0
1432,20,Australia,778,0
1433,52,Australia,208,0
1434,41,Australia,586,0
1435,43,UK,939,0
1436,44,Canada,669,1
1437,37,Germany,987,0
1438,37,Australia,108,0
1439,52,UK,367,0
1440,51,USA,918,1
1441,32,Australia,283,0
1442,50,India,352,0
1443,58,Germany,443,0
1444,19,USA,413,0
1445,36,Canada,154,0
1446,32,Canada,315,1
1447,65,UK,917,0
1448,39,Canada,868,1
1449,42,India,284,0
1450,62,Australia,68,1
1451,26,USA,164,1
1452,27,Australia,420,1
1453,63,Germany,618,1
1454,23,Australia,176,0
1455,27,UK,370,1
1456,67,Australia,419,1
1457,38,Germany,127,1
1458,64,USA,271,1
1459,26,India,923,0
1460,45,USA,785,0
1461,58,USA,170,1
1462,62,UK,680,0
1463,40,Germany,111,1
1464,64,USA,575,0
1465,63,USA,69,0
1466,51,India,296,0
1467,67,Canada,963,0
1468,50,India,331,0
1469,47,Germany,304,0
1470,35,Germany,550,0
1471,53,UK,443,0
1472,63,Australia,387,0
1473,18,Australia,888,1
1474,25,Australia,691,1
1475,34,Canada,73,0
1476,60,Germany,857,0
1477,45,Canada,865,1
1478,26,Australia,850,1
1479,38,Australia,770,0
1480,60,India,123,1
1481,57,Germany,420,0
1482,60,Australia,549,1
1483,35,USA,866,0
1484,28,Germany,698,0
1485,21,Canada,214,0
1486,60,Germany,822,0
1487,45,UK,207,0
1488,20,USA,974,0
1489,18,Australia,614,0
1490,65,UK,925,0
1491,27,India,860,0
1492,24,Germany,963,1
1493,37,Germany,595,0
1494,22,India,129,0
1495,44,UK,312,0
1496,42,USA,277,1
1497,69,Australia,856,1
1498,63,UK,544,1
1499,22,Canada,548,0
1500,66,Australia,362,0
1501,33,UK,97,0
1502,26,USA,6,0
1503,52,Germany,39,0
1504,22,UK,426,1
1505,29,India,471,0
1506,47,USA,825,0
1507,26,Germany,285,0
1508,40,USA,653,1
1509,69,Australia,495,0
1510,62,India,401,1
1511,38,Australia,450,0
1512,61,Australia,18,0
1513,50,Canada,414,0
1514,60,USA,416,1
1515,31,USA,634,0
1516,68,UK,932,0
1517,59,India,540,0
1518,56,India,247,0
1519,36,Canada,118,0
1520,45,India,664,0
1521,26,USA,175,1
1522,50,Canada,19,0
1523,57,India,175,1
1524,46,Canada,946,0
1525,30,India,758,0
1526,46,India,944,1
1527,65,UK,433,0
1528,46,India,295,0
1529,43,Canada,17,0
1530,22,USA,794,1
1531,24,UK,314,0
1532,18,India,753,0
1533,60,India,537,0
1534,20,Canada,207,1
1535,60,UK,416,1
1536,33,India,25,1
1537,26,USA,632,1
1538,46,Australia,505,1
1539,58,USA,499,0
1540,58,India,199,0
1541,36,USA,659,1
1542,62,UK,783,0
1543,63,India,542,0
1544,35,Canada,435,0
1545,19,UK,736,0
1546,23,USA,716,0
1547,57,India,292,1
1548,69,UK,825,1
1549,35,USA,834,0
1550,32,India,532,1
1551,59,Australia,733,0
1552,20,Germany,694,1
1553,57,Canada,59,1
1554,21,USA,507,0
1555,28,Australia,122,0
1556,49,USA,859,0
1557,19,Germany,62,1
1558,26,Germany,348,0
1559,51,UK,317,0
1560,65,Canada,409,0
1561,26,Canada,250,0
1562,65,USA,429,0
1563,49,Germany,314,1
1564,52,Canada,485,0
1565,61,India,541,0
1566,45,Canada,265,0
1567,23,USA,925,0
1568,33,Australia,727,0
1569,38,Australia,576,1
1570,59,Canada,485,0
1571,59,UK,844,0
1572,30,Germany,267,0
1573,25,Australia,616,0
1574,57,USA,237,0
1575,47,USA,734,1
1576,61,Germany,395,0
1577,34,Germany,730,0
1578,29,Germany,371,1
1579,35,Australia,318,1
1580,55,USA,505,0
1581,55,Germany,963,0
1582,18,Australia,990,0
1583,45,Germany,917,0
1584,30,USA,923,0
1585,39,USA,586,0
1586,32,UK,207,1
1587,40,Canada,887,0
1588,37,India,869,1
1589,50,USA,540,0
1590,54,India,575,0
1591,38,UK,608,0
1592,22,Canada,828,0
1593,67,Australia,688,0
1594,63,Canada,699,0
1595,46,Canada,455,1
1596,55,Australia,914,1
1597,28,UK,993,0
1598,55,Germany,688,1
1599,29,Canada,299,1
1600,44,Canada,480,0
1601,20,UK,365,0
1602,48,Germany,655,0
1603,30,Canada,881,1
1604,28,Canada,699,1
1605,28,Germany,926,0
1606,65,USA,501,0
1607,55,Australia,415,1
1608,67,USA,433,1
1609,49,Australia,695,1
1610,60,Australia,442,0
1611,33,Canada,709,1
1612,27,Australia,339,0
1613,46,India,383,1
1614,19,Germany,74,0
1615,42,Germany,276,0
1616,40,India,920,0
1617,51,Germany,695,0
1618,22,UK,563,0
1619,67,Germany,900,1
1620,59,Germany,468,1
1621,31,Germany,715,1
1622,35,Australia,155,0
1623,35,USA,888,1
1624,38,UK,940,0
1625,58,Germany,571,0
1626,58,UK,182,0
1627,36,Australia,833,0
1628,21,UK,193,0
1629,29,UK,406,0
1630,64,India,721,1
1631,31,Australia,434,0
1632,65,Germany,929,0
1633,60,USA,207,1
1634,37,USA,222,1
1635,45,USA,184,1
1636,30,USA,973,0
1637,66,Germany,742,0
1638,43,USA,587,0
1639,57,Australia,811,0
1640,25,Australia,29,0
1641,47,UK,721,0
1642,69,India,439,1
1643,60,Canada,519,0
1644,64,USA,952,0
1645,40,Canada,88,1
1646,26,Canada,931,0
1647,54,Canada,234,0
1648,48,UK,631,0
1649,32,Australia,607,1
1650,63,USA,276,0
1651,29,Germany,945,0
1652,59,UK,350,0
1653,63,Australia,523,1
1654,24,Germany,364,0
1655,37,Australia,50,0
1656,27,USA,928,0
1657,54,UK,84,1
1658,57,Canada,584,0
1659,40,UK,360,0
1660,25,UK,93,0
1661,27,USA,39,0
1662,53,Canada,637,0
1663,53,Canada,101,0
1664,21,India,223,1
1665,55,India,383,1
1666,40,Australia,790,0
1667,28,Germany,988,0
1668,22,India,192,0
1669,57,USA,128,0
1670,52,UK,940,0
1671,40,Canada,145,0
1672,48,UK,991,0
1673,59,USA,181,0
1674,26,UK,790,1
1675,65,Canada,530,0
1676,57,India,913,1
1677,32,Germany,975,0
1678,56,Canada,525,1
1679,26,Canada,40,0
1680,44,Canada,981,0
1681,33,Australia,201,0
1682,61,Australia,38,1
1683,24,Canada,761,1
1684,35,USA,912,0
1685,21,Canada,187,1
1686,57,Australia,909,1
1687,66,Australia,229,0
1688,30,UK,188,0
1689,48,USA,310,0
1690,56,India,72,0
1691,49,UK,187,0
1692,55,Australia,120,0
1693,47,UK,451,0
1694,62,UK,758,1
1695,39,UK,608,1
1696,25,USA,247,0
1697,23,India,206,0
1698,27,India,387,1
1699,29,Canada,177,1
1700,46,Australia,255,0
1701,69,Germany,345,0
1702,48,USA,766,0
1703,37,India,487,0
1704,21,Australia,525,0
1705,59,Australia,626,0
1706,69,USA,717,0
1707,53,USA,481,0
1708,30,Australia,273,0
1709,25,Canada,731,0
1710,63,India,328,0
1711,43,Germany,111,1
1712,56,Germany,229,0
1713,42,Germany,701,0
1714,19,UK,758,0
1715,34,India,286,1
1716,49,UK,498,0
1717,47,UK,338,0
1718,38,Australia,606,0
1719,34,UK,936,0
1720,32,Canada,201,0
1721,61,Canada,479,0
1722,69,USA,926,0
1723,69,USA,649,1
1724,18,India,44,0
1725,51,India,720,0
1726,32,Canada,140,1
1727,31,USA,953,0
1728,44,Australia,190,0
1729,60,USA,232,0
1730,68,UK,139,0
1731,48,Germany,273,0
1732,46,Australia,725,0
1733,40,Germany,568,0
1734,67,Germany,614,0
1735,68,Canada,822,0
1736,66,Germany,227,0
1737,41,Germany,817,0
1738,19,UK,63,0
1739,56,India,668,0
1740,23,Canada,147,0
1741,45,USA,962,0
1742,54,UK,371,0
1743,39,Germany,218,1
1744,53,USA,58,0
1745,49,UK,977,1
1746,63,Australia,83,0
1747,52,Australia,750,0
1748,45,Canada,897,0
1749,65,Germany,808,0
1750,29,Canada,968,1
1751,67,Australia,900,0
1752,44,UK,137,0
1753,29,USA,287,0
1754,31,India,749,0
1755,51,Germany,579,0
1756,59,Canada,73,1
1757,57,USA,10,0
1758,41,USA,5,0
1759,44,India,464,1
1760,52,UK,460,1
1761,61,India,282,1
1762,40,India,351,0
1763,29,UK,471,0
1764,65,UK,183,0
1765,42,UK,578,0
1766,38,USA,985,1
1767,69,USA,726,0
1768,50,Germany,884,0
1769,32,Australia,250,0
1770,32,Germany,302,0
1771,41,India,889,0
1772,23,India,625,0
1773,61,Germany,303,0
1774,44,Canada,530,0
1775,52,Australia,726,0
1776,20,India,552,0
1777,42,Canada,180,0
1778,28,Canada,573,1
1779,62,Australia,693,0
1780,62,UK,870,0
1781,26,USA,571,0
1782,18,Germany,360,0
1783,47,Australia,779,0
1784,29,USA,935,0
1785,25,Germany,959,0
1786,45,USA,890,1
1787,56,Germany,735,1
1788,64,USA,674,0
1789,69,UK,857,0
1790,39,Canada,552,1
1791,18,Germany,833,0
1792,59,Canada,694,1
1793,32,Germany,209,0
1794,52,Australia,208,0
1795,64,Australia,785,0
1796,43,Germany,653,0
1797,34,UK,496,0
1798,23,USA,163,0
1799,64,Germany,72,1
1800,44,USA,269,0
1801,52,UK,60,0
1802,39,India,570,0
1803,42,Canada,930,0
1804,22,Germany,986,0
1805,23,Australia,571,0
1806,35,UK,388,0
1807,31,USA,462,0
1808,61,Germany,887,0
1809,60,USA,751,0
1810,34,India,419,0
1811,53,Germany,675,0
1812,65,Canada,44,1
1813,34,Germany,327,0
1814,18,Canada,355,0
1815,30,USA,966,0
1816,31,Germany,933,0
1817,64,UK,836,0
1818,33,Australia,732,1
1819,21,UK,429,0
1820,49,India,237,1
1821,20,UK,758,0
1822,32,India,171,0
1823,56,USA,557,1
1824,24,Canada,504,0
1825,56,Australia,125,0
1826,52,USA,798,1
1827,35,Canada,882,0
1828,46,Canada,423,1
1829,60,India,382,0
1830,22,UK,350,0
1831,63,UK,620,0
1832,40,Australia,6,0
1833,35,Australia,783,0
1834,49,India,457,0
1835,37,India,6,0
1836,20,USA,106,0
1837,34,India,96,1
1838,21,UK,849,1
1839,22,India,416,0
1840,23,India,291,1
1841,37,Canada,150,1
1842,28,India,973,1
1843,20,Australia,393,0
1844,40,USA,270,0
1845,66,India,251,1
1846,40,Australia,714,0
1847,64,Germany,69,0
1848,40,Germany,30,1
1849,51,Canada,237,0
1850,64,Canada,25,1
1851,59,Germany,494,0
1852,58,Australia,25,0
1853,69,Canada,48,0
1854,52,Australia,459,0
1855,38,Australia,214,1
1856,34,Canada,448,0
1857,19,UK,844,0
1858,35,Australia,54,0
1859,33,UK,241,0
1860,52,India,187,0
1861,23,Germany,953,1
1862,64,USA,239,0
1863,29,Germany,700,0
1864,56,Germany,758,0
1865,44,Australia,283,0
1866,25,UK,263,0
1867,63,UK,575,0
1868,29,Canada,141,1
1869,34,USA,63,0
1870,53,UK,981,0
1871,43,Canada,720,0
1872,46,USA,175,1
1873,47,UK,663,0
1874,27,Germany,71,0
1875,54,Germany,797,0
1876,53,USA,431,0
1877,36,USA,461,0
1878,54,UK,27,1
1879,46,UK,660,1
1880,53,USA,898,0
1881,33,Australia,146,0
1882,53,USA,30,0
1883,40,Canada,34,0
1884,46,Canada,868,1
1885,69,Canada,367,0
1886,56,Germany,915,0
1887,69,Germany,239,1
1888,37,Canada,9,0
1889,67,Canada,850,0
1890,40,Australia,638,0
1891,39,USA,954,0
1892,61,Germany,802,0
1893,26,Canada,618,0
1894,21,Australia,147,0
1895,48,India,384,1
1896,38,UK,189,0
1897,48,Canada,181,1
1898,69,Germany,138,0
1899,41,Canada,785,0
1900,33,India,302,0
1901,48,USA,107,0
1902,28,Germany,887,0
1903,24,USA,410,0
1904,29,UK,607,0
1905,28,Australia,348,0
1906,64,USA,988,1
1907,24,Canada,386,0
1908,21,Australia,108,0
1909,28,India,296,0
1910,28,USA,493,0
1911,20,India,490,1
1912,19,Australia,817,0
1913,47,Germany,596,0
1914,42,Germany,96,0
1915,59,Canada,808,0
1916,58,Canada,374,0
1917,54,Canada,246,0
1918,39,India,185,1
1919,60,UK,283,1
1920,51,UK,160,0
1921,19,UK,12,0
1922,29,Germany,858,0
1923,49,Germany,505,0
1924,37,UK,39,0
1925,18,Australia,435,0
1926,41,Canada,923,0
1927,31,USA,194,0
1928,29,Australia,613,0
1929,56,Australia,280,0
1930,63,UK,846,1
1931,41,USA,910,1
1932,29,UK,150,0
1933,53,USA,685,0
1934,31,Canada,639,0
1935,53,Australia,440,1
1936,50,Germany,941,0
1937,35,UK,294,0
1938,49,UK,877,0
1939,22,Australia,452,0
1940,68,Australia,462,0
1941,31,Canada,710,0
1942,34,India,599,0
1943,24,UK,558,0
1944,61,USA,401,1
1945,64,Canada,556,0
1946,62,Australia,795,0
1947,57,India,768,1
1948,32,UK,43,0
1949,48,UK,355,0
1950,36,Australia,110,0
1951,40,Australia,800,1
1952,37,Australia,291,1
1953,46,Germany,326,1
1954,48,India,790,0
1955,22,Canada,508,0
1956,25,Australia,247,0
1957,61,USA,855,0
1958,56,UK,566,0
1959,46,Canada,54,1
1960,52,Germany,532,0
1961,18,Australia,895,0
1962,64,UK,129,0
1963,46,India,852,0
1964,46,Australia,112,0
1965,20,Australia,188,0
1966,44,Australia,364,0
1967,62,Australia,276,1
1968,21,Canada,243,0
1969,55,USA,987,0
1970,30,Australia,909,0
1971,39,Australia,476,0
1972,62,Germany,854,0
1973,25,Canada,200,1
1974,65,UK,627,0
1975,60,USA,77,0
1976,37,UK,440,0
1977,56,UK,435,0
1978,48,India,439,0
1979,43,India,42,1
1980,55,UK,610,0
1981,23,Germany,942,0
1982,66,India,938,0
1983,52,India,232,0
1984,69,India,886,1
1985,24,India,267,1
1986,21,USA,921,1
1987,55,UK,878,0
1988,68,USA,629,0
1989,41,Canada,720,0
1990,42,Canada,381,1
1991,69,Australia,630,0
1992,49,Canada,305,0
1993,28,USA,348,1
1994,40,Australia,429,0
1995,45,UK,747,1
1996,43,Canada,921,0
1997,36,India,865,0
1998,31,Canada,547,0
1999,34,Germany,963,0
2000,47,India,500,0
2001,32,India,622,1
2002,68,India,358,0
2003,64,Australia,181,0
2004,69,Canada,506,0
2005,40,India,217,1
2006,39,Australia,849,1
2007,58,Germany,330,0
2008,24,USA,496,0
2009,55,Germany,987,0
2010,18,UK,748,0
2011,51,Australia,516,1
2012,60,Australia,502,0
2013,18,India,71,0
2014,26,Germany,189,0
2015,41,Canada,979,0
2016,69,UK,635,0
2017,49,Australia,846,0
2018,45,Germany,508,1
2019,52,India,559,1
2020,48,Canada,260,0
2021,56,India,304,0
2022,65,UK,39,0
2023,47,Germany,670,0
2024,19,India,108,1
2025,53,UK,530,0
2026,24,Australia,253,0
2027,43,Canada,599,0
2028,23,Germany,582,0
2029,41,Germany,598,0
2030,35,UK,607,1
2031,47,Germany,761,1
2032,27,Canada,229,1
2033,47,Canada,155,0
2034,38,Germany,844,1
2035,50,India,747,0
2036,32,India,770,0
2037,61,Canada,950,0
2038,24,India,683,0
2039,55,UK,421,1
2040,61,USA,955,0
2041,28,Australia,580,0
2042,21,Germany,881,0
2043,41,UK,22,0
2044,23,Canada,426,1
2045,38,USA,567,0
2046,48,Australia,910,0
2047,49,Canada,220,0
2048,66,USA,265,0
2049,39,UK,416,1
2050,22,USA,554,0
2051,27,India,251,0
2052,32,UK,967,0
2053,64,Germany,387,0
2054,45,Canada,29,0
2055,23,India,396,0
2056,30,Germany,349,0
2057,25,USA,520,1
2058,37,India,175,0
2059,38,Germany,451,0
2060,40,UK,16,0
2061,65,USA,9,0
2062,30,Germany,327,0
2063,55,USA,226,0
2064,41,Germany,113,0
2065,18,Canada,266,1
2066,63,UK,712,0
2067,42,India,306,0
2068,34,Germany,700,0
2069,65,USA,846,0
2070,40,UK,171,0
2071,22,India,427,0
2072,30,USA,555,0
2073,35,UK,315,0
2074,45,USA,179,0
2075,49,Australia,111,0
2076,49,Australia,468,0
2077,21,UK,814,1
2078,65,India,323,1
2079,23,India,976,1
2080,56,USA,606,0
2081,22,UK,537,0
2082,35,Germany,367,0
2083,27,Australia,813,0
2084,29,India,495,0
2085,64,Australia,761,0
2086,36,Germany,35,0
2087,43,Germany,750,1
2088,62,Canada,428,0
2089,18,USA,563,1
2090,39,USA,663,0
2091,36,USA,850,1
2092,45,UK,860,1
2093,50,India,915,0
2094,69,India,253,0
2095,54,Canada,410,1
2096,52,Australia,168,0
2097,30,Canada,638,0
2098,39,Canada,528,0
2099,52,Germany,444,1
2100,25,USA,236,1
2101,39,UK,85,0
2102,38,India,921,0
2103,23,UK,663,0
2104,40,USA,939,1
2105,49,USA,158,1
2106,35,India,855,0
2107,38,Germany,313,0
2108,44,Australia,813,0
2109,41,Canada,883,1
2110,68,Germany,682,0
2111,65,USA,340,0
2112,44,USA,649,1
2113,48,Germany,533,1
2114,65,Canada,813,0
2115,40,Canada,660,0
2116,45,USA,401,0
2117,19,Australia,537,0
2118,58,Canada,134,1
2119,55,Canada,902,0
2120,31,India,834,1
2121,52,Australia,225,0
2122,35,India,960,0
2123,41,UK,749,0
2124,18,Germany,996,0
2125,66,USA,508,0
2126,51,Canada,345,0
2127,46,UK,915,1
2128,42,India,528,0
2129,26,Canada,641,0
2130,50,Germany,930,0
2131,57,India,439,0
2132,42,Australia,893,0
2133,38,Australia,634,0
2134,58,USA,48,0
2135,48,Canada,10,0
2136,69,UK,274,0
2137,69,USA,381,1
2138,32,Canada,516,0
2139,26,Canada,621,1
2140,21,Canada,209,0
2141,52,Canada,889,1
2142,22,Canada,788,1
2143,64,USA,770,1
2144,21,Germany,938,1
2145,48,Germany,617,1
2146,65,USA,191,0
2147,26,Australia,990,0
2148,52,Germany,485,0
2149,30,UK,164,0
2150,29,UK,549,0
2151,26,Australia,308,0
2152,40,USA,615,1
2153,56,UK,853,1
2154,31,USA,986,1
2155,48,UK,89,0
2156,37,India,748,0
2157,62,Australia,130,1
2158,56,Australia,732,0
2159,23,Australia,707,0
2160,35,USA,587,0
2161,22,Canada,979,0
2162,36,Australia,894,0
2163,33,UK,384,1
2164,21,India,15,1
2165,52,USA,183,0
2166,36,UK,870,0
2167,47,Canada,467,1
2168,33,UK,111,0
2169,68,Australia,584,0
2170,33,India,500,0
2171,34,Australia,703,1
2172,24,Germany,155,1
2173,53,Australia,921,1
2174,35,Germany,215,1
2175,42,Australia,439,0
2176,41,India,331,0
2177,68,India,894,0
2178,20,USA,75,1
2179,31,Australia,947,1
2180,38,Germany,566,0
2181,47,USA,827,1
2182,37,UK,112,0
2183,24,India,905,1
2184,46,USA,191,0
2185,21,India,35,1
2186,62,USA,616,1
2187,18,UK,731,0
2188,24,UK,172,0
2189,28,Canada,298,0
2190,67,Germany,575,1
2191,58,Canada,699,0
2192,52,Germany,432,1
2193,49,UK,3,1
2194,52,USA,116,0
2195,65,Australia,253,1
2196,48,India,785,0
2197,69,UK,663,0
2198,31,UK,498,0
2199,23,USA,27,0
2200,53,Australia,247,0
2201,20,UK,702,1
2202,58,UK,866,1
2203,49,USA,701,0
2204,47,UK,884,0
2205,18,Germany,546,0
2206,61,Germany,334,0
2207,51,Australia,82,0
2208,46,Germany,927,0
2209,42,Germany,550,0
2210,44,UK,310,0
2211,54,India,974,1
2212,47,Germany,93,0
2213,39,Australia,291,1
2214,67,Germany,634,0
2215,60,UK,273,0
2216,19,Canada,132,0
2217,51,UK,862,0
2218,56,USA,985,0
2219,37,Australia,448,0
2220,58,Germany,165,0
2221,22,USA,426,0
2222,26,Germany,875,1
2223,39,Canada,278,1
2224,46,India,422,1
2225,50,Canada,530,1
2226,50,UK,513,0
2227,21,UK,125,0
2228,60,USA,59,0
2229,45,USA,106,0
2230,53,UK,700,1
2231,33,Australia,802,0
2232,59,UK,472,0
2233,30,UK,440,1
2234,30,Germany,113,0
2235,56,Canada,189,0
2236,32,Australia,658,1
2237,68,Germany,798,1
2238,21,India,835,1
2239,35,Australia,618,0
2240,23,Germany,470,1
2241,21,UK,494,0
2242,67,Germany,363,0
2243,43,USA,846,1
2244,64,Australia,844,1
2245,68,UK,198,0
2246,41,Canada,411,0
2247,18,Germany,694,0
2248,41,UK,384,0
2249,36,Australia,982,0
2250,52,USA,574,0
2251,39,USA,459,1
2252,46,Australia,499,0
2253,51,Australia,961,1
2254,65,Germany,402,0
2255,34,UK,294,0
2256,42,Canada,207,1
2257,39,Australia,963,0
2258,36,Australia,569,0
2259,52,India,114,0
2260,69,USA,853,0
2261,54,India,321,1
2262,44,Canada,789,1
2263,61,Australia,891,1
2264,57,Germany,538,0
2265,18,USA,612,1
2266,60,India,273,1
2267,40,USA,391,0
2268,24,India,108,0
2269,63,Australia,452,1
2270,33,UK,327,0
2271,19,UK,10,0
2272,34,Germany,485,1
2273,39,Canada,800,0
2274,18,USA,438,0
2275,23,Canada,211,0
2276,62,India,97,0
2277,43,Australia,461,1
2278,61,Germany,27,0
2279,32,UK,548,0
2280,44,UK,185,1
2281,19,Germany,567,1
2282,33,USA,599,0
2283,33,Canada,334,0
2284,52,India,79,0
2285,46,Canada,546,0
2286,58,UK,663,1
2287,49,Germany,287,1
2288,24,UK,617,0
2289,31,Australia,180,0
2290,56,UK,10,0
2291,51,India,670,1
2292,34,USA,97,0
2293,64,USA,682,0
2294,29,Australia,56,0
2295,49,India,527,1
2296,45,Germany,721,0
2297,67,Canada,442,0
2298,53,Germany,114,1
2299,32,Canada,601,0
2300,39,USA,512,0
2301,50,UK,715,0
2302,54,UK,176,0
2303,55,Australia,41,0
2304,57,Germany,366,0
2305,34,India,728,1
2306,19,Canada,352,0
2307,41,UK,649,0
2308,34,Australia,117,0
2309,47,Germany,168,1
2310,38,India,661,0
2311,46,USA,152,0
2312,34,India,274,1
2313,37,USA,101,0
2314,34,Germany,73,1
2315,46,India,735,0
2316,37,Australia,376,0
2317,60,Germany,620,0
2318,32,USA,155,0
2319,54,Australia,247,1
2320,69,UK,538,0
2321,43,Australia,686,1
2322,35,UK,480,0
2323,19,Australia,993,1
2324,34,USA,929,0
2325,20,Canada,875,1
2326,43,Canada,355,1
2327,53,UK,885,0
2328,63,UK,302,0
2329,41,India,189,1
2330,18,Australia,561,0
2331,33,Australia,144,0
2332,46,Australia,487,0
2333,33,Australia,148,0
2334,58,India,334,0
2335,43,UK,334,0
2336,43,Canada,121,0
2337,20,India,436,0
2338,43,USA,459,0
2339,61,India,286,0
2340,43,India,556,0
2341,31,India,728,0
2342,61,Germany,282,0
2343,65,USA,996,0
2344,59,UK,457,0
2345,30,Canada,791,0
2346,65,Canada,380,1
2347,37,UK,699,1
2348,29,Germany,808,1
2349,53,Canada,78,0
2350,51,India,556,0
2351,23,Canada,973,1
2352,39,USA,18,0
2353,47,USA,373,0
2354,24,UK,480,1
2355,23,Germany,84,1
2356,60,Australia,357,1
2357,22,Australia,523,0
2358,20,Germany,378,1
2359,54,Canada,9,0
2360,46,Germany,966,0
2361,38,Germany,840,0
2362,28,Canada,422,1
2363,41,USA,893,0
2364,31,India,503,1
2365,29,UK,806,0
2366,63,Australia,546,0
2367,34,USA,657,1
2368,48,Germany,883,0
2369,56,Germany,516,0
2370,51,Australia,106,1
2371,21,Canada,850,1
2372,19,UK,12,1
2373,51,India,774,0
2374,68,Canada,267,0
2375,29,Australia,841,0
2376,28,Canada,636,0
2377,27,India,469,1
2378,25,India,804,0
2379,29,Germany,253,0
2380,67,Canada,981,1
2381,61,USA,306,0
2382,37,USA,216,0
2383,26,Canada,129,1
2384,55,India,246,1
2385,39,UK,556,1
2386,23,India,657,0
2387,55,India,920,0
2388,25,UK,917,0
2389,38,Australia,57,0
2390,41,India,801,0
2391,45,UK,825,0
2392,29,Canada,816,0
2393,27,UK,110,1
2394,59,USA,544,1
2395,42,UK,843,1
2396,69,India,232,1
2397,46,Australia,799,0
2398,57,Canada,289,1
2399,35,UK,687,0
2400,51,India,596,0
2401,67,Australia,758,0
2402,41,UK,584,0
2403,61,Canada,309,0
2404,69,Canada,177,1
2405,43,USA,164,0
2406,30,Canada,808,0
2407,59,Australia,915,0
2408,47,India,275,0
2409,33,Canada,833,0
2410,51,Canada,821,0
2411,35,India,57,0
2412,43,India,414,0
2413,36,Australia,797,0
2414,57,Canada,891,0
2415,29,Australia,898,0
2416,45,Canada,594,0
2417,39,UK,972,0
2418,54,Canada,903,1
2419,41,USA,204,0
2420,57,USA,254,1
2421,49,USA,783,1
2422,22,USA,459,1
2423,30,Australia,169,0
2424,67,Canada,655,0
2425,24,UK,40,0
2426,52,Australia,255,0
2427,53,India,853,0
2428,21,Canada,11,0
2429,54,Germany,663,0
2430,65,Canada,237,0
2431,44,Australia,487,0
2432,40,USA,635,0
2433,21,Germany,616,0
2434,59,Australia,409,0
2435,43,Canada,357,0
2436,50,UK,732,0
2437,22,Australia,950,0
2438,45,UK,312,0
2439,51,Germany,878,0
2440,56,India,618,0
2441,31,Australia,75,1
2442,21,Germany,181,0
2443,58,UK,200,1
2444,68,Germany,586,0
2445,32,USA,678,0
2446,46,Australia,595,0
2447,27,USA,396,1
2448,48,India,914,0
2449,53,Germany,281,0
2450,51,Germany,420,0
2451,26,Germany,573,1
2452,60,Germany,931,0
2453,51,India,105,0
2454,46,UK,425,0
2455,67,Canada,207,0
2456,33,India,588,0
2457,51,UK,746,0
2458,49,Australia,730,0
2459,44,UK,856,0
2460,59,Australia,758,0
2461,66,UK,446,0
2462,39,Germany,132,1
2463,26,India,836,0
2464,19,UK,561,0
2465,48,Canada,239,0
2466,57,Canada,560,0
2467,51,USA,951,1
2468,43,UK,80,0
2469,30,India,911,0
2470,33,Germany,960,0
2471,47,USA,420,1
2472,66,UK,854,1
2473,67,Germany,503,0
2474,29,India,311,0
2475,21,India,863,1
2476,40,USA,246,0
2477,32,USA,151,1
2478,54,UK,917,0
2479,67,Germany,37,1
2480,47,Canada,45,0
2481,53,Germany,868,1
2482,36,India,365,0
2483,61,India,117,0
2484,51,UK,706,0
2485,27,Canada,992,0
2486,30,Australia,231,1
2487,27,UK,522,1
2488,68,India,405,0
2489,45,India,881,0
2490,38,Germany,30,0
2491,26,Canada,145,1
2492,48,Germany,820,0
2493,55,Germany,171,0
2494,53,UK,306,0
2495,31,Germany,609,0
2496,60,USA,945,1
2497,61,USA,266,0
2498,18,Germany,71,0
2499,38,Canada,92,1
2500,63,Germany,983,0
2501,55,India,694,1
2502,22,India,632,0
2503,64,Canada,710,1
2504,36,UK,384,1
2505,62,USA,387,1
2506,52,USA,745,0
2507,42,UK,639,0
2508,62,Germany,55,0
2509,61,Canada,109,1
2510,65,Australia,983,0
2511,30,Australia,497,1
2512,34,Germany,509,1
2513,36,UK,504,0
2514,59,Canada,42,1
2515,26,USA,17,0
2516,19,USA,575,0
2517,36,Germany,529,0
2518,35,India,373,1
2519,24,UK,81,1
2520,57,Australia,429,0
2521,42,UK,709,0
2522,21,Germany,728,0
2523,21,UK,307,0
2524,22,USA,146,0
2525,36,Germany,780,0
2526,47,USA,344,1
2527,40,Canada,209,1
2528,49,Canada,252,0
2529,45,India,920,0
2530,52,UK,726,1
2531,62,Canada,76,1
2532,38,UK,433,1
2533,27,USA,47,0
2534,49,Germany,958,0
2535,39,Canada,146,1
2536,49,Germany,27,1
2537,56,Canada,945,0
2538,61,UK,584,0
2539,51,Canada,839,0
2540,55,Australia,955,0
2541,26,Canada,494,0
2542,68,USA,547,0
2543,31,India,732,0
2544,56,USA,468,0
2545,45,Germany,204,0
2546,31,UK,150,0
2547,65,UK,404,0
2548,21,Canada,463,0
2549,18,UK,135,0
2550,29,India,618,0
2551,67,India,810,0
2552,29,Canada,871,0
2553,27,Canada,463,0
2554,34,Germany,196,0
2555,58,Canada,479,1
2556,56,USA,119,0
2557,67,USA,486,1
2558,68,USA,894,0
2559,32,India,78,1
2560,54,Australia,416,0
2561,39,UK,854,1
2562,20,Germany,509,0
2563,65,Canada,657,0
2564,19,Germany,4,0
2565,41,India,529,0
2566,36,Canada,325,1
2567,26,Canada,731,0
2568,38,India,536,1
2569,41,UK,955,0
2570,21,Canada,869,0
2571,52,UK,479,0
2572,42,India,296,0
2573,63,Germany,846,0
2574,23,Canada,785,0
2575,66,Australia,355,0
2576,19,UK,761,1
2577,19,Canada,820,0
2578,43,UK,534,0
2579,20,Canada,227,1
2580,29,Canada,728,1
2581,56,Canada,551,0
2582,62,Germany,268,0
2583,27,Australia,353,0
2584,33,Canada,640,0
2585,20,UK,888,0
2586,28,Germany,894,1
2587,27,USA,874,1
2588,20,UK,712,0
2589,62,UK,839,0
2590,23,Australia,809,0
2591,37,USA,441,0
2592,33,Germany,921,0
2593,56,Canada,657,0
2594,23,UK,893,0
2595,63,Australia,70,0
2596,39,Australia,852,0
2597,66,Australia,861,0
2598,66,USA,52,0
2599,67,Canada,239,0
2600,35,Germany,166,0
2601,54,UK,478,0
2602,27,Australia,591,0
2603,65,Canada,300,1
2604,50,Canada,16,0
2605,52,India,610,1
2606,47,Australia,909,0
2607,22,USA,375,0
2608,56,Canada,301,1
2609,44,Germany,862,0
2610,44,India,922,0
2611,59,Canada,559,0
2612,55,Australia,453,1
2613,51,Australia,565,1
2614,43,Canada,560,0
2615,26,Germany,576,0
2616,68,India,39,1
2617,20,Australia,64,0
2618,28,India,97,1
2619,28,USA,411,0
2620,56,Canada,735,0
2621,19,Australia,603,0
2622,64,USA,338,1
2623,52,India,291,0
2624,56,USA,897,1
2625,55,Germany,596,0
2626,68,UK,898,1
2627,61,Germany,509,0
2628,22,India,777,0
2629,55,Germany,189,1
2630,67,Australia,76,0
2631,38,India,49,0
2632,65,Germany,689,1
2633,22,Canada,218,0
2634,62,Canada,346,1
2635,61,Germany,26,0
2636,32,Australia,123,0
2637,33,Australia,421,0
2638,64,USA,863,1
2639,33,Australia,311,0
2640,19,India,438,1
2641,43,Canada,698,0
2642,55,India,174,1
2643,25,Canada,776,0
2644,24,UK,832,0
2645,25,Australia,371,0
2646,38,Germany,448,1
2647,25,Canada,58,0
2648,67,Germany,249,0
2649,26,UK,271,0
2650,27,India,797,1
2651,53,Germany,84,0
2652,54,Canada,342,1
2653,58,UK,744,0
2654,55,Canada,412,0
2655,48,UK,14,1
2656,26,Australia,249,0
2657,41,Australia,973,0
2658,68,Australia,817,0
2659,45,Australia,840,1
2660,22,Australia,554,0
2661,53,UK,873,0
2662,63,Canada,834,0
2663,44,Germany,129,0
2664,59,India,948,0
2665,20,India,6,0
2666,23,UK,565,1
2667,35,Canada,599,1
2668,39,UK,805,0
2669,41,India,368,0
2670,18,UK,209,0
2671,69,UK,749,0
2672,64,Australia,771,1
2673,28,India,216,0
2674,61,Australia,813,1
2675,18,Australia,536,0
2676,52,Germany,536,0
2677,33,UK,16,1
2678,68,Germany,950,1
2679,32,UK,761,0
2680,18,Canada,847,0
2681,21,Australia,299,1
2682,30,UK,394,0
2683,51,UK,103,1
2684,67,USA,215,1
2685,56,Canada,259,0
2686,66,Australia,538,0
2687,65,Canada,591,0
2688,24,Germany,928,1
2689,67,Germany,629,1
2690,45,UK,333,0
2691,52,India,112,1
2692,53,UK,439,0
2693,36,USA,577,0
2694,68,UK,534,0
2695,62,Australia,372,1
2696,53,USA,676,0
2697,69,UK,181,0
2698,33,Germany,681,0
2699,19,Australia,21,0
2700,61,UK,615,0
2701,46,Australia,822,0
2702,34,Germany,336,0
2703,68,India,73,0
2704,66,India,101,0
2705,65,Canada,238,0
2706,50,UK,99,0
2707,64,Canada,947,1
2708,68,Australia,297,1
2709,54,UK,594,0
2710,29,India,541,0
2711,29,USA,867,0
2712,59,Canada,32,1
2713,34,Australia,69,1
2714,26,Canada,433,0
2715,53,India,658,0
2716,46,India,893,0
2717,42,USA,143,0
2718,59,Australia,157,0
2719,21,Canada,82,0
2720,66,India,172,1
2721,28,Australia,270,1
2722,67,India,62,0
2723,55,USA,429,0
2724,37,USA,570,0
2725,55,Germany,461,0
2726,31,UK,865,1
2727,54,Australia,520,0
2728,61,Germany,901,0
2729,48,USA,557,1
2730,49,Australia,289,0
2731,47,India,114,0
2732,20,USA,474,0
2733,47,Canada,905,0
2734,20,India,430,0
2735,68,Germany,141,1
2736,52,Australia,311,0
2737,19,Germany,445,0
2738,61,Germany,576,1
2739,64,Australia,130,0
2740,30,India,622,0
2741,59,UK,812,0
2742,60,UK,383,0
2743,54,UK,286,0
2744,23,Australia,886,0
2745,30,USA,515,0
2746,41,USA,565,0
2747,66,Australia,810,1
2748,53,Canada,450,0
2749,51,India,986,0
2750,53,Canada,616,0
2751,61,Australia,278,0
2752,47,Australia,626,0
2753,47,USA,264,1
2754,64,India,329,0
2755,57,Germany,281,0
2756,28,India,719,0
2757,36,USA,727,1
2758,49,Germany,26,0
2759,36,Germany,896,0
2760,46,India,167,1
2761,50,Australia,979,1
2762,50,UK,367,1
2763,24,USA,538,0
2764,25,USA,645,0
2765,22,UK,689,0
2766,39,Canada,975,1
2767,50,Canada,619,0
2768,60,USA,18,0
2769,47,UK,794,0
2770,56,UK,929,0
2771,18,Germany,753,0
2772,66,Australia,646,1
2773,55,Canada,106,1
2774,44,Canada,425,0
2775,27,Germany,785,0
2776,46,India,186,1
2777,39,Canada,246,1
2778,56,Germany,652,0
2779,39,UK,563,0
2780,24,India,104,0
2781,30,USA,725,0
2782,26,UK,79,0
2783,42,India,781,1
2784,51,Australia,803,0
2785,59,Germany,632,1
2786,65,Australia,704,0
2787,20,UK,210,1
2788,69,Australia,460,0
2789,28,India,121,1
2790,22,USA,129,0
2791,46,Australia,722,0
2792,58,UK,130,0
2793,33,UK,944,0
2794,39,Canada,356,1
2795,63,Australia,29,0
2796,32,India,828,0
2797,58,India,299,0
2798,66,Canada,192,1
2799,68,Australia,770,0
2800,19,Germany,166,1
2801,57,Germany,794,1
2802,31,Canada,768,0
2803,18,UK,437,0
2804,43,USA,914,0
2805,40,Germany,149,1
2806,38,Australia,283,1
2807,23,USA,556,0
2808,62,India,17,1
2809,57,India,506,1
2810,29,Germany,231,1
2811,63,UK,726,1
2812,22,India,393,1
2813,22,USA,611,0
2814,19,UK,728,1
2815,56,Germany,606,0
2816,68,India,220,0
2817,28,Germany,343,0
2818,57,UK,617,0
2819,19,UK,871,0
2820,22,UK,692,0
2821,46,Canada,20,0
2822,55,Australia,660,0
2823,19,Canada,633,1
2824,23,USA,681,0
2825,50,UK,513,0
2826,30,Australia,915,0
2827,42,UK,825,1
2828,29,Australia,606,0
2829,39,India,871,0
2830,64,USA,950,1
2831,37,Australia,415,0
2832,57,USA,758,1
2833,41,Germany,946,0
2834,33,UK,498,0
2835,30,India,877,0
2836,42,Germany,942,1
2837,41,Australia,880,1
2838,26,Canada,498,0
2839,67,Australia,589,1
2840,49,UK,527,0
2841,22,Australia,214,0
2842,27,USA,280,1
2843,35,Australia,775,0
2844,22,UK,60,0
2845,52,UK,474,1
2846,40,Canada,757,0
2847,66,India,801,1
2848,34,India,279,0
2849,34,India,186,0
2850,37,Germany,158,1
2851,56,India,440,0
2852,40,Germany,446,1
2853,56,Australia,488,0
2854,50,Canada,928,0
2855,34,UK,531,0
2856,52,Germany,632,0
2857,37,Australia,921,0
2858,27,Canada,344,1
2859,44,Germany,400,0
2860,47,Canada,383,0
2861,24,Australia,272,1
2862,33,India,424,0
2863,52,India,753,0
2864,60,Australia,228,0
2865,49,Canada,809,0
2866,44,USA,404,1
2867,26,Canada,604,0
2868,55,Germany,259,0
2869,56,Canada,993,1
2870,54,Australia,198,1
2871,64,UK,463,0
2872,31,USA,506,1
2873,63,Canada,767,1
2874,41,USA,315,1
2875,59,USA,736,0
2876,57,Canada,420,0
2877,65,Canada,24,1
2878,44,India,25,0
2879,69,Canada,338,0
2880,54,Canada,794,0
2881,52,India,320,0
2882,59,India,86,0
2883,45,UK,867,0
2884,28,Canada,799,1
2885,56,Germany,100,1
2886,36,USA,396,0
2887,60,Australia,613,0
2888,46,India,626,0
2889,61,Australia,130,0
2890,69,Canada,388,0
2891,55,Germany,791,1
2892,68,USA,843,0
2893,19,Canada,123,1
2894,28,Germany,229,1
2895,67,USA,910,0
2896,52,Germany,905,1
2897,61,India,460,0
2898,56,Canada,78,0
2899,28,Germany,295,0
2900,27,Germany,171,1
2901,65,Canada,86,0
2902,69,USA,480,0
2903,30,Canada,69,0
2904,31,Germany,968,0
2905,68,Australia,419,0
2906,35,UK,865,0
2907,66,Australia,512,0
2908,48,USA,226,1
2909,31,Germany,67,1
2910,29,UK,237,0
2911,32,USA,407,0
2912,49,Australia,647,0
2913,31,India,428,0
2914,49,Canada,326,0
2915,23,USA,283,0
2916,54,USA,888,0
2917,51,Germany,680,1
2918,28,UK,214,0
2919,18,Australia,274,1
2920,60,USA,668,0
2921,24,Canada,919,1
2922,28,USA,470,0
2923,69,USA,605,1
2924,35,Germany,206,0
2925,41,USA,648,0
2926,62,UK,309,0
2927,44,Germany,100,1
2928,66,India,354,0
2929,56,India,63,0
2930,54,Australia,738,0
2931,57,Australia,92,1
2932,56,Australia,476,0
2933,67,Germany,486,1
2934,35,UK,364,0
2935,24,Germany,742,1
2936,20,Germany,876,0
2937,59,Germany,250,1
2938,65,Germany,380,0
2939,20,USA,471,1
2940,24,Australia,366,0
2941,36,Australia,58,0
2942,68,Canada,210,0
2943,62,India,234,0
2944,31,Australia,620,0
2945,56,UK,119,0
2946,44,USA,616,0
2947,21,India,147,0
2948,38,Canada,635,1
2949,50,Germany,752,0
2950,47,Canada,22,0
2951,58,India,466,1
2952,19,Australia,716,1
2953,60,India,763,0
2954,46,USA,379,0
2955,26,USA,367,0
2956,50,UK,714,0
2957,25,Germany,869,0
2958,50,Australia,623,1
2959,57,Australia,749,0
2960,44,Canada,257,1
2961,50,Germany,510,0
2962,22,Canada,785,0
2963,59,Germany,610,0
2964,40,India,419,1
2965,32,India,437,1
2966,67,Germany,281,0
2967,63,UK,152,0
2968,39,India,651,1
2969,56,UK,235,0
2970,63,India,38,0
2971,54,Australia,219,0
2972,51,USA,864,0
2973,34,USA,161,0
2974,69,Australia,374,0
2975,26,Germany,801,1
2976,46,Canada,205,0
2977,38,USA,197,0
2978,68,India,121,0
2979,37,India,825,0
2980,25,USA,522,0
2981,58,USA,195,0
2982,27,Canada,921,0
2983,42,USA,11,0
2984,53,Germany,551,0
2985,31,Canada,999,0
2986,18,Australia,56,1
2987,47,Australia,780,0
2988,30,USA,180,0
2989,60,India,855,0
2990,33,Australia,647,0
2991,28,USA,440,0
2992,46,Germany,192,0
2993,29,Germany,7,0
2994,56,India,874,0
2995,43,Canada,232,1
2996,51,India,333,0
2997,53,USA,345,0
2998,34,India,130,0
2999,46,Canada,626,0
3000,44,UK,655,0
3001,32,India,545,1
3002,29,Australia,357,0
3003,25,Canada,736,1
3004,44,UK,665,0
3005,38,Canada,621,1
3006,65,Canada,890,1
3007,22,Australia,653,0
3008,42,UK,371,0
3009,56,India,839,0
3010,20,UK,62,1
3011,54,India,119,0
3012,25,Australia,977,1
3013,50,Canada,337,1
3014,65,India,238,0
3015,65,Germany,136,0
3016,59,UK,381,0
3017,46,UK,114,1
3018,34,USA,208,1
3019,25,Canada,166,0
3020,46,Canada,617,1
3021,48,Australia,812,0
3022,34,India,79,0
3023,59,Australia,688,0
3024,42,Australia,103,1
3025,49,Germany,518,1
3026,60,Canada,116,0
3027,55,Germany,182,0
3028,22,USA,210,0
3029,42,UK,96,0
3030,69,Australia,86,1
3031,27,Australia,696,0
3032,45,Germany,582,0
3033,22,Canada,791,0
3034,46,UK,976,1
3035,39,Australia,192,0
3036,37,Germany,691,0
3037,54,Germany,690,1
3038,57,India,161,0
3039,61,UK,34,0
3040,66,Germany,318,0
3041,24,India,118,0
3042,20,Canada,934,0
3043,66,Germany,44,0
3044,47,India,785,1
3045,52,India,852,1
3046,62,UK,108,0
3047,66,Australia,228,1
3048,49,India,906,0
3049,23,Germany,379,0
3050,64,USA,290,1
3051,34,Canada,744,0
3052,29,Germany,213,1
3053,20,Germany,594,0
3054,36,Canada,303,0
3055,25,Canada,240,1
3056,65,India,683,0
3057,66,Germany,881,0
3058,27,India,839,0
3059,18,UK,49,1
3060,54,India,628,0
3061,42,UK,903,0
3062,34,Australia,605,0
3063,50,USA,967,0
3064,28,Germany,329,0
3065,21,UK,740,0
3066,30,USA,535,0
3067,54,Canada,935,0
3068,50,Australia,396,0
3069,28,India,671,1
3070,30,USA,543,1
3071,32,UK,313,0
3072,56,Germany,196,0
3073,19,Australia,16,0
3074,54,Canada,593,1
3075,36,Canada,967,0
3076,30,USA,229,0
3077,28,USA,984,0
3078,43,India,583,1
3079,36,Canada,326,0
3080,60,Australia,359,1
3081,21,Australia,698,1
3082,54,Canada,573,0
3083,24,India,969,0
3084,18,Germany,627,0
3085,27,India,92,1
3086,18,UK,333,0
3087,18,UK,52,0
3088,58,USA,718,0
3089,34,India,439,0
3090,53,India,997,1
3091,34,Australia,598,0
3092,19,USA,503,0
3093,21,Australia,676,1
3094,38,Germany,717,0
3095,42,India,666,0
3096,37,Australia,161,0
3097,53,Canada,849,0
3098,33,Australia,750,1
3099,37,India,413,0
3100,41,Germany,387,1
3101,50,India,66,1
3102,27,Canada,978,0
3103,66,UK,91,1
3104,22,UK,730,0
3105,31,Germany,152,0
3106,68,Germany,319,0
3107,52,Canada,560,1
3108,29,Australia,156,1
3109,60,UK,401,0
3110,38,UK,57,1
3111,28,UK,697,0
3112,27,UK,330,0
3113,23,Canada,356,1
3114,60,Germany,887,1
3115,62,Germany,805,0
3116,23,USA,434,1
3117,41,Australia,665,0
3118,43,Germany,968,1
3119,65,UK,870,0
3120,52,India,106,1
3121,63,UK,548,0
3122,55,UK,779,0
3123,67,Germany,551,0
3124,53,USA,564,0
3125,30,Canada,146,1
3126,41,India,713,1
3127,58,Australia,778,0
3128,55,India,271,1
3129,48,USA,198,1
3130,28,UK,783,0
3131,45,Canada,138,0
3132,67,Canada,71,0
3133,35,Canada,372,0
3134,19,Australia,872,0
3135,60,Germany,666,0
3136,47,UK,810,1
3137,18,India,290,0
3138,36,India,898,0
3139,40,UK,149,1
3140,29,India,790,0
3141,18,Germany,286,0
3142,41,Canada,270,1
3143,28,India,24,1
3144,30,Germany,208,0
3145,41,Canada,438,0
3146,33,Australia,422,0
3147,66,Australia,587,1
3148,60,UK,541,0
3149,56,UK,42,0
3150,60,Germany,387,0
3151,59,Australia,910,0
3152,59,Australia,862,0
3153,59,Australia,416,1
3154,18,Germany,56,0
3155,59,Germany,130,0
3156,56,India,967,0
3157,26,Australia,534,0
3158,66,UK,641,1
3159,36,India,356,0
3160,62,India,452,0
3161,39,Australia,146,1
3162,60,Canada,167,0
3163,36,Germany,48,0
3164,24,India,464,0
3165,18,Canada,371,0
3166,36,Australia,165,0
3167,43,USA,214,0
3168,50,Canada,578,1
3169,37,USA,700,0
3170,27,USA,920,0
3171,54,Australia,644,1
3172,30,USA,402,1
3173,41,USA,706,0
3174,36,Germany,201,0
3175,56,India,637,1
3176,59,Australia,597,0
3177,64,India,783,1
3178,22,USA,617,0
3179,58,Australia,215,0
3180,40,India,236,0
3181,58,USA,902,0
3182,26,India,60,0
3183,50,Canada,819,0
3184,54,Germany,287,1
3185,46,UK,442,1
3186,53,USA,757,1
3187,43,Canada,548,0
3188,45,Australia,708,0
3189,39,Australia,716,0
3190,57,Canada,742,1
3191,46,Germany,639,1
3192,59,Australia,679,0
3193,56,Germany,277,0
3194,21,USA,188,1
3195,27,USA,343,1
3196,63,Canada,944,0
3197,56,Canada,317,0
3198,37,Germany,65,0
3199,22,USA,592,0
3200,45,USA,735,1
3201,62,Canada,619,0
3202,51,Australia,909,0
3203,45,UK,810,0
3204,48,Canada,593,1
3205,27,UK,520,0
3206,67,USA,709,0
3207,48,Canada,913,0
3208,65,Australia,969,0
3209,18,Australia,132,0
3210,42,Germany,387,1
3211,40,India,460,0
3212,60,USA,586,1
3213,23,USA,754,1
3214,19,Canada,544,0
3215,29,India,1,0
3216,65,India,306,0
3217,61,India,520,1
3218,22,Canada,114,0
3219,55,Canada,379,0
3220,60,UK,276,0
3221,35,UK,825,1
3222,51,UK,154,0
3223,63,Germany,115,1
3224,21,USA,445,0
3225,31,UK,708,0
3226,65,Germany,359,1
3227,68,Germany,753,0
3228,46,Canada,843,1
3229,42,India,104,0
3230,24,Australia,666,0
3231,42,India,531,1
3232,59,UK,681,0
3233,64,Australia,525,0
3234,19,USA,144,0
3235,30,Australia,419,0
3236,48,Australia,85,0
3237,51,USA,456,0
3238,65,USA,962,0
3239,57,Germany,378,0
3240,58,Germany,705,0
3241,21,Germany,867,1
3242,64,Canada,843,1
3243,29,Germany,557,1
3244,52,USA,450,0
3245,58,Australia,963,0
3246,37,USA,239,1
3247,66,Australia,310,0
3248,57,India,682,1
3249,35,USA,414,0
3250,36,Germany,712,0
3251,48,Germany,3,0
3252,39,Australia,465,0
3253,31,UK,499,0
3254,47,Canada,917,0
3255,49,USA,139,1
3256,64,Canada,110,0
3257,25,USA,4,1
3258,57,India,870,0
3259,61,India,560,0
3260,38,Australia,436,0
3261,21,Canada,651,0
3262,26,Germany,516,0
3263,30,UK,816,0
3264,55,USA,106,0
3265,45,USA,826,0
3266,36,Australia,881,0
3267,45,UK,245,0
3268,39,Canada,717,1
3269,50,Canada,142,0
3270,37,Australia,143,0
3271,34,USA,152,0
3272,30,India,958,1
3273,65,UK,656,1
3274,49,USA,43,0
3275,20,India,637,1
3276,33,Canada,334,0
3277,66,India,63,0
3278,66,Australia,307,0
3279,47,Germany,955,1
3280,35,USA,255,0
3281,40,UK,718,1
3282,62,India,830,0
3283,32,Canada,746,0
3284,55,India,942,0
3285,61,Canada,587,0
3286,42,Germany,564,1
3287,36,Australia,66,0
3288,50,Canada,840,0
3289,26,UK,866,0
3290,22,Germany,55,0
3291,25,Australia,272,0
3292,62,India,628,1
3293,18,Australia,662,0
3294,31,Australia,292,0
3295,58,USA,338,1
3296,66,Canada,487,0
3297,44,Australia,569,0
3298,66,UK,133,1
3299,46,USA,271,0
3300,54,USA,887,0
3301,37,Germany,933,0
3302,58,India,167,0
3303,40,USA,279,0
3304,33,UK,9,1
3305,44,Canada,819,1
3306,34,Canada,550,1
3307,35,Canada,191,1
3308,30,Germany,680,0
3309,32,UK,939,1
3310,21,USA,417,0
3311,68,Australia,640,1
3312,53,UK,148,0
3313,62,Germany,364,1
3314,35,Germany,606,0
3315,54,India,575,0
3316,29,UK,405,0
3317,26,Canada,126,1
3318,42,Germany,355,1
3319,66,Germany,14,0
3320,42,India,443,1
3321,22,Australia,617,1
3322,40,Canada,521,0
3323,67,Australia,144,1
3324,31,Germany,257,0
3325,42,USA,400,0
3326,64,Canada,172,0
3327,46,UK,152,0
3328,32,India,851,0
3329,19,Australia,283,1
3330,40,USA,497,0
3331,40,USA,580,1
3332,59,UK,93,0
3333,49,India,737,0
3334,34,Germany,103,0
3335,49,Australia,884,0
3336,19,Australia,380,0
3337,62,India,600,0
3338,39,Australia,15,0
3339,44,Germany,956,0
3340,45,UK,577,0
3341,61,UK,650,0
3342,46,USA,210,0
3343,56,USA,753,1
3344,29,USA,53,1
3345,27,UK,54,0
3346,48,Germany,135,0
3347,27,UK,522,1
3348,56,UK,668,1
3349,20,USA,754,0
3350,38,India,820,1
3351,29,USA,836,0
3352,56,India,874,1
3353,40,Germany,447,1
3354,57,Germany,812,1
3355,68,Canada,442,0
3356,50,Canada,528,0
3357,67,Canada,875,1
3358,67,Germany,602,0
3359,47,USA,359,1
3360,39,USA,234,1
3361,62,USA,777,1
3362,26,UK,269,1
3363,52,Canada,993,0
3364,48,USA,180,0
3365,52,Canada,783,1
3366,23,Canada,510,0
3367,50,UK,800,1
3368,50,Germany,412,1
3369,51,USA,192,0
3370,36,UK,107,0
3371,23,Germany,244,0
3372,37,Germany,866,0
3373,35,USA,604,0
3374,68,Australia,73,0
3375,23,Canada,590,0
3376,41,India,253,0
3377,29,Canada,51,0
3378,44,Canada,122,0
3379,43,India,685,1
3380,35,Australia,492,0
3381,46,Germany,273,1
3382,62,India,573,0
3383,21,India,330,0
3384,20,UK,111,0
3385,42,UK,433,0
3386,25,UK,99,0
3387,35,Germany,694,1
3388,65,India,871,1
3389,21,USA,809,0
3390,32,India,520,0
3391,36,Germany,568,0
3392,56,UK,650,0
3393,66,Germany,169,0
3394,22,UK,887,0
3395,36,Germany,287,0
3396,56,USA,472,1
3397,40,UK,560,0
3398,23,UK,550,1
3399,44,India,203,0
3400,34,Australia,244,0
3401,64,Australia,761,1
3402,30,Germany,907,0
3403,43,Canada,342,0
3404,46,Canada,73,0
3405,66,India,46,0
3406,60,Germany,208,0
3407,56,USA,124,0
3408,48,India,668,0
3409,20,UK,886,1
3410,42,USA,911,1
3411,31,Germany,832,0
3412,53,UK,626,0
3413,54,Canada,998,0
3414,56,Germany,959,0
3415,18,UK,888,0
3416,18,Germany,747,0
3417,39,UK,395,0
3418,34,Germany,676,1
3419,43,Australia,240,1
3420,26,Canada,139,0
3421,18,India,630,0
3422,39,UK,568,1
3423,54,UK,687,0
3424,69,Canada,974,0
3425,22,Australia,442,1
3426,51,India,64,0
3427,65,Germany,714,1
3428,47,UK,917,0
3429,18,India,577,0
3430,55,Germany,25,0
3431,45,UK,417,0
3432,58,UK,158,1
3433,65,Australia,328,1
3434,18,Australia,268,1
3435,23,Australia,601,0
3436,18,Germany,672,0
3437,20,Canada,49,0
3438,60,India,413,1
3439,26,UK,952,0
3440,63,Germany,420,0
3441,66,UK,844,0
3442,67,Germany,643,1
3443,67,UK,964,0
3444,54,USA,46,0
3445,50,Canada,848,0
3446,37,India,230,0
3447,33,Canada,606,0
3448,41,Canada,88,1
3449,29,India,913,0
3450,45,Australia,573,0
3451,68,Canada,539,1
3452,48,USA,219,0
3453,48,Australia,32,0
3454,62,Germany,739,0
3455,63,Australia,341,0
3456,24,India,772,0
3457,42,Germany,671,0
3458,37,UK,292,1
3459,34,Australia,493,0
3460,52,USA,873,0
3461,60,Germany,880,1
3462,54,Australia,814,0
3463,21,Germany,336,0
3464,43,India,889,1
3465,34,Australia,685,1
3466,45,UK,449,0
3467,60,India,421,0
3468,57,UK,166,0
3469,26,Australia,461,0
3470,33,India,912,0
3471,59,Australia,364,0
3472,59,Germany,205,0
3473,56,Germany,472,0
3474,69,USA,653,0
3475,26,Germany,979,0
3476,57,Canada,854,1
3477,40,Germany,770,0
3478,28,Canada,543,0
3479,33,Germany,523,0
3480,24,Canada,896,0
3481,65,Canada,126,0
3482,31,Australia,476,1
3483,33,Germany,787,0
3484,43,Canada,134,0
3485,26,USA,562,0
3486,29,UK,23,0
3487,22,Australia,235,0
3488,53,Canada,771,1
3489,34,Canada,935,0
3490,62,Australia,972,0
3491,36,USA,533,0
3492,60,USA,948,0
3493,66,India,300,0
3494,57,Australia,975,0
3495,45,Australia,949,0
3496,21,UK,591,0
3497,20,India,586,0
3498,40,Australia,786,0
3499,48,Canada,571,0
3500,20,USA,67,0
3501,46,Canada,601,0
3502,46,Australia,890,1
3503,66,Australia,782,1
3504,50,Australia,918,1
3505,40,Germany,853,1
3506,21,UK,277,1
3507,48,Germany,213,1
3508,52,USA,294,0
3509,58,USA,541,1
3510,20,USA,449,1
3511,36,UK,686,0
3512,31,India,881,1
3513,31,Canada,44,0
3514,30,Australia,998,1
3515,68,Canada,870,0
3516,50,Canada,797,0
3517,48,Canada,80,0
3518,65,Australia,558,0
3519,69,Canada,650,0
3520,58,India,479,0
3521,67,Germany,564,0
3522,45,UK,467,0
3523,49,Germany,909,0
3524,50,Germany,248,1
3525,20,Australia,573,1
3526,41,Canada,703,0
3527,40,Australia,286,0
3528,49,Canada,312,0
3529,50,India,965,1
3530,25,UK,463,0
3531,51,USA,965,0
3532,22,Germany,806,0
3533,43,USA,897,0
3534,43,UK,161,1
3535,37,Germany,528,1
3536,43,USA,87,0
3537,48,USA,500,0
3538,18,Australia,746,1
3539,68,India,218,0
3540,68,UK,528,1
3541,31,UK,893,0
3542,50,UK,754,0
3543,30,Germany,898,0
3544,38,India,659,1
3545,39,Canada,203,0
3546,38,Germany,167,0
3547,25,UK,810,1
3548,42,Germany,473,1
3549,36,USA,750,0
3550,58,Germany,490,1
3551,34,Australia,892,0
3552,21,Australia,350,0
3553,40,Germany,307,0
3554,53,UK,960,0
3555,48,USA,421,0
3556,50,UK,411,0
3557,39,USA,640,1
3558,41,Australia,110,0
3559,49,USA,583,1
3560,29,USA,11,1
3561,49,UK,569,1
3562,39,Australia,482,0
3563,37,USA,184,0
3564,27,Australia,592,0
3565,21,India,475,1
3566,60,Australia,848,0
3567,50,India,496,0
3568,39,Canada,265,0
3569,44,India,273,0
3570,62,Canada,8,0
3571,50,India,513,0
3572,58,UK,951,0
3573,33,Canada,786,1
3574,18,Germany,339,1
3575,25,Germany,387,0
3576,22,India,695,0
3577,35,Germany,690,0
3578,50,Australia,623,0
3579,56,India,784,1
3580,64,India,38,1
3581,31,Australia,747,0
3582,65,Australia,345,1
3583,39,Germany,912,0
3584,33,Germany,588,1
3585,44,USA,345,0
3586,22,Australia,268,0
3587,52,Canada,33,0
3588,67,India,440,1
3589,58,Germany,722,1
3590,56,Canada,859,0
3591,34,Germany,56,0
3592,20,Germany,197,0
3593,40,USA,999,0
3594,62,Australia,957,0
3595,27,India,473,1
3596,58,India,610,0
3597,54,UK,317,1
3598,34,Australia,727,0
3599,66,USA,201,0
3600,49,Canada,888,0
3601,39,USA,171,1
3602,18,Canada,465,0
3603,30,India,95,0
3604,24,UK,471,0
3605,22,UK,69,0
3606,26,India,262,0
3607,33,Germany,213,0
3608,33,USA,293,0
3609,30,UK,288,0
3610,63,Australia,200,0
3611,53,Germany,154,1
3612,50,Canada,157,0
3613,18,Australia,983,1
3614,20,UK,455,0
3615,32,Canada,232,1
3616,47,Germany,359,0
3617,60,Canada,497,0
3618,57,Germany,449,0
3619,45,Canada,889,0
3620,20,USA,292,0
3621,50,UK,937,0
3622,62,UK,90,1
3623,50,Germany,84,1
3624,22,Canada,485,0
3625,40,India,782,0
3626,56,Australia,339,0
3627,21,Australia,478,0
3628,48,UK,9,0
3629,31,Canada,503,0
3630,27,Canada,624,0
3631,40,USA,27,0
3632,19,Australia,365,0
3633,68,India,306,0
3634,18,UK,296,0
3635,65,USA,989,1
3636,55,India,48,0
3637,34,UK,183,0
3638,25,USA,86,0
3639,25,India,137,1
3640,33,UK,607,0
3641,38,Australia,602,0
3642,45,India,72,0
3643,65,Canada,812,0
3644,43,Germany,223,0
3645,49,Germany,434,0
3646,42,Canada,884,1
3647,19,India,810,0
3648,29,Canada,649,1
3649,45,Germany,806,0
3650,63,Germany,470,1
3651,35,India,70,0
3652,33,Germany,527,0
3653,30,Australia,631,1
3654,24,Canada,529,0
3655,39,Australia,567,1
3656,30,Australia,303,0
3657,46,India,22,0
3658,65,Canada,517,0
3659,27,India,467,0
3660,63,Germany,675,0
3661,27,UK,578,0
3662,53,India,281,0
3663,64,India,40,0
3664,40,UK,211,1
3665,30,Germany,253,0
3666,36,Canada,381,0
3667,21,USA,234,0
3668,69,UK,739,0
3669,23,USA,439,0
3670,40,Germany,766,0
3671,41,India,965,1
3672,30,India,175,0
3673,54,Germany,671,1
3674,47,Canada,18,0
3675,52,Canada,922,0
3676,66,Australia,883,0
3677,50,Germany,217,0
3678,54,Germany,59,0
3679,50,Australia,935,1
3680,60,Germany,191,0
3681,34,Germany,738,0
3682,59,Australia,566,0
3683,47,Germany,76,1
3684,61,Germany,121,0
3685,65,India,160,0
3686,48,USA,900,0
3687,64,Canada,1,0
3688,39,USA,574,1
3689,31,India,617,0
3690,30,UK,675,0
3691,64,USA,717,0
3692,68,UK,950,0
3693,24,India,813,0
3694,47,Canada,298,0
3695,32,UK,60,0
3696,60,India,677,0
3697,65,Germany,695,0
3698,58,Canada,491,0
3699,48,Australia,592,0
3700,61,Germany,697,0
3701,49,Canada,364,0
3702,35,Canada,836,0
3703,24,USA,626,1
3704,60,Canada,647,1
3705,20,USA,913,0
3706,63,UK,221,0
3707,69,Canada,918,0
3708,69,UK,902,0
3709,28,Canada,474,0
3710,45,USA,483,0
3711,52,Australia,400,0
3712,35,Germany,879,0
3713,65,Canada,241,0
3714,52,India,884,1
3715,52,Germany,284,1
3716,55,USA,905,0
3717,38,Australia,820,0
3718,50,Australia,307,1
3719,40,India,333,0
3720,18,UK,243,0
3721,33,USA,409,1
3722,45,Germany,303,1
3723,55,UK,139,0
3724,18,UK,647,0
3725,49,USA,713,0
3726,40,Germany,429,0
3727,69,USA,870,0
3728,29,India,351,0
3729,37,India,887,1
3730,53,Australia,67,1
3731,44,Canada,757,1
3732,50,Australia,468,1
3733,22,UK,471,0
3734,32,Australia,902,0
3735,36,Canada,127,0
3736,23,Australia,719,0
3737,40,Germany,240,0
3738,58,India,937,0
3739,66,Canada,440,0
3740,47,India,172,1
3741,36,India,669,0
3742,36,India,903,0
3743,64,USA,550,1
3744,33,Canada,450,1
3745,24,UK,478,0
3746,24,Canada,484,0
3747,69,UK,423,0
3748,46,Canada,812,0
3749,46,Canada,510,0
3750,43,India,211,1
3751,44,UK,734,0
3752,47,Australia,259,1
3753,60,UK,775,0
3754,26,UK,501,0
3755,30,Canada,463,1
3756,22,UK,221,1
3757,44,Canada,8,0
3758,27,Australia,269,1
3759,52,USA,61,1
3760,46,India,95,0
3761,39,Germany,661,0
3762,19,USA,690,0
3763,51,UK,899,0
3764,21,Australia,855,1
3765,37,India,665,1
3766,59,Australia,651,0
3767,43,India,249,0
3768,69,India,816,1
3769,19,India,88,0
3770,19,Australia,505,0
3771,66,UK,653,0
3772,61,India,128,1
3773,19,Australia,902,0
3774,27,Germany,492,1
3775,27,Germany,791,1
3776,37,India,970,0
3777,69,Canada,883,0
3778,54,Australia,852,0
3779,25,UK,71,1
3780,61,Australia,466,0
3781,46,Germany,473,1
3782,63,Germany,899,0
3783,64,Germany,998,0
3784,29,USA,263,1
3785,67,Australia,26,1
3786,50,USA,62,1
3787,48,Germany,35,0
3788,29,Canada,891,0
3789,36,Australia,25,1
3790,29,UK,319,1
3791,18,Australia,435,0
3792,21,UK,133,0
3793,45,Germany,807,0
3794,69,Germany,516,1
3795,38,UK,997,0
3796,19,Canada,443,0
3797,33,USA,145,0
3798,40,Australia,354,0
3799,50,USA,794,0
3800,40,Australia,553,0
3801,51,Germany,892,0
3802,32,Australia,42,0
3803,40,Australia,507,0
3804,26,Australia,626,0
3805,33,UK,804,0
3806,50,USA,887,1
3807,27,Canada,336,1
3808,39,Germany,77,0
3809,46,India,262,0
3810,41,Germany,989,1
3811,27,India,637,1
3812,18,Germany,820,1
3813,29,UK,398,0
3814,60,UK,836,1
3815,27,UK,115,0
3816,53,UK,834,0
3817,67,Canada,526,0
3818,60,Canada,42,0
3819,39,India,836,0
3820,56,Canada,585,0
3821,33,Germany,822,0
3822,35,UK,407,0
3823,28,Australia,39,0
3824,42,USA,959,0
3825,62,USA,635,1
3826,53,USA,307,0
3827,29,Australia,258,0
3828,22,Germany,180,0
3829,22,USA,443,0
3830,26,USA,93,0
3831,27,India,208,0
3832,59,Germany,573,0
3833,23,Germany,318,1
3834,23,USA,191,0
3835,64,Germany,89,0
3836,67,India,132,0
3837,65,Australia,800,1
3838,69,India,99,1
3839,53,Australia,582,0
3840,33,UK,59,1
3841,51,India,473,0
3842,58,UK,593,0
3843,56,USA,54,0
3844,36,Australia,318,0
3845,18,UK,580,0
3846,43,UK,360,0
3847,23,USA,641,0
3848,68,UK,491,0
3849,42,Australia,687,0
3850,60,Australia,83,0
3851,27,India,824,1
3852,24,USA,529,1
3853,27,Germany,799,1
3854,34,Australia,306,0
3855,43,UK,753,0
3856,25,Australia,728,0
3857,49,Australia,216,0
3858,49,India,902,0
3859,50,Germany,18,0
3860,27,Australia,741,1
3861,34,USA,448,1
3862,42,Australia,34,1
3863,37,USA,775,1
3864,54,USA,413,0
3865,34,India,816,0
3866,65,Germany,723,0
3867,29,USA,917,1
3868,51,India,775,0
3869,32,Canada,961,0
3870,42,India,234,1
3871,32,Canada,86,0
3872,69,Australia,719,0
3873,24,Germany,121,0
3874,49,USA,800,0
3875,22,USA,446,0
3876,35,Australia,227,1
3877,67,UK,184,0
3878,30,USA,318,0
3879,22,Germany,899,0
3880,54,Australia,899,1
3881,69,India,983,1
3882,47,Germany,786,0
3883,53,USA,929,1
3884,65,India,424,0
3885,24,Germany,825,0
3886,48,USA,571,1
3887,65,Australia,927,1
3888,27,USA,167,0
3889,54,USA,304,1
3890,69,UK,182,1
3891,28,UK,967,0
3892,46,UK,841,0
3893,27,India,723,0
3894,34,Germany,649,0
3895,51,India,941,0
3896,24,Australia,656,1
3897,23,Australia,626,1
3898,29,India,573,0
3899,30,USA,908,0
3900,27,Canada,532,0
3901,45,Canada,600,0
3902,29,USA,867,1
3903,19,Canada,178,1
3904,56,Australia,618,0
3905,39,India,559,0
3906,18,Germany,812,1
3907,68,UK,787,1
3908,68,Australia,707,0
3909,35,India,666,0
3910,35,Australia,323,0
3911,40,Australia,899,1
3912,44,India,570,1
3913,44,Germany,820,0
3914,41,Canada,72,0
3915,54,Australia,94,0
3916,33,Germany,664,1
3917,53,India,40,0
3918,23,USA,581,1
3919,62,USA,170,1
3920,21,India,584,0
3921,34,USA,882,0
3922,43,Canada,619,0
3923,62,Australia,731,0
3924,43,Germany,373,1
3925,65,UK,559,1
3926,25,Germany,839,0
3927,31,UK,272,0
3928,26,India,586,0
3929,29,India,128,0
3930,60,UK,553,0
3931,23,Australia,571,0
3932,41,USA,473,0
3933,33,India,134,0
3934,21,Canada,482,0
3935,58,Canada,348,1
3936,24,Canada,726,0
3937,46,Australia,308,0
3938,32,Canada,466,0
3939,47,UK,610,0
3940,44,Australia,920,0
3941,25,USA,243,0
3942,62,Australia,472,0
3943,29,UK,689,0
3944,45,India,22,1
3945,30,Canada,281,0
3946,63,Canada,135,1
3947,41,Canada,19,1
3948,68,India,777,0
3949,53,Australia,870,0
3950,46,Germany,920,1
3951,22,UK,437,0
3952,62,Australia,381,0
3953,56,USA,669,0
3954,24,India,549,0
3955,40,Germany,492,0
3956,18,Germany,196,1
3957,64,USA,547,0
3958,43,India,308,1
3959,25,Germany,768,0
3960,58,Australia,131,0
3961,37,Canada,654,0
3962,43,USA,623,0
3963,53,Canada,680,0
3964,22,USA,589,0
3965,18,UK,205,0
3966,28,UK,949,0
3967,57,India,32,1
3968,31,Germany,387,0
3969,44,Canada,724,0
3970,44,Germany,757,0
3971,45,UK,793,0
3972,61,Canada,737,0
3973,25,Australia,176,0
3974,33,India,82,0
3975,41,Germany,177,0
3976,30,USA,457,1
3977,32,USA,697,0
3978,41,Canada,609,0
3979,46,USA,215,0
3980,57,USA,497,0
3981,31,UK,699,1
3982,56,India,383,0
3983,33,USA,115,0
3984,50,USA,300,0
3985,29,Germany,404,0
3986,57,Canada,955,1
3987,43,UK,278,0
3988,56,Australia,303,0
3989,62,Australia,77,0
3990,41,Canada,15,0
3991,44,Germany,172,0
3992,25,Germany,485,0
3993,29,Australia,164,1
3994,57,Germany,977,0
3995,46,USA,382,0
3996,69,Australia,674,1
3997,38,Canada,673,0
3998,58,Canada,259,0
3999,32,Canada,95,0
4000,27,India,246,0
4001,23,UK,925,0
4002,39,USA,408,0
4003,38,UK,563,0
4004,24,USA,170,0
4005,61,Canada,560,0
4006,38,India,850,0
4007,32,India,325,0
4008,29,Canada,574,1
4009,54,UK,646,0
4010,59,Germany,8,0
4011,21,Canada,533,0
4012,57,Australia,25,1
4013,52,Australia,945,0
4014,54,Australia,185,0
4015,45,Australia,317,0
4016,37,USA,546,1
4017,41,UK,916,0
4018,47,Australia,88,0
4019,24,Germany,804,0
4020,69,Australia,655,0
4021,29,India,221,0
4022,32,USA,861,0
4023,66,India,277,0
4024,59,USA,464,0
4025,21,Germany,27,0
4026,58,USA,309,0
4027,26,Germany,181,0
4028,69,Canada,875,0
4029,59,Canada,260,1
4030,28,USA,255,0
4031,33,UK,553,0
4032,21,Australia,255,0
4033,20,Australia,242,0
4034,60,Australia,757,0
4035,22,Australia,393,0
4036,43,India,594,1
4037,26,USA,612,0
4038,66,USA,913,0
4039,40,Australia,802,1
4040,22,India,15,0
4041,36,Australia,412,0
4042,21,USA,856,1
4043,62,India,763,1
4044,18,Germany,521,0
4045,18,UK,387,0
4046,48,Canada,794,1
4047,27,Canada,328,0
4048,39,Australia,399,0
4049,27,UK,660,0
4050,40,India,821,0
4051,19,UK,314,1
4052,31,India,584,1
4053,43,Australia,27,0
4054,63,UK,501,0
4055,60,Australia,220,0
4056,68,USA,658,0
4057,51,USA,96,0
4058,43,UK,231,0
4059,64,Germany,234,0
4060,50,UK,678,0
4061,63,Canada,803,1
4062,20,USA,851,0
4063,32,UK,395,0
4064,41,Australia,333,0
4065,21,Canada,13,0
4066,66,Australia,98,0
4067,65,USA,711,0
4068,29,Germany,149,0
4069,68,Germany,698,0
4070,31,Canada,226,0
4071,21,UK,448,1
4072,43,USA,656,1
4073,19,Germany,35,1
4074,36,Canada,187,1
4075,68,India,264,1
4076,20,UK,678,0
4077,40,India,535,0
4078,36,UK,540,0
4079,64,USA,516,0
4080,20,Canada,135,0
4081,48,Australia,586,0
4082,34,Australia,668,0
4083,40,USA,20,1
4084,60,India,907,1
4085,34,Australia,950,0
4086,36,Canada,260,0
4087,54,USA,551,0
4088,61,USA,682,0
4089,29,USA,130,0
4090,27,India,342,0
4091,20,USA,455,0
4092,37,Germany,332,0
4093,45,UK,233,1
4094,55,Germany,953,0
4095,61,India,165,1
4096,32,India,86,0
4097,57,USA,613,1
4098,51,Canada,250,1
4099,52,Australia,874,1
4100,56,Australia,545,0
4101,45,Australia,165,1
4102,53,Germany,849,0
4103,19,India,799,1
4104,47,UK,204,1
4105,68,India,121,0
4106,41,Germany,664,0
4107,28,Australia,13,0
4108,27,UK,768,0
4109,37,UK,840,0
4110,31,USA,796,0
4111,60,Canada,520,0
4112,64,UK,988,0
4113,63,USA,766,0
4114,68,Canada,460,0
4115,69,Australia,932,0
4116,20,USA,761,0
4117,19,India,172,0
4118,34,India,334,1
4119,27,Canada,579,0
4120,42,USA,982,0
4121,64,Germany,222,0
4122,45,USA,159,1
4123,43,Germany,235,1
4124,18,UK,677,0
4125,63,UK,905,0
4126,38,UK,479,0
4127,39,USA,524,0
4128,23,Canada,821,0
4129,22,Germany,585,0
4130,31,USA,940,0
4131,47,UK,52,0
4132,62,India,541,0
4133,25,UK,791,0
4134,52,Canada,991,0
4135,49,UK,186,1
4136,34,Australia,160,0
4137,49,Canada,256,0
4138,65,India,632,0
4139,64,Germany,210,0
4140,46,UK,221,1
4141,57,Canada,774,0
4142,67,Germany,374,0
4143,41,India,20,0
4144,22,Australia,937,0
4145,33,Canada,813,0
4146,24,India,155,0
4147,61,India,289,0
4148,37,USA,879,0
4149,49,Germany,240,0
4150,46,USA,536,1
4151,65,India,216,0
4152,55,Canada,330,0
4153,49,UK,45,0
4154,41,Australia,481,0
4155,68,Australia,332,0
4156,55,USA,318,1
4157,62,UK,103,0
4158,30,USA,373,1
4159,66,Australia,169,0
4160,51,Germany,356,0
4161,42,Australia,706,0
4162,35,Australia,517,1
4163,35,UK,254,0
4164,38,USA,778,1
4165,39,India,13,0
4166,26,Canada,88,0
4167,63,India,392,0
4168,36,Germany,447,0
4169,58,Germany,606,0
4170,43,USA,744,1
4171,63,India,971,0
4172,25,Australia,3,0
4173,46,UK,855,0
4174,30,USA,844,0
4175,22,USA,487,1
4176,28,India,315,1
4177,64,Canada,607,0
4178,31,Germany,113,1
4179,42,Australia,801,1
4180,32,UK,16,0
4181,55,Germany,390,0
4182,32,Australia,260,0
4183,21,USA,478,1
4184,48,Canada,568,0
4185,56,USA,884,0
4186,58,Canada,200,0
4187,40,India,21,1
4188,19,Australia,653,0
4189,21,Germany,596,0
4190,65,USA,891,1
4191,46,Canada,648,0
4192,55,Canada,282,0
4193,57,USA,440,1
4194,59,Germany,640,0
4195,48,Australia,849,0
4196,49,India,780,0
4197,36,India,940,0
4198,48,UK,827,0
4199,33,UK,505,0
4200,66,UK,762,0
4201,23,Germany,985,0
4202,60,Australia,908,0
4203,56,Australia,226,0
4204,55,UK,896,0
4205,69,UK,40,0
4206,25,Germany,616,0
4207,61,UK,463,1
4208,52,India,430,1
4209,57,USA,173,1
4210,39,India,133,1
4211,45,India,506,0
4212,33,Canada,830,1
4213,41,USA,866,0
4214,54,India,509,0
4215,59,USA,598,1
4216,67,India,855,1
4217,32,Germany,735,0
4218,60,Germany,250,1
4219,42,UK,125,1
4220,26,Germany,759,0
4221,39,USA,875,0
4222,21,Canada,733,0
4223,47,UK,861,0
4224,58,India,492,0
4225,39,Germany,77,0
4226,45,UK,173,1
4227,42,Germany,376,0
4228,28,UK,799,0
4229,48,USA,590,1
4230,49,USA,818,0
4231,52,India,897,0
4232,21,Australia,855,0
4233,29,UK,949,0
4234,34,Australia,168,0
4235,49,Australia,933,0
4236,29,Canada,61,0
4237,32,USA,546,0
4238,65,India,497,0
4239,26,UK,315,0
4240,50,India,614,1
4241,34,USA,569,0
4242,18,Australia,269,0
4243,23,India,699,0
4244,47,UK,110,0
4245,27,Germany,51,1
4246,45,Canada,87,0
4247,36,USA,42,1
4248,51,Australia,196,1
4249,24,UK,112,0
4250,67,UK,948,1
4251,36,India,777,0
4252,59,USA,749,0
4253,34,Germany,662,1
4254,27,Germany,833,0
4255,25,Canada,661,1
4256,19,Australia,944,0
4257,20,Canada,822,0
4258,47,India,476,1
4259,51,USA,264,1
4260,60,Germany,754,1
4261,57,USA,631,0
4262,35,India,864,0
4263,63,USA,599,0
4264,32,USA,53,1
4265,45,USA,592,0
4266,56,India,838,0
4267,30,India,620,0
4268,26,India,447,1
4269,44,Germany,413,0
4270,39,UK,371,0
4271,24,Australia,290,1
4272,40,Australia,719,1
4273,30,Australia,855,1
4274,62,USA,370,1
4275,64,Canada,826,1
4276,30,Canada,118,1
4277,49,UK,755,0
4278,35,USA,277,0
4279,41,USA,360,0
4280,42,USA,628,0
4281,40,India,150,0
4282,23,Australia,924,0
4283,56,Germany,810,0
4284,33,India,514,1
4285,62,USA,577,0
4286,62,UK,828,1
4287,46,USA,268,0
4288,20,USA,624,0
4289,65,Germany,856,0
4290,36,USA,955,1
4291,61,India,303,1
4292,47,Canada,478,0
4293,62,Germany,160,0
4294,30,Australia,267,0
4295,43,Germany,760,1
4296,34,Germany,17,0
4297,40,USA,430,0
4298,63,Germany,412,0
4299,43,Australia,695,0
4300,46,Germany,27,0
4301,27,India,762,0
4302,27,UK,370,0
4303,55,India,899,0
4304,58,India,229,0
4305,19,UK,999,0
4306,61,UK,162,0
4307,50,Germany,68,0
4308,28,India,637,1
4309,22,USA,217,0
4310,54,Canada,162,1
4311,35,Canada,462,1
4312,57,Canada,273,1
4313,46,India,42,1
4314,60,Australia,328,0
4315,53,UK,647,0
4316,41,Germany,540,1
4317,34,Germany,229,0
4318,54,Canada,730,0
4319,65,Germany,136,0
4320,20,USA,193,0
4321,58,USA,118,0
4322,51,UK,649,1
4323,68,Germany,525,0
4324,30,India,769,1
4325,64,Germany,772,0
4326,69,India,522,1
4327,23,Australia,667,1
4328,69,Canada,176,0
4329,50,India,586,1
4330,24,Australia,804,0
4331,65,Canada,718,1
4332,63,USA,370,1
4333,39,Germany,787,0
4334,22,Australia,522,1
4335,30,UK,896,0
4336,49,Germany,459,0
4337,41,Canada,291,1
4338,57,Germany,950,0
4339,59,UK,355,0
4340,30,Canada,824,1
4341,60,Canada,659,0
4342,28,UK,582,0
4343,44,Germany,809,0
4344,20,UK,3,1
4345,40,India,176,0
4346,41,USA,619,0
4347,37,UK,907,0
4348,44,Canada,277,0
4349,67,India,13,1
4350,64,USA,214,0
4351,63,UK,658,0
4352,63,USA,549,0
4353,42,Germany,347,0
4354,40,Canada,479,1
4355,46,UK,431,1
4356,43,Canada,212,0
4357,44,India,729,0
4358,69,India,215,1
4359,20,USA,778,0
4360,33,India,913,0
4361,28,Australia,688,0
4362,31,India,50,0
4363,22,UK,391,0
4364,31,Canada,869,1
4365,21,Australia,996,0
4366,34,USA,623,1
4367,33,India,349,0
4368,54,Canada,752,1
4369,65,Germany,10,1
4370,46,UK,462,0
4371,59,India,255,0
4372,62,India,397,0
4373,35,India,929,0
4374,32,Canada,502,1
4375,23,UK,742,0
4376,29,Australia,484,0
4377,50,Australia,159,0
4378,44,UK,584,0
4379,49,Canada,384,0
4380,29,USA,278,0
4381,60,Australia,580,0
4382,55,Australia,608,1
4383,42,UK,810,0
4384,60,Canada,952,1
4385,25,Canada,443,0
4386,69,India,658,0
4387,33,Canada,834,1
4388,20,India,219,0
4389,33,Germany,582,1
4390,67,Canada,654,1
4391,32,UK,623,0
4392,50,India,555,0
4393,54,Germany,901,1
4394,23,USA,898,0
4395,60,USA,644,0
4396,42,USA,137,1
4397,43,India,688,1
4398,53,Canada,992,1
4399,33,India,51,0
4400,43,USA,616,1
4401,18,Canada,858,0
4402,26,Germany,956,0
4403,39,USA,776,1
4404,59,UK,923,0
4405,42,Canada,806,1
4406,41,India,764,0
4407,67,India,879,1
4408,49,UK,106,0
4409,65,Australia,551,0
4410,64,India,104,1
4411,25,UK,975,0
4412,60,USA,947,0
4413,35,USA,749,0
4414,66,India,115,0
4415,56,Canada,833,0
4416,24,Australia,519,1
4417,20,India,493,0
4418,24,USA,213,1
4419,54,Canada,863,0
4420,44,UK,248,0
4421,44,USA,950,0
4422,41,UK,663,0
4423,59,Australia,771,0
4424,45,Australia,703,0
4425,27,Germany,433,0
4426,66,Canada,917,0
4427,40,USA,230,0
4428,37,UK,881,0
4429,24,UK,541,1
4430,30,UK,3,1
4431,47,India,358,1
4432,24,India,133,0
4433,51,Australia,895,0
4434,30,Germany,414,0
4435,38,Australia,668,0
4436,37,Germany,930,0
4437,56,Australia,427,1
4438,28,UK,566,0
4439,62,India,342,1
4440,65,Australia,764,0
4441,65,Canada,112,0
4442,51,Australia,703,0
4443,40,Canada,382,0
4444,64,UK,556,1
4445,43,India,754,0
4446,69,Australia,377,0
4447,57,Canada,214,0
4448,44,India,120,1
4449,27,Germany,409,1
4450,44,UK,593,1
4451,67,Australia,746,0
4452,53,Australia,961,0
4453,43,UK,132,0
4454,47,India,627,1
4455,22,India,509,1
4456,33,Australia,534,1
4457,65,USA,446,0
4458,55,Australia,107,1
4459,33,Canada,263,1
4460,26,Germany,338,0
4461,64,Canada,963,0
4462,27,USA,329,1
4463,52,India,438,0
4464,34,Canada,750,0
4465,33,UK,821,0
4466,37,Canada,984,1
4467,62,India,6,1
4468,22,Australia,433,0
4469,19,Canada,619,1
4470,38,USA,680,0
4471,35,Germany,566,0
4472,29,India,209,0
4473,55,UK,911,0
4474,67,Australia,577,0
4475,54,USA,812,0
4476,30,India,48,0
4477,34,UK,209,0
4478,37,UK,522,0
4479,51,India,465,0
4480,69,Australia,490,0
4481,64,USA,359,1
4482,43,Australia,860,0
4483,61,Australia,156,0
4484,51,Australia,983,1
4485,69,Australia,493,0
4486,28,UK,944,0
4487,28,Germany,329,0
4488,26,USA,999,0
4489,46,UK,979,0
4490,24,India,375,1
4491,35,India,188,0
4492,40,Australia,375,0
4493,59,USA,844,1
4494,64,UK,65,1
4495,35,UK,946,0
4496,19,USA,517,1
4497,59,Australia,468,0
4498,22,USA,434,0
4499,32,USA,212,0
4500,48,Germany,268,0
4501,44,Germany,748,0
4502,43,Australia,474,1
4503,18,Germany,699,0
4504,18,India,523,0
4505,18,Germany,991,0
4506,39,Germany,362,1
4507,34,Germany,286,0
4508,38,UK,464,0
4509,58,Canada,171,0
4510,35,Germany,826,1
4511,41,USA,27,0
4512,39,Germany,408,1
4513,27,Canada,578,0
4514,65,Australia,786,0
4515,62,Australia,727,0
4516,38,India,830,0
4517,60,India,653,1
4518,21,Germany,807,1
4519,51,USA,999,0
4520,22,USA,847,1
4521,68,UK,564,0
4522,25,USA,369,0
4523,45,UK,375,0
4524,18,UK,930,1
4525,55,USA,794,1
4526,56,USA,380,0
4527,64,UK,115,0
4528,30,India,997,0
4529,52,Germany,787,0
4530,39,India,337,0
4531,62,Australia,787,1
4532,19,USA,975,0
4533,62,Canada,599,0
4534,22,USA,259,1
4535,59,UK,979,1
4536,52,Canada,280,0
4537,57,Canada,202,0
4538,40,Germany,774,0
4539,52,Australia,369,1
4540,46,USA,53,0
4541,50,Germany,392,1
4542,65,Australia,522,0
4543,41,India,730,0
4544,56,Canada,451,1
4545,38,Germany,73,0
4546,20,India,233,0
4547,66,USA,206,0
4548,61,USA,91,0
4549,39,UK,605,0
4550,23,India,595,0
4551,43,India,470,0
4552,19,Germany,687,0
4553,44,Australia,71,0
4554,48,Canada,791,1
4555,21,Australia,505,1
4556,30,Australia,3,0
4557,35,Canada,224,0
4558,20,UK,385,1
4559,66,Australia,547,0
4560,30,UK,431,1
4561,38,UK,410,0
4562,57,India,452,1
4563,60,USA,769,1
4564,50,USA,391,0
4565,69,Germany,376,1
4566,31,Canada,86,1
4567,29,Canada,238,0
4568,63,Germany,530,0
4569,34,India,742,0
4570,30,USA,178,0
4571,38,UK,307,0
4572,53,USA,793,1
4573,31,Germany,749,0
4574,67,USA,773,0
4575,22,UK,378,0
4576,57,Australia,825,0
4577,33,Australia,60,0
4578,28,Canada,3,1
4579,54,Germany,902,0
4580,33,India,215,0
4581,26,USA,255,0
4582,25,USA,550,0
4583,61,India,735,0
4584,33,India,703,0
4585,31,Australia,511,0
4586,58,UK,199,1
4587,67,USA,900,0
4588,61,Germany,451,0
4589,29,USA,979,0
4590,18,UK,529,0
4591,26,Germany,59,0
4592,29,Germany,119,1
4593,19,Germany,331,0
4594,49,Australia,134,1
4595,56,UK,355,0
4596,66,USA,107,0
4597,36,Australia,327,0
4598,57,Canada,398,1
4599,53,Germany,209,1
4600,26,India,826,0
4601,45,UK,50,1
4602,53,Germany,373,0
4603,49,UK,769,0
4604,26,India,340,0
4605,19,Germany,544,0
4606,47,USA,596,0
4607,18,UK,761,0
4608,52,Germany,676,0
4609,26,Germany,222,1
4610,67,UK,462,0
4611,42,India,202,0
4612,24,UK,234,0
4613,67,Canada,555,0
4614,31,USA,722,0
4615,44,India,640,1
4616,40,Australia,71,0
4617,20,Australia,90,0
4618,53,USA,79,0
4619,27,USA,981,0
4620,33,Australia,403,1
4621,68,UK,530,0
4622,33,Canada,961,0
4623,32,Germany,103,1
4624,22,Canada,618,1
4625,53,India,750,0
4626,33,Canada,503,0
4627,49,USA,336,1
4628,63,Germany,948,1
4629,29,Canada,316,0
4630,34,Germany,873,0
4631,68,Canada,697,0
4632,24,Australia,969,1
4633,29,Germany,71,1
4634,32,Canada,422,1
4635,19,India,456,0
4636,23,Germany,997,1
4637,50,UK,774,1
4638,56,USA,489,0
4639,54,Germany,520,0
4640,30,Australia,296,1
4641,35,USA,825,0
4642,49,Canada,982,0
4643,30,Canada,215,0
4644,28,Canada,801,1
4645,47,Canada,465,1
4646,55,Australia,639,1
4647,65,Canada,808,1
4648,30,India,474,0
4649,56,USA,63,0
4650,65,Germany,61,0
4651,35,India,411,1
4652,33,India,692,0
4653,46,India,905,0
4654,58,India,77,1
4655,26,India,175,0
4656,29,USA,245,1
4657,49,Germany,998,1
4658,69,USA,656,0
4659,49,Australia,56,0
4660,33,Germany,678,1
4661,47,India,249,0
4662,31,Australia,534,1
4663,32,India,370,0
4664,30,Canada,981,0
4665,50,UK,253,0
4666,44,UK,227,0
4667,51,Australia,623,0
4668,65,USA,927,0
4669,50,USA,161,1
4670,35,Germany,151,1
4671,40,Canada,463,1
4672,42,Germany,557,0
4673,65,Canada,557,0
4674,29,UK,861,0
4675,41,UK,116,0
4676,37,Canada,335,0
4677,21,Germany,694,1
4678,67,USA,386,0
4679,47,Australia,410,0
4680,43,Canada,852,1
4681,37,Canada,587,1
4682,40,Canada,933,1
4683,36,Germany,493,1
4684,44,USA,646,1
4685,41,Germany,422,0
4686,62,India,882,0
4687,63,India,837,0
4688,27,Canada,939,1
4689,32,Canada,231,1
4690,24,Canada,916,0
4691,51,USA,757,0
4692,40,USA,531,0
4693,37,Canada,423,0
4694,56,USA,913,1
4695,65,UK,675,0
4696,63,Canada,559,0
4697,63,UK,103,0
4698,47,Germany,657,0
4699,46,UK,966,0
4700,34,Germany,14,1
4701,67,Australia,825,0
4702,57,Germany,295,0
4703,53,Canada,882,0
4704,31,Canada,923,0
4705,48,Germany,494,0
4706,34,USA,83,1
4707,65,India,569,1
4708,21,UK,465,1
4709,51,Germany,267,0
4710,55,India,245,0
4711,47,Canada,394,0
4712,25,Canada,743,1
4713,25,Australia,887,1
4714,33,Australia,361,0
4715,29,Germany,219,0
4716,49,USA,753,1
4717,19,Germany,621,1
4718,43,UK,220,0
4719,22,Australia,609,1
4720,62,India,8,0
4721,34,USA,108,0
4722,63,Australia,346,0
4723,60,Germany,699,0
4724,52,UK,39,1
4725,21,UK,633,1
4726,37,USA,179,1
4727,54,UK,276,0
4728,51,UK,378,0
4729,65,UK,310,0
4730,34,UK,389,0
4731,67,Germany,72,1
4732,62,Australia,653,0
4733,37,Australia,269,1
4734,52,USA,815,1
4735,62,India,165,0
4736,23,India,14,0
4737,68,UK,439,0
4738,51,Australia,795,0
4739,64,Germany,225,1
4740,33,UK,409,0
4741,41,UK,271,1
4742,31,Australia,902,1
4743,35,Germany,276,1
4744,34,Canada,208,0
4745,69,Australia,288,0
4746,26,USA,283,1
4747,50,India,191,0
4748,34,Germany,497,0
4749,34,India,722,1
4750,51,Germany,328,1
4751,37,Australia,342,0
4752,40,Germany,105,0
4753,51,Canada,801,0
4754,62,UK,659,0
4755,32,USA,891,0
4756,19,Canada,807,0
4757,23,India,443,0
4758,57,USA,476,0
4759,50,UK,464,1
4760,60,Australia,383,1
4761,19,Canada,462,0
4762,58,Germany,28,0
4763,35,India,960,0
4764,53,Canada,41,0
4765,21,Canada,441,0
4766,37,USA,46,0
4767,41,India,519,0
4768,25,India,183,1
4769,30,India,861,0
4770,49,USA,956,1
4771,42,India,308,0
4772,35,USA,295,0
4773,55,Germany,432,0
4774,25,USA,28,0
4775,33,UK,547,1
4776,52,Australia,820,1
4777,35,India,652,0
4778,39,UK,379,0
4779,66,UK,52,0
4780,19,Germany,576,1
4781,42,Canada,450,0
4782,26,Germany,457,0
4783,47,Australia,719,1
4784,32,USA,690,0
4785,28,Australia,104,0
4786,19,USA,627,0
4787,27,India,364,0
4788,57,UK,39,0
4789,68,Germany,47,1
4790,48,Canada,985,0
4791,35,Germany,917,0
4792,53,India,754,1
4793,65,Germany,853,1
4794,38,Canada,155,0
4795,68,Canada,818,0
4796,52,UK,616,0
4797,59,UK,112,0
4798,58,India,584,1
4799,56,UK,239,0
4800,38,Australia,436,1
4801,55,Australia,303,0
4802,19,USA,222,1
4803,40,UK,157,0
4804,54,USA,852,0
4805,67,Germany,591,0
4806,20,USA,357,1
4807,62,India,776,0
4808,46,Canada,2,1
4809,67,India,833,0
4810,69,India,725,0
4811,44,Australia,175,0
4812,23,India,444,0
4813,36,Australia,765,0
4814,18,India,281,0
4815,61,UK,618,0
4816,61,Australia,107,0
4817,23,Germany,921,1
4818,37,Canada,202,1
4819,30,USA,297,0
4820,67,Australia,597,0
4821,61,USA,362,1
4822,26,Germany,386,0
4823,47,India,278,0
4824,60,Australia,593,0
4825,24,India,16,0
4826,18,Canada,651,1
4827,52,USA,236,0
4828,58,India,474,0
4829,47,UK,220,0
4830,36,Canada,965,1
4831,58,UK,667,0
4832,44,Australia,628,0
4833,38,Australia,513,1
4834,65,Australia,570,0
4835,34,UK,26,1
4836,30,Germany,929,0
4837,22,Germany,774,0
4838,47,UK,718,0
4839,28,Germany,415,0
4840,30,UK,780,0
4841,52,India,247,1
4842,45,Germany,220,0
4843,24,UK,271,1
4844,41,Australia,511,0
4845,23,Canada,762,0
4846,31,Canada,297,1
4847,61,Germany,351,1
4848,43,Canada,492,1
4849,26,USA,497,1
4850,66,USA,821,1
4851,60,Canada,792,0
4852,61,Australia,245,1
4853,40,UK,845,0
4854,66,Canada,462,1
4855,66,Australia,358,0
4856,56,Canada,602,0
4857,49,Canada,377,0
4858,38,UK,146,1
4859,30,UK,408,0
4860,36,Australia,111,0
4861,42,USA,50,1
4862,29,Germany,596,0
4863,47,USA,934,1
4864,58,UK,606,0
4865,53,UK,832,1
4866,33,Australia,344,0
4867,25,UK,270,0
4868,65,UK,68,0
4869,37,UK,379,1
4870,42,Australia,508,0
4871,22,Australia,102,0
4872,57,Australia,806,0
4873,24,UK,478,0
4874,36,India,743,1
4875,50,India,673,0
4876,27,Canada,441,0
4877,53,India,294,1
4878,38,USA,92,1
4879,23,Canada,681,0
4880,61,Germany,899,0
4881,52,Australia,526,0
4882,21,UK,666,1
4883,19,Australia,657,1
4884,27,India,880,0
4885,60,Australia,533,0
4886,65,USA,638,0
4887,38,Australia,700,0
4888,22,Germany,231,0
4889,35,UK,149,0
4890,69,UK,226,1
4891,58,Germany,761,0
4892,41,Germany,224,0
4893,55,Germany,44,0
4894,68,Australia,955,0
4895,28,USA,351,1
4896,39,Canada,43,0
4897,64,Australia,681,1
4898,37,Canada,461,0
4899,69,India,836,1
4900,53,UK,557,0
4901,43,Australia,23,0
4902,44,Australia,390,0
4903,55,India,931,0
4904,47,Australia,821,1
4905,55,Canada,733,0
4906,60,Australia,871,0
4907,22,Germany,68,0
4908,62,Australia,336,0
4909,28,UK,669,1
4910,31,Canada,376,0
4911,56,UK,538,0
4912,56,India,701,0
4913,55,Australia,59,1
4914,51,Canada,312,0
4915,44,India,967,0
4916,63,UK,937,0
4917,39,USA,146,0
4918,68,Germany,109,1
4919,27,India,734,0
4920,63,Australia,333,0
4921,55,UK,937,0
4922,30,Australia,933,0
4923,26,Canada,840,1
4924,20,India,439,1
4925,57,Australia,673,0
4926,36,UK,290,0
4927,64,Australia,302,1
4928,36,USA,510,1
4929,43,India,81,0
4930,36,UK,795,1
4931,36,India,481,0
4932,46,Australia,683,0
4933,66,UK,875,0
4934,25,Germany,682,1
4935,30,UK,666,0
4936,68,UK,500,1
4937,33,UK,357,1
4938,44,Canada,847,0
4939,51,UK,685,0
4940,40,Germany,59,1
4941,21,USA,755,0
4942,58,Germany,407,0
4943,26,USA,728,1
4944,63,Australia,567,0
4945,42,Canada,538,0
4946,62,Canada,73,1
4947,50,Canada,577,0
4948,26,USA,236,1
4949,62,Germany,794,1
4950,32,India,646,1
4951,21,Canada,203,0
4952,47,USA,466,1
4953,29,Australia,603,1
4954,38,Germany,38,1
4955,55,Canada,360,1
4956,69,UK,797,0
4957,38,Germany,145,0
4958,35,USA,441,0
4959,55,India,652,0
4960,69,India,625,1
4961,18,India,314,0
4962,38,UK,23,0
4963,36,Germany,493,0
4964,63,Canada,372,0
4965,40,Germany,219,0
4966,53,India,460,0
4967,63,UK,802,0
4968,48,Australia,864,0
4969,57,India,739,0
4970,48,USA,806,0
4971,58,Germany,905,0
4972,32,UK,717,1
4973,33,Australia,544,0
4974,31,India,251,0
4975,25,UK,484,1
4976,63,Australia,555,1
4977,63,USA,236,0
4978,37,USA,543,0
4979,24,Germany,520,0
4980,34,UK,52,0
4981,59,India,812,0
4982,55,India,867,1
4983,56,Canada,478,1
4984,68,India,357,0
4985,26,Germany,902,0
4986,39,USA,732,0
4987,53,India,258,0
4988,25,Canada,941,0
4989,26,Germany,894,0
4990,67,Australia,975,1
4991,60,Germany,893,1
4992,64,Germany,270,1
4993,46,Germany,943,1
4994,44,Germany,905,0
4995,60,Germany,92,0
4996,41,USA,28,1
4997,35,USA,345,0
4998,31,Canada,167,0
4999,41,India,208,0
5000,24,Australia,506,0
5001,39,UK,726,0
5002,29,USA,722,0
5003,64,UK,768,0
5004,33,Canada,709,0
5005,69,India,348,0
5006,44,USA,287,1
5007,64,Australia,43,0
5008,46,USA,513,0
5009,33,Australia,890,0
5010,35,Australia,790,1
5011,36,India,857,1
5012,22,India,930,0
5013,27,Australia,751,1
5014,54,UK,111,1
5015,69,UK,719,0
5016,43,India,381,0
5017,43,USA,378,0
5018,31,Germany,770,1
5019,44,Canada,969,0
5020,27,Canada,248,0
5021,39,UK,23,0
5022,26,India,27,1
5023,34,USA,596,0
5024,57,USA,775,0
5025,37,UK,300,0
5026,24,UK,454,0
5027,30,Germany,871,0
5028,66,Australia,465,0
5029,51,Canada,62,0
5030,62,Canada,658,0
5031,59,Canada,770,1
5032,31,UK,304,1
5033,29,Germany,736,0
5034,45,Australia,878,0
5035,43,India,36,0
5036,18,UK,17,1
5037,65,Germany,62,0
5038,56,UK,366,0
5039,66,India,976,0
5040,64,India,999,0
5041,55,Germany,370,1
5042,43,USA,568,0
5043,31,India,793,0
5044,64,India,975,0
5045,31,Australia,762,0
5046,37,India,74,0
5047,41,India,290,0
5048,44,Australia,552,0
5049,50,USA,964,0
5050,33,Canada,389,0
5051,40,Canada,811,1
5052,68,India,781,1
5053,28,USA,564,0
5054,54,UK,13,0
5055,37,Australia,865,0
5056,25,Australia,312,0
5057,36,USA,198,1
5058,56,Germany,368,0
5059,39,Australia,42,0
5060,27,UK,244,0
5061,18,Canada,913,0
5062,63,Canada,531,0
5063,34,USA,430,0
5064,58,Canada,104,1
5065,66,USA,659,0
5066,34,Australia,705,0
5067,23,USA,154,0
5068,49,Australia,761,0
5069,22,USA,805,0
5070,52,USA,350,0
5071,32,Australia,143,1
5072,37,USA,845,0
5073,63,Germany,95,0
5074,46,Germany,643,0
5075,28,Germany,409,0
5076,63,USA,73,0
5077,38,Canada,458,0
5078,26,UK,573,0
5079,57,Germany,203,0
5080,59,Australia,833,0
5081,56,India,316,1
5082,66,India,406,0
5083,23,Australia,160,0
5084,27,Australia,495,1
5085,51,Australia,543,0
5086,61,USA,336,1
5087,19,UK,308,0
5088,42,Germany,803,0
5089,54,Australia,982,1
5090,49,USA,483,0
5091,25,Australia,192,0
5092,51,Canada,516,0
5093,21,UK,532,0
5094,33,Canada,154,0
5095,21,Canada,169,1
5096,58,Australia,550,0
5097,31,India,127,0
5098,20,Germany,805,0
5099,63,USA,528,1
5100,64,Canada,263,1
5101,38,Australia,527,0
5102,51,Canada,360,0
5103,66,USA,627,0
5104,39,UK,916,0
5105,24,USA,818,0
5106,64,USA,782,1
5107,58,Germany,526,0
5108,57,India,261,0
5109,28,Canada,773,1
5110,49,India,36,1
5111,39,UK,674,0
5112,29,Canada,985,0
5113,27,India,476,1
5114,35,UK,499,0
5115,49,Australia,78,1
5116,67,Germany,58,1
5117,34,UK,135,0
5118,27,India,581,0
5119,36,USA,621,0
5120,23,Canada,910,1
5121,68,Germany,18,0
5122,69,India,294,0
5123,41,Australia,995,0
5124,36,Germany,120,0
5125,19,UK,141,0
5126,62,India,158,0
5127,68,USA,246,0
5128,61,USA,33,0
5129,27,Australia,512,0
5130,24,USA,313,1
5131,32,USA,169,0
5132,69,Canada,628,0
5133,21,Australia,5,0
5134,40,Germany,360,1
5135,28,India,439,0
5136,31,USA,188,0
5137,35,Canada,115,0
5138,35,USA,522,0
5139,67,Australia,940,0
5140,33,Australia,514,0
5141,35,USA,31,0
5142,30,UK,660,0
5143,52,Australia,535,0
5144,55,India,227,1
5145,37,Germany,55,0
5146,57,UK,315,0
5147,46,UK,519,0
5148,23,Germany,220,1
5149,53,USA,416,0
5150,63,USA,521,0
5151,67,India,331,0
5152,20,USA,11,0
5153,52,UK,122,0
5154,28,UK,543,0
5155,45,Australia,224,0
5156,45,UK,921,1
5157,45,Germany,641,0
5158,27,Australia,554,0
5159,53,USA,194,0
5160,68,USA,389,0
5161,28,USA,574,0
5162,49,USA,698,1
5163,55,India,695,1
5164,39,Australia,759,0
5165,60,Australia,467,0
5166,53,India,608,0
5167,63,UK,891,1
5168,45,UK,334,0
5169,23,Germany,649,0
5170,29,Canada,573,0
5171,48,UK,296,1
5172,48,Australia,667,0
5173,42,USA,69,1
5174,68,UK,859,0
5175,32,UK,484,0
5176,24,India,736,1
5177,68,USA,783,0
5178,56,Germany,646,0
5179,45,Germany,337,0
5180,48,Germany,843,1
5181,60,UK,87,1
5182,20,Germany,146,0
5183,37,Australia,698,0
5184,67,Germany,889,0
5185,27,Germany,661,1
5186,69,Australia,541,1
5187,27,India,13,1
5188,67,USA,215,0
5189,69,India,113,0
5190,38,Australia,53,0
5191,18,Australia,591,0
5192,23,USA,647,0
5193,18,India,295,0
5194,43,USA,684,0
5195,30,Germany,220,0
5196,47,Canada,512,0
5197,61,Germany,987,1
5198,59,Canada,564,0
5199,58,Australia,674,0
5200,61,Germany,677,0
5201,32,India,160,0
5202,35,Canada,685,0
5203,50,Germany,773,1
5204,27,UK,382,0
5205,40,Canada,936,0
5206,41,USA,145,1
5207,34,Australia,348,1
5208,39,Australia,271,0
5209,67,India,498,0
5210,38,Germany,503,0
5211,44,Germany,625,0
5212,21,USA,428,0
5213,43,Germany,738,0
5214,37,Germany,290,0
5215,26,USA,711,0
5216,44,USA,959,1
5217,30,UK,207,0
5218,26,Australia,983,0
5219,57,UK,259,0
5220,45,USA,23,0
5221,62,Australia,903,1
5222,31,Australia,814,0
5223,32,Canada,307,1
5224,63,Australia,8,0
5225,68,Canada,575,1
5226,33,Australia,980,0
5227,48,Canada,518,0
5228,46,India,579,0
5229,45,Australia,842,1
5230,65,UK,336,0
5231,50,Canada,996,1
5232,29,Canada,953,0
5233,41,Australia,428,0
5234,33,Australia,992,1
5235,53,Canada,149,0
5236,68,USA,533,0
5237,38,Germany,875,1
5238,23,Australia,73,0
5239,31,Australia,390,0
5240,51,India,568,1
5241,59,Germany,702,1
5242,37,UK,405,0
5243,48,Australia,90,0
5244,27,Australia,87,1
5245,40,Australia,988,0
5246,31,Germany,421,0
5247,66,India,546,0
5248,68,Canada,22,1
5249,58,Canada,149,0
5250,60,USA,172,0
5251,36,USA,816,0
5252,22,Australia,395,1
5253,67,India,301,1
5254,53,Canada,176,0
5255,63,Germany,684,0
5256,27,Germany,168,0
5257,31,India,959,0
5258,68,USA,112,0
5259,32,Germany,577,1
5260,29,UK,10,0
5261,59,India,244,0
5262,28,UK,630,0
5263,26,UK,239,0
5264,48,USA,969,0
5265,56,Canada,246,0
5266,41,India,392,0
5267,65,Canada,670,1
5268,26,Australia,634,0
5269,61,Germany,304,0
5270,25,Germany,385,0
5271,64,India,740,1
5272,22,USA,690,0
5273,35,Germany,340,0
5274,22,Germany,286,1
5275,35,Canada,430,0
5276,23,Germany,603,0
5277,46,USA,895,1
5278,29,Germany,788,0
5279,40,Germany,365,0
5280,34,UK,176,0
5281,57,USA,382,0
5282,34,Germany,189,0
5283,43,Australia,343,1
5284,25,Australia,55,0
5285,62,USA,200,1
5286,46,USA,663,0
5287,27,Germany,603,0
5288,56,Germany,541,0
5289,20,USA,307,0
5290,48,Canada,896,1
5291,35,Canada,640,0
5292,20,USA,574,1
5293,45,USA,512,0
5294,44,Canada,717,1
5295,60,Canada,629,0
5296,63,Australia,454,0
5297,28,UK,233,1
5298,56,Canada,839,1
5299,38,Canada,1,0
5300,25,India,581,0
5301,25,Australia,881,0
5302,47,Australia,847,0
5303,61,Germany,155,0
5304,54,UK,438,1
5305,56,UK,239,1
5306,33,USA,684,0
5307,44,India,45,0
5308,52,Germany,207,0
5309,24,UK,958,0
5310,67,Canada,819,0
5311,49,Canada,294,0
5312,49,Canada,154,0
5313,37,Germany,850,0
5314,69,Australia,854,0
5315,38,Australia,66,0
5316,60,UK,850,0
5317,58,Australia,137,0
5318,58,Germany,566,0
5319,21,USA,334,0
5320,19,USA,872,0
5321,31,Australia,660,0
5322,66,India,648,1
5323,63,USA,149,1
5324,25,UK,735,0
5325,57,UK,106,0
5326,58,Australia,658,1
5327,69,UK,911,0
5328,44,Canada,81,1
5329,66,Canada,242,0
5330,54,UK,361,1
5331,51,Australia,243,0
5332,20,USA,529,1
5333,63,USA,678,1
5334,65,India,413,1
5335,50,Germany,145,0
5336,43,India,648,0
5337,35,Australia,351,1
5338,33,Australia,506,1
5339,29,Australia,918,1
5340,28,Germany,212,0
5341,44,USA,195,0
5342,26,UK,309,0
5343,54,Canada,705,0
5344,21,India,704,0
5345,44,India,456,0
5346,40,USA,79,1
5347,56,Germany,623,0
5348,59,India,594,0
5349,60,Germany,790,1
5350,52,India,943,0
5351,31,Australia,944,0
5352,66,UK,26,0
5353,33,USA,806,0
5354,54,Germany,154,0
5355,37,USA,49,0
5356,52,Australia,285,1
5357,35,Australia,44,0
5358,34,Canada,394,0
5359,36,USA,58,0
5360,41,Germany,317,0
5361,53,Germany,766,1
5362,19,Australia,915,0
5363,27,Canada,95,1
5364,39,Canada,23,0
5365,32,India,410,0
5366,37,Germany,381,0
5367,56,USA,120,0
5368,58,Canada,710,0
5369,32,Australia,37,0
5370,56,USA,254,1
5371,58,Canada,980,0
5372,43,Germany,836,0
5373,31,Canada,425,0
5374,62,Germany,792,0
5375,26,Canada,363,0
5376,29,India,341,0
5377,38,Australia,522,0
5378,69,Canada,262,1
5379,57,India,865,0
5380,21,Australia,925,0
5381,37,India,297,1
5382,35,USA,625,1
5383,32,Germany,319,1
5384,37,Australia,886,1
5385,44,Canada,342,0
5386,51,Canada,39,0
5387,41,UK,152,1
5388,24,Canada,601,1
5389,32,Germany,477,1
5390,27,Germany,32,0
5391,26,Canada,613,0
5392,31,Australia,580,0
5393,45,India,270,0
5394,30,UK,735,0
5395,56,Germany,284,0
5396,49,UK,649,0
5397,48,UK,17,0
5398,30,Germany,823,0
5399,23,India,432,0
5400,69,India,963,0
5401,58,Germany,847,0
5402,59,Canada,372,0
5403,34,Australia,583,1
5404,30,Australia,508,0
5405,53,Canada,220,0
5406,28,UK,56,0
5407,52,Australia,226,0
5408,27,Canada,222,1
5409,46,UK,506,1
5410,40,Australia,697,0
5411,65,Australia,683,0
5412,29,Canada,542,0
5413,50,Australia,402,0
5414,38,India,897,1
5415,69,India,892,0
5416,64,India,438,0
5417,63,Canada,566,0
5418,58,Australia,763,0
5419,60,UK,695,0
5420,55,Australia,759,0
5421,69,UK,110,0
5422,56,Australia,583,0
5423,54,India,113,0
5424,40,Australia,813,0
5425,48,Australia,162,1
5426,35,India,378,0
5427,60,Canada,696,0
5428,65,Canada,817,0
5429,27,Australia,532,0
5430,62,Australia,34,0
5431,68,UK,758,0
5432,61,Australia,754,0
5433,41,USA,216,0
5434,42,UK,804,0
5435,64,Canada,12,0
5436,67,Germany,921,0
5437,36,Canada,196,0
5438,66,Canada,103,0
5439,56,Australia,9,1
5440,31,Australia,624,0
5441,32,Germany,37,1
5442,37,Australia,72,0
5443,38,Australia,697,0
5444,46,Canada,826,0
5445,23,UK,260,0
5446,59,Germany,771,0
5447,32,USA,47,1
5448,48,Canada,711,1
5449,36,USA,39,0
5450,47,USA,803,0
5451,46,Germany,946,0
5452,31,India,931,0
5453,47,USA,90,1
5454,48,Australia,69,0
5455,64,USA,383,0
5456,53,India,91,0
5457,46,UK,821,1
5458,25,India,271,0
5459,69,UK,704,1
5460,35,Australia,810,0
5461,32,UK,326,0
5462,33,India,111,1
5463,60,USA,379,1
5464,30,Australia,484,1
5465,22,UK,243,0
5466,20,India,798,0
5467,23,Canada,988,0
5468,54,USA,702,1
5469,52,UK,86,1
5470,47,Germany,959,1
5471,48,USA,599,0
5472,42,Canada,420,1
5473,56,Australia,558,0
5474,40,Australia,466,0
5475,53,Canada,412,0
5476,35,India,136,1
5477,28,Australia,710,0
5478,29,Australia,505,0
5479,62,Canada,954,0
5480,49,Germany,904,1
5481,60,India,750,0
5482,64,Canada,103,0
5483,53,Australia,473,0
5484,27,UK,339,0
5485,32,Australia,464,0
5486,21,Australia,501,0
5487,48,USA,593,1
5488,58,Germany,911,0
5489,48,Germany,917,1
5490,58,Germany,942,1
5491,43,Australia,614,0
5492,69,UK,721,0
5493,31,Canada,945,1
5494,44,USA,257,1
5495,65,USA,690,0
5496,34,Australia,259,0
5497,42,UK,637,0
5498,43,India,351,0
5499,37,Canada,533,1
5500,42,Germany,358,0
5501,42,India,393,0
5502,61,Australia,410,0
5503,33,Australia,805,1
5504,43,Australia,532,0
5505,56,Australia,29,0
5506,37,UK,471,1
5507,47,Canada,853,0
5508,66,Canada,455,0
5509,40,Australia,399,0
5510,30,Canada,508,0
5511,40,India,609,0
5512,53,Australia,739,0
5513,31,India,162,0
5514,30,UK,97,0
5515,19,Germany,994,0
5516,54,India,964,0
5517,45,Australia,323,0
5518,69,USA,786,1
5519,44,India,287,0
5520,18,India,262,0
5521,56,Australia,980,0
5522,38,Canada,469,1
5523,36,USA,260,0
5524,69,Germany,413,1
5525,30,USA,766,0
5526,36,Germany,817,0
5527,36,UK,948,1
5528,34,Canada,533,0
5529,67,UK,999,0
5530,49,India,305,0
5531,62,India,800,1
5532,18,Canada,865,0
5533,18,UK,848,1
5534,64,USA,134,1
5535,21,UK,365,0
5536,60,Germany,749,1
5537,25,Australia,871,0
5538,52,India,145,1
5539,44,USA,911,1
5540,60,India,325,1
5541,59,UK,494,0
5542,36,Canada,904,1
5543,22,USA,884,0
5544,43,Australia,726,0
5545,30,Canada,905,1
5546,45,Australia,620,0
5547,41,UK,108,1
5548,65,Germany,320,0
5549,26,Canada,877,1
5550,53,Canada,14,1
5551,20,UK,865,1
5552,64,USA,523,0
5553,43,Australia,893,0
5554,34,UK,732,0
5555,40,Canada,686,1
5556,21,India,934,0
5557,36,India,859,0
5558,53,Canada,931,0
5559,40,USA,743,1
5560,61,Canada,944,0
5561,19,India,717,0
5562,38,Germany,671,1
5563,53,Canada,829,1
5564,55,Canada,475,0
5565,40,Germany,183,1
5566,54,USA,815,0
5567,24,UK,238,0
5568,56,India,727,0
5569,35,India,618,1
5570,27,Australia,679,1
5571,24,UK,519,0
5572,63,UK,530,0
5573,57,UK,776,0
5574,34,UK,614,0
5575,65,India,575,0
5576,37,Canada,15,1
5577,47,Canada,633,1
5578,48,Germany,640,1
5579,49,Canada,813,1
5580,32,Australia,594,0
5581,57,USA,270,0
5582,23,USA,318,1
5583,18,Australia,217,1
5584,49,UK,141,0
5585,41,Germany,859,0
5586,40,India,285,0
5587,47,Australia,602,1
5588,20,Canada,945,0
5589,57,Canada,940,1
5590,61,India,443,1
5591,32,USA,128,0
5592,34,Australia,948,0
5593,61,UK,260,0
5594,24,Germany,558,1
5595,40,USA,161,0
5596,21,Germany,833,0
5597,51,UK,475,0
5598,32,Canada,483,0
5599,26,Australia,785,0
5600,30,UK,131,0
5601,60,USA,476,1
5602,28,Canada,536,0
5603,54,UK,781,0
5604,59,Canada,295,1
5605,36,Canada,588,1
5606,64,Germany,997,0
5607,63,Germany,204,1
5608,28,USA,380,1
5609,35,UK,108,0
5610,54,Australia,48,0
5611,40,India,802,1
5612,55,UK,87,0
5613,21,Canada,222,0
5614,59,USA,511,0
5615,64,USA,904,0
5616,35,India,35,1
5617,49,Canada,408,0
5618,44,Canada,880,1
5619,43,USA,42,1
5620,27,Australia,366,1
5621,29,USA,288,0
5622,69,India,916,1
5623,57,Australia,699,0
5624,61,Australia,616,1
5625,35,India,304,0
5626,33,Australia,110,0
5627,51,Germany,515,1
5628,22,USA,650,1
5629,49,India,799,1
5630,44,Canada,325,1
5631,40,Australia,33,0
5632,38,Australia,600,0
5633,61,Germany,240,0
5634,27,Australia,561,0
5635,19,USA,607,0
5636,21,Australia,179,0
5637,61,Australia,962,0
5638,22,India,84,0
5639,26,USA,476,0
5640,25,Germany,223,0
5641,25,Australia,246,0
5642,45,UK,471,0
5643,22,USA,969,1
5644,21,USA,743,0
5645,32,USA,960,1
5646,65,USA,775,0
5647,56,India,946,1
5648,42,UK,156,0
5649,56,Canada,963,0
5650,32,USA,346,0
5651,58,Canada,751,1
5652,69,India,581,1
5653,30,UK,171,1
5654,32,Germany,154,1
5655,26,Germany,1,0
5656,40,Germany,107,1
5657,19,Australia,398,0
5658,35,Germany,16,1
5659,46,Germany,203,0
5660,31,UK,508,0
5661,48,USA,459,0
5662,67,Germany,159,1
5663,41,Australia,897,1
5664,54,USA,155,0
5665,44,Canada,12,1
5666,49,USA,215,0
5667,51,Australia,544,0
5668,49,Australia,939,0
5669,20,Canada,942,0
5670,53,USA,337,1
5671,27,Australia,373,0
5672,57,Canada,786,0
5673,27,USA,948,1
5674,63,Australia,843,0
5675,53,USA,794,0
5676,39,UK,538,0
5677,52,Canada,450,0
5678,68,USA,51,0
5679,60,UK,780,0
5680,55,Australia,903,0
5681,35,UK,813,0
5682,68,Canada,679,1
5683,52,USA,663,1
5684,41,UK,830,0
5685,26,Germany,845,1
5686,59,Germany,209,0
5687,67,Germany,536,0
5688,45,Australia,979,0
5689,27,USA,565,0
5690,26,Germany,998,0
5691,59,India,375,1
5692,36,Canada,197,0
5693,27,India,785,1
5694,48,India,864,0
5695,35,Australia,257,0
5696,19,Germany,819,0
5697,51,Canada,292,1
5698,68,UK,341,1
5699,49,Australia,724,1
5700,53,India,39,1
5701,39,UK,633,0
5702,27,Australia,120,1
5703,27,Australia,910,1
5704,69,Australia,886,0
5705,38,UK,190,0
5706,56,USA,856,0
5707,69,Canada,830,0
5708,36,Canada,693,0
5709,51,India,22,0
5710,27,USA,578,0
5711,55,USA,123,1
5712,27,USA,301,0
5713,20,Canada,905,0
5714,27,Canada,652,0
5715,38,Germany,405,0
5716,22,Canada,345,0
5717,66,Canada,584,0
5718,49,USA,582,0
5719,38,UK,135,0
5720,56,India,758,0
5721,26,Australia,796,0
5722,24,Australia,47,0
5723,67,Australia,522,0
5724,50,UK,903,0
5725,61,India,814,0
5726,30,Germany,272,1
5727,22,Australia,244,0
5728,55,Canada,434,0
5729,65,India,617,0
5730,30,India,940,0
5731,18,India,904,0
5732,38,India,510,0
5733,54,Canada,49,1
5734,18,UK,29,0
5735,69,India,937,0
5736,24,USA,185,0
5737,66,India,534,0
5738,29,Australia,516,0
5739,54,Canada,927,0
5740,62,USA,218,1
5741,57,Canada,993,0
5742,22,Germany,668,1
5743,34,Australia,247,1
5744,26,Canada,386,1
5745,68,USA,628,1
5746,24,UK,926,0
5747,68,Australia,755,1
5748,27,USA,573,0
5749,64,UK,986,0
5750,55,USA,702,0
5751,23,India,338,0
5752,20,Australia,17,0
5753,25,Canada,316,0
5754,34,Germany,345,0
5755,29,UK,989,1
5756,53,UK,885,0
5757,46,India,139,1
5758,31,Australia,302,1
5759,34,Australia,834,1
5760,27,India,775,0
5761,31,USA,336,1
5762,21,UK,925,0
5763,23,Canada,129,0
5764,18,USA,883,1
5765,20,India,65,0
5766,38,UK,670,1
5767,65,Germany,278,0
5768,63,Germany,516,0
5769,61,UK,729,1
5770,32,Canada,586,0
5771,69,Australia,948,0
5772,18,UK,321,0
5773,64,Australia,322,0
5774,39,Canada,598,0
5775,26,India,917,1
5776,60,Canada,390,0
5777,50,Canada,71,0
5778,28,UK,376,0
5779,68,UK,898,1
5780,53,Germany,500,0
5781,56,India,748,1
5782,27,USA,774,0
5783,63,UK,99,1
5784,27,India,634,0
5785,49,India,746,0
5786,43,Australia,527,0
5787,35,Australia,883,0
5788,41,Australia,453,1
5789,65,Germany,414,0
5790,55,UK,895,1
5791,44,UK,84,0
5792,49,India,836,0
5793,25,Australia,790,0
5794,39,Australia,814,0
5795,54,UK,400,0
5796,20,Germany,535,0
5797,22,Germany,919,1
5798,42,Germany,776,1
5799,19,UK,278,0
5800,49,UK,584,1
5801,47,Germany,19,0
5802,35,Canada,766,0
5803,40,USA,97,1
5804,35,India,694,1
5805,24,Australia,115,0
5806,56,Canada,226,1
5807,48,USA,845,0
5808,22,UK,983,0
5809,50,India,255,0
5810,50,Canada,672,0
5811,54,India,169,0
5812,67,UK,375,1
5813,36,Australia,182,0
5814,51,Australia,711,0
5815,19,USA,979,0
5816,27,Australia,617,0
5817,43,USA,222,0
5818,37,USA,508,0
5819,26,Canada,712,0
5820,51,Australia,984,1
5821,58,USA,493,1
5822,44,Canada,277,1
5823,52,Canada,341,0
5824,65,Germany,848,1
5825,43,Canada,190,1
5826,23,India,865,0
5827,64,USA,39,1
5828,32,Canada,262,0
5829,66,UK,604,1
5830,45,Canada,356,1
5831,25,Canada,65,0
5832,60,Germany,817,0
5833,29,Australia,425,1
5834,29,India,239,1
5835,22,UK,383,0
5836,65,Germany,317,0
5837,18,India,315,0
5838,53,Canada,463,0
5839,68,Australia,554,0
5840,60,UK,39,1
5841,29,India,339,1
5842,53,Germany,126,1
5843,35,Canada,819,0
5844,51,Canada,752,1
5845,35,USA,637,0
5846,46,Germany,109,1
5847,41,UK,221,0
5848,55,Canada,929,0
5849,50,USA,727,0
5850,28,Australia,792,1
5851,67,India,533,1
5852,27,Canada,729,0
5853,65,Australia,943,0
5854,57,India,744,0
5855,23,Canada,741,1
5856,21,India,791,0
5857,48,Germany,16,0
5858,45,India,769,1
5859,54,India,631,0
5860,37,Canada,450,1
5861,55,Canada,918,0
5862,67,Australia,608,0
5863,53,India,382,0
5864,67,Australia,238,0
5865,64,Australia,603,1
5866,48,Germany,342,1
5867,24,UK,198,0
5868,18,USA,723,0
5869,29,India,212,0
5870,47,Germany,699,0
5871,48,India,786,0
5872,21,USA,961,0
5873,32,UK,694,0
5874,32,UK,719,1
5875,39,India,402,0
5876,53,USA,276,1
5877,47,Australia,55,0
5878,43,India,441,0
5879,19,Canada,243,0
5880,51,UK,738,0
5881,37,Germany,818,0
5882,42,Germany,565,1
5883,64,Germany,427,1
5884,56,USA,204,0
5885,19,USA,950,1
5886,47,Australia,939,1
5887,62,UK,894,1
5888,41,USA,371,1
5889,56,Australia,651,0
5890,33,Canada,50,1
5891,21,Australia,993,0
5892,64,UK,334,0
5893,22,Australia,612,0
5894,35,UK,684,0
5895,47,Canada,917,0
5896,58,Canada,708,1
5897,62,Canada,330,0
5898,47,India,845,0
5899,62,Germany,245,0
5900,62,Australia,335,0
5901,62,Germany,183,0
5902,49,UK,774,0
5903,54,Canada,269,0
5904,42,Australia,653,0
5905,37,USA,759,0
5906,26,Canada,405,0
5907,37,UK,975,0
5908,59,Germany,395,0
5909,28,India,539,0
5910,51,Canada,550,0
5911,18,Germany,387,1
5912,31,UK,820,1
5913,22,UK,369,0
5914,31,Germany,654,1
5915,66,Germany,520,0
5916,36,Canada,288,0
5917,58,USA,331,0
5918,44,Canada,504,0
5919,68,India,933,0
5920,45,Germany,736,1
5921,20,India,243,0
5922,25,India,526,1
5923,41,USA,269,1
5924,25,Canada,691,0
5925,43,Australia,914,0
5926,24,UK,112,0
5927,33,India,887,1
5928,50,India,504,0
5929,20,India,486,0
5930,21,India,42,0
5931,68,UK,657,0
5932,37,Canada,142,1
5933,44,Australia,43,0
5934,47,USA,520,1
5935,27,Australia,881,0
5936,18,India,21,0
5937,26,Germany,444,1
5938,43,UK,265,1
5939,52,Australia,804,0
5940,26,USA,150,1
5941,26,Germany,805,1
5942,25,Australia,875,0
5943,37,Germany,740,0
5944,54,Germany,734,0
5945,42,India,733,0
5946,38,Canada,169,0
5947,59,India,770,0
5948,49,Australia,829,0
5949,30,Germany,277,0
5950,35,USA,941,0
5951,57,India,922,0
5952,50,USA,308,0
5953,52,India,396,1
5954,62,Canada,735,0
5955,69,Canada,546,0
5956,63,India,167,0
5957,49,India,491,0
5958,37,Australia,966,1
5959,66,Canada,29,0
5960,34,USA,31,0
5961,55,Canada,441,0
5962,19,India,524,1
5963,63,USA,328,1
5964,63,India,829,0
5965,32,UK,583,1
5966,23,India,239,0
5967,39,Canada,32,0
5968,44,Germany,110,0
5969,61,Canada,627,0
5970,59,Canada,742,0
5971,26,Australia,34,0
5972,32,USA,958,0
5973,25,Australia,570,0
5974,36,Australia,761,0
5975,59,Australia,136,0
5976,35,UK,931,1
5977,67,USA,515,1
5978,45,India,814,0
5979,64,Germany,142,0
5980,32,Canada,415,0
5981,34,Germany,763,0
5982,66,Germany,492,1
5983,43,India,204,0
5984,58,India,69,1
5985,65,Germany,361,0
5986,20,Canada,629,1
5987,67,India,657,0
5988,19,Canada,344,0
5989,52,India,471,0
5990,51,Canada,105,0
5991,68,Australia,962,1
5992,38,Canada,931,0
5993,44,UK,856,0
5994,63,India,893,1
5995,66,Australia,657,0
5996,47,Australia,200,0
5997,24,UK,966,0
5998,32,Germany,607,1
5999,50,Canada,692,1
6000,22,Canada,901,1
6001,69,USA,654,1
6002,25,India,738,0
6003,46,Germany,932,0
6004,46,Germany,581,0
6005,69,India,344,1
6006,69,USA,129,0
6007,51,USA,939,1
6008,20,India,285,1
6009,60,Canada,477,0
6010,59,Canada,837,0
6011,38,Australia,376,0
6012,64,Germany,405,0
6013,21,India,917,0
6014,32,Canada,529,0
6015,31,USA,827,0
6016,51,India,262,1
6017,23,Germany,629,0
6018,24,Canada,865,0
6019,18,Canada,397,0
6020,24,USA,372,0
6021,42,Canada,97,0
6022,62,Canada,974,0
6023,40,USA,251,0
6024,55,USA,123,0
6025,55,Germany,117,0
6026,67,Australia,855,0
6027,34,India,701,0
6028,53,Canada,887,1
6029,32,Canada,564,0
6030,27,USA,886,0
6031,65,Australia,657,0
6032,61,Australia,553,1
6033,63,Germany,698,0
6034,69,Canada,582,0
6035,40,Germany,428,0
6036,62,UK,607,0
6037,69,USA,67,0
6038,31,Australia,786,1
6039,27,Canada,49,0
6040,26,Germany,708,0
6041,65,India,72,0
6042,18,Germany,903,1
6043,35,Germany,780,0
6044,50,UK,251,0
6045,45,Canada,113,0
6046,23,Australia,991,0
6047,24,Australia,427,0
6048,34,Canada,503,1
6049,43,USA,627,0
6050,41,Germany,628,0
6051,46,India,811,0
6052,48,UK,247,0
6053,44,Germany,73,0
6054,50,India,346,1
6055,60,USA,287,0
6056,37,UK,76,0
6057,51,Canada,498,0
6058,25,Canada,98,1
6059,32,Germany,28,1
6060,34,UK,826,0
6061,26,India,287,1
6062,36,USA,593,0
6063,27,Australia,311,1
6064,65,Australia,732,0
6065,69,USA,690,1
6066,20,Canada,207,0
6067,38,Canada,805,0
6068,31,USA,975,0
6069,26,Canada,812,0
6070,42,USA,824,1
6071,43,Germany,320,0
6072,69,Australia,857,0
6073,26,India,650,0
6074,26,Australia,830,0
6075,44,UK,60,0
6076,60,Germany,550,1
6077,46,UK,815,0
6078,22,USA,846,1
6079,40,India,44,0
6080,36,Germany,728,0
6081,44,Australia,820,1
6082,42,Canada,174,1
6083,48,UK,668,0
6084,45,UK,342,0
6085,22,Canada,438,0
6086,25,Germany,381,1
6087,64,Canada,460,0
6088,55,UK,556,0
6089,58,Canada,51,0
6090,62,UK,589,0
6091,30,Australia,740,0
6092,49,Germany,533,0
6093,66,India,251,0
6094,32,Germany,440,1
6095,40,Canada,308,0
6096,32,Canada,624,1
6097,33,Germany,608,0
6098,37,India,814,0
6099,40,UK,606,0
6100,63,Canada,487,0
6101,18,Canada,873,1
6102,31,Germany,496,0
6103,62,UK,736,1
6104,18,UK,789,0
6105,20,Canada,113,1
6106,51,UK,723,0
6107,57,Australia,382,0
6108,55,Germany,407,1
6109,32,Australia,180,0
6110,27,India,14,0
6111,31,Australia,99,1
6112,18,USA,34,0
6113,59,Australia,260,1
6114,49,India,137,1
6115,67,Germany,579,1
6116,27,Australia,376,0
6117,39,India,112,1
6118,42,USA,746,1
6119,26,India,143,0
6120,20,Canada,516,0
6121,61,Germany,277,0
6122,63,UK,275,1
6123,39,Canada,63,0
6124,54,Canada,31,1
6125,60,Australia,871,0
6126,35,Australia,651,0
6127,61,Australia,82,0
6128,51,USA,855,0
6129,27,India,885,0
6130,55,Germany,231,0
6131,48,Australia,455,0
6132,65,USA,485,0
6133,50,USA,260,0
6134,69,India,265,1
6135,25,Germany,232,0
6136,18,Canada,271,1
6137,55,Germany,170,0
6138,43,USA,573,0
6139,20,USA,950,0
6140,36,UK,364,0
6141,56,India,635,1
6142,58,UK,886,1
6143,30,USA,804,1
6144,58,Canada,474,0
6145,32,USA,847,0
6146,48,Australia,28,0
6147,38,Germany,977,0
6148,66,Germany,856,1
6149,67,Canada,228,0
6150,64,Australia,34,0
6151,20,Canada,606,0
6152,24,UK,716,0
6153,43,Australia,348,1
6154,31,Canada,176,1
6155,31,USA,131,0
6156,23,India,945,0
6157,31,Australia,334,1
6158,44,Germany,956,1
6159,19,Germany,873,0
6160,65,USA,536,0
6161,62,India,580,0
6162,37,Australia,950,1
6163,66,Canada,544,0
6164,18,UK,447,0
6165,68,India,199,1
6166,66,USA,833,0
6167,20,Canada,238,0
6168,65,Canada,138,0
6169,26,Canada,142,0
6170,57,Australia,919,0
6171,24,India,938,0
6172,32,Canada,329,0
6173,56,India,308,0
6174,35,Australia,152,1
6175,40,USA,21,0
6176,43,UK,72,0
6177,19,India,581,0
6178,21,Australia,454,0
6179,36,USA,384,0
6180,25,India,103,0
6181,23,USA,199,1
6182,44,UK,79,0
6183,51,Germany,512,0
6184,40,UK,816,1
6185,32,Australia,483,0
6186,54,Germany,17,0
6187,27,Germany,822,0
6188,59,Canada,390,0
6189,69,India,15,0
6190,65,Canada,696,1
6191,68,USA,826,0
6192,62,Australia,367,0
6193,48,Australia,962,0
6194,30,USA,146,0
6195,28,USA,653,0
6196,41,Canada,57,0
6197,22,UK,163,0
6198,30,Australia,837,0
6199,55,Canada,318,0
6200,66,Canada,936,0
6201,22,UK,221,0
6202,66,UK,771,0
6203,31,UK,431,0
6204,28,India,841,0
6205,64,Canada,684,1
6206,18,India,793,0
6207,32,Germany,226,0
6208,20,Germany,293,0
6209,66,Canada,756,0
6210,18,USA,839,0
6211,56,UK,275,0
6212,47,India,363,0
6213,30,Germany,340,0
6214,42,Canada,905,0
6215,29,USA,138,0
6216,51,Canada,692,0
6217,23,USA,898,1
6218,33,Canada,156,0
6219,27,UK,138,1
6220,26,UK,156,0
6221,50,USA,580,0
6222,59,Canada,396,0
6223,37,UK,134,0
6224,59,Canada,962,1
6225,44,Canada,170,0
6226,41,UK,497,0
6227,53,Australia,818,1
6228,66,Germany,457,0
6229,63,Germany,46,0
6230,19,Canada,360,0
6231,56,Germany,950,0
6232,33,India,593,0
6233,24,UK,392,0
6234,49,Germany,747,0
6235,55,Australia,822,0
6236,45,Germany,503,0
6237,48,Canada,372,0
6238,63,USA,915,0
6239,51,Germany,185,0
6240,55,USA,771,0
6241,60,UK,797,0
6242,63,USA,798,0
6243,35,Germany,728,1
6244,64,Australia,88,0
6245,20,India,791,1
6246,67,Australia,932,0
6247,46,Australia,934,1
6248,30,India,633,0
6249,22,UK,660,0
6250,31,Germany,136,1
6251,41,UK,79,0
6252,39,Canada,418,0
6253,57,Canada,771,0
6254,43,USA,206,0
6255,25,Australia,881,0
6256,33,UK,42,0
6257,42,India,312,0
6258,66,UK,701,0
6259,63,USA,964,0
6260,19,Germany,221,1
6261,53,Australia,213,0
6262,38,Australia,624,0
6263,18,UK,318,0
6264,68,USA,898,0
6265,62,Canada,658,0
6266,59,India,809,0
6267,43,Germany,954,0
6268,52,UK,422,0
6269,58,UK,99,0
6270,39,India,456,0
6271,24,Canada,659,0
6272,34,UK,705,0
6273,30,India,312,1
6274,58,Australia,682,0
6275,51,Australia,459,0
6276,57,India,809,1
6277,61,Germany,954,1
6278,30,Australia,19,0
6279,66,India,464,0
6280,31,India,158,0
6281,44,Australia,571,1
6282,34,India,671,0
6283,37,UK,773,1
6284,28,India,96,0
6285,43,India,869,0
6286,67,India,2,0
6287,30,India,24,0
6288,55,Canada,506,1
6289,62,UK,887,1
6290,53,India,514,0
6291,35,USA,177,0
6292,32,USA,913,0
6293,23,USA,349,1
6294,66,Australia,64,0
6295,59,Australia,330,0
6296,61,Germany,17,0
6297,69,Canada,444,0
6298,44,USA,832,0
6299,51,Canada,351,0
6300,55,USA,960,1
6301,62,Germany,588,0
6302,27,UK,401,0
6303,56,Canada,425,0
6304,32,UK,991,0
6305,21,Germany,292,0
6306,61,Canada,505,0
6307,34,UK,39,1
6308,68,Germany,609,1
6309,43,India,750,1
6310,50,Canada,769,0
6311,54,UK,770,1
6312,22,Germany,986,0
6313,64,India,781,0
6314,19,Canada,827,0
6315,44,India,498,1
6316,30,USA,236,1
6317,32,Canada,814,0
6318,39,Germany,744,1
6319,30,Germany,648,0
6320,39,Canada,110,1
6321,44,USA,936,1
6322,47,Canada,702,0
6323,52,UK,722,1
6324,44,Germany,505,1
6325,49,Australia,648,1
6326,38,India,658,0
6327,59,Germany,410,0
6328,49,USA,743,0
6329,56,Australia,491,0
6330,32,Canada,18,1
6331,28,Germany,672,0
6332,50,UK,424,0
6333,52,Australia,837,0
6334,64,USA,334,0
6335,41,USA,17,0
6336,29,Australia,656,0
6337,51,India,604,0
6338,28,Germany,205,1
6339,42,Canada,103,0
6340,18,USA,117,0
6341,53,UK,82,0
6342,20,UK,238,0
6343,65,Canada,979,0
6344,31,UK,67,1
6345,61,India,478,0
6346,63,Canada,403,0
6347,36,UK,329,1
6348,54,India,946,0
6349,24,UK,393,0
6350,66,Germany,204,1
6351,57,Canada,533,1
6352,20,UK,194,0
6353,58,UK,872,0
6354,49,India,706,0
6355,19,Germany,930,1
6356,56,Germany,556,0
6357,53,India,531,0
6358,37,Germany,917,0
6359,42,Australia,735,0
6360,25,UK,531,1
6361,45,UK,576,0
6362,33,Germany,563,1
6363,65,UK,522,0
6364,56,Germany,100,0
6365,53,India,403,0
6366,36,Canada,332,1
6367,42,India,740,0
6368,59,Canada,885,0
6369,22,Australia,81,0
6370,64,India,277,1
6371,67,USA,506,0
6372,67,Australia,720,0
6373,18,UK,697,0
6374,60,India,180,0
6375,40,Canada,897,1
6376,20,Germany,898,0
6377,34,Germany,92,1
6378,32,India,662,1
6379,54,India,160,0
6380,36,Australia,668,0
6381,27,India,468,0
6382,31,Germany,854,0
6383,61,USA,843,1
6384,34,India,466,0
6385,37,Germany,166,1
6386,33,Germany,691,0
6387,68,India,587,0
6388,29,Australia,251,0
6389,19,Canada,764,0
6390,69,Canada,408,1
6391,63,Australia,482,1
6392,31,UK,978,0
6393,37,Germany,290,1
6394,65,UK,971,0
6395,55,UK,172,1
6396,29,Canada,798,0
6397,18,Canada,681,0
6398,23,USA,843,0
6399,46,Germany,763,0
6400,46,USA,294,0
6401,25,Australia,249,1
6402,36,India,703,1
6403,62,USA,287,0
6404,19,India,291,0
6405,33,UK,184,1
6406,67,Germany,981,1
6407,29,Australia,289,0
6408,66,USA,21,0
6409,56,Germany,233,0
6410,59,Australia,960,0
6411,43,UK,839,1
6412,43,UK,600,0
6413,65,UK,332,1
6414,26,UK,771,0
6415,48,Canada,432,1
6416,21,Canada,724,0
6417,33,UK,202,0
6418,46,UK,133,0
6419,62,USA,847,0
6420,32,Germany,747,0
6421,19,USA,748,0
6422,51,UK,561,0
6423,45,Australia,560,0
6424,27,Canada,945,0
6425,26,India,984,1
6426,46,Canada,956,0
6427,65,Canada,279,0
6428,60,Australia,519,0
6429,62,Australia,324,0
6430,59,Canada,458,1
6431,51,India,922,0
6432,54,UK,520,1
6433,24,UK,391,1
6434,31,UK,913,1
6435,39,Australia,558,0
6436,45,Canada,493,0
6437,68,Germany,666,0
6438,34,Australia,384,0
6439,56,Germany,978,0
6440,67,USA,535,0
6441,41,Germany,925,0
6442,25,Canada,154,1
6443,18,UK,156,0
6444,64,Germany,238,0
6445,51,Australia,699,0
6446,66,India,261,0
6447,32,India,655,1
6448,22,Australia,476,1
6449,60,UK,454,0
6450,19,Germany,767,1
6451,39,Australia,585,0
6452,47,Canada,272,0
6453,64,Canada,884,0
6454,26,Germany,321,0
6455,25,USA,251,1
6456,35,USA,859,0
6457,66,India,800,1
6458,62,UK,438,0
6459,38,India,814,0
6460,54,UK,912,1
6461,63,UK,974,0
6462,42,Australia,573,0
6463,52,UK,593,1
6464,62,Australia,374,1
6465,64,UK,463,0
6466,19,Canada,427,0
6467,48,Australia,421,0
6468,24,Germany,736,0
6469,55,UK,692,0
6470,30,Germany,216,0
6471,60,UK,978,0
6472,51,Australia,499,1
6473,60,Canada,242,0
6474,67,Canada,766,0
6475,68,Germany,400,0
6476,32,Germany,125,1
6477,58,India,226,1
6478,59,India,518,1
6479,57,USA,296,0
6480,29,India,135,0
6481,66,Australia,4,1
6482,20,India,652,0
6483,60,Australia,818,0
6484,25,UK,544,0
6485,34,Australia,290,1
6486,55,Australia,234,0
6487,35,Australia,562,1
6488,56,USA,545,1
6489,42,India,997,1
6490,38,India,827,0
6491,48,Germany,748,1
6492,19,USA,375,1
6493,45,USA,269,1
6494,69,USA,374,1
6495,19,Germany,802,1
6496,42,Canada,368,1
6497,32,USA,268,1
6498,48,USA,334,0
6499,65,Germany,555,0
6500,25,Canada,688,0
6501,33,USA,595,0
6502,33,USA,287,0
6503,45,UK,516,0
6504,62,Canada,18,0
6505,47,India,932,0
6506,46,USA,656,0
6507,64,Australia,450,0
6508,63,Germany,227,0
6509,53,UK,254,1
6510,40,India,444,0
6511,63,India,49,0
6512,40,Australia,880,0
6513,49,UK,979,0
6514,20,Germany,316,1
6515,32,Australia,657,0
6516,24,India,723,1
6517,22,India,58,0
6518,65,Canada,48,1
6519,64,India,839,1
6520,28,USA,330,0
6521,58,USA,865,0
6522,57,Australia,995,0
6523,53,UK,987,1
6524,22,UK,703,1
6525,27,Germany,120,0
6526,57,Germany,909,0
6527,29,Canada,128,0
6528,39,UK,104,0
6529,18,Canada,758,1
6530,60,Germany,621,0
6531,18,India,11,0
6532,57,Australia,214,0
6533,68,Canada,556,0
6534,48,India,8,0
6535,65,Canada,273,0
6536,27,Canada,212,0
6537,43,Germany,221,1
6538,44,Australia,25,1
6539,51,Australia,720,0
6540,40,Australia,907,0
6541,35,Canada,559,0
6542,46,Germany,699,0
6543,41,Canada,413,1
6544,43,Australia,232,0
6545,42,Australia,256,0
6546,19,Canada,979,1
6547,44,UK,950,0
6548,69,UK,561,0
6549,22,Germany,934,1
6550,38,Canada,53,0
6551,65,India,662,0
6552,66,USA,143,0
6553,27,Germany,486,0
6554,65,UK,543,0
6555,45,UK,671,0
6556,40,Germany,272,0
6557,19,UK,806,0
6558,51,India,883,0
6559,42,UK,100,0
6560,35,USA,589,0
6561,44,USA,866,0
6562,30,Canada,798,0
6563,31,India,653,0
6564,25,UK,562,0
6565,66,UK,80,1
6566,68,Germany,667,1
6567,46,Canada,712,1
6568,58,USA,787,0
6569,38,Australia,601,0
6570,40,Germany,459,0
6571,42,Germany,90,0
6572,29,UK,160,1
6573,21,USA,399,1
6574,44,Germany,709,0
6575,45,UK,419,0
6576,51,Canada,447,1
6577,58,India,371,0
6578,39,USA,367,0
6579,60,Canada,590,0
6580,27,UK,216,0
6581,25,India,864,0
6582,40,Germany,985,0
6583,24,Canada,47,0
6584,18,Germany,381,0
6585,45,Germany,934,0
6586,53,India,501,1
6587,21,India,901,0
6588,42,Australia,10,0
6589,20,Australia,987,0
6590,57,Australia,890,0
6591,40,Germany,991,1
6592,29,Germany,483,1
6593,62,India,111,1
6594,55,UK,297,0
6595,26,USA,791,1
6596,24,Germany,671,1
6597,47,Australia,162,1
6598,22,India,133,0
6599,68,Canada,678,0
6600,59,Canada,279,0
6601,47,Australia,835,0
6602,59,Australia,899,0
6603,36,UK,170,0
6604,65,UK,769,1
6605,22,Australia,827,0
6606,51,Australia,101,0
6607,59,Canada,29,0
6608,26,UK,254,0
6609,21,Germany,749,0
6610,66,India,535,0
6611,64,USA,136,0
6612,62,India,609,0
6613,39,India,133,0
6614,38,UK,126,0
6615,67,USA,647,1
6616,67,Australia,60,0
6617,69,Germany,391,1
6618,67,Canada,600,0
6619,18,Germany,694,0
6620,61,UK,959,0
6621,38,Australia,472,0
6622,64,Canada,948,0
6623,52,Germany,916,0
6624,37,India,30,0
6625,41,UK,984,1
6626,47,USA,602,0
6627,55,India,925,0
6628,62,USA,401,0
6629,22,Canada,604,1
6630,34,USA,50,0
6631,57,India,492,0
6632,28,USA,268,1
6633,25,UK,449,0
6634,19,UK,590,0
6635,19,India,708,0
6636,27,Australia,643,1
6637,40,Germany,773,0
6638,27,Australia,683,0
6639,38,USA,380,0
6640,38,India,420,0
6641,55,USA,17,0
6642,62,India,502,0
6643,28,USA,61,0
6644,50,Germany,299,0
6645,52,India,549,0
6646,53,UK,23,1
6647,56,Germany,730,0
6648,32,UK,933,0
6649,39,Germany,721,0
6650,31,UK,590,0
6651,51,Germany,858,0
6652,39,Australia,336,0
6653,55,USA,920,0
6654,23,UK,708,1
6655,43,USA,613,0
6656,28,India,806,0
6657,36,USA,427,0
6658,43,UK,568,0
6659,48,Germany,211,1
6660,41,USA,58,0
6661,21,Canada,778,1
6662,36,Germany,271,0
6663,59,India,319,0
6664,69,India,184,0
6665,68,UK,145,1
6666,19,Germany,435,1
6667,27,USA,293,0
6668,22,USA,56,1
6669,53,Australia,927,0
6670,68,India,201,1
6671,32,Germany,656,0
6672,47,Germany,821,0
6673,69,India,516,0
6674,55,Australia,377,0
6675,47,USA,615,0
6676,52,India,472,1
6677,62,Germany,276,0
6678,56,Australia,689,0
6679,53,USA,171,1
6680,60,Canada,355,0
6681,53,Australia,462,0
6682,62,India,301,0
6683,48,Germany,529,0
6684,39,Germany,663,0
6685,31,Australia,140,0
6686,63,UK,691,1
6687,35,UK,875,0
6688,58,India,940,1
6689,64,Australia,875,0
6690,20,Australia,723,0
6691,28,USA,509,0
6692,66,Australia,55,0
6693,56,Canada,697,0
6694,51,Canada,113,0
6695,55,USA,283,0
6696,48,UK,155,0
6697,64,Germany,649,1
6698,53,Australia,266,1
6699,62,UK,679,1
6700,32,India,716,1
6701,26,UK,931,0
6702,21,USA,826,0
6703,24,Australia,906,1
6704,52,India,639,0
6705,46,USA,376,1
6706,64,India,936,0
6707,23,Australia,252,0
6708,62,Germany,409,0
6709,40,UK,240,0
6710,53,USA,561,1
6711,40,India,251,1
6712,44,UK,589,1
6713,49,Canada,666,0
6714,39,USA,397,0
6715,24,Germany,1,0
6716,31,India,251,0
6717,60,USA,760,0
6718,34,USA,964,1
6719,56,Canada,1,0
6720,41,Australia,482,1
6721,32,Germany,465,1
6722,26,Australia,959,1
6723,64,Canada,167,0
6724,18,India,910,0
6725,65,UK,842,0
6726,20,USA,433,1
6727,44,India,115,0
6728,39,India,530,0
6729,64,Germany,269,0
6730,25,USA,299,0
6731,27,Australia,503,0
6732,29,Canada,649,0
6733,65,UK,18,0
6734,57,Australia,983,1
6735,37,USA,531,0
6736,43,USA,74,0
6737,69,UK,686,1
6738,46,Australia,164,1
6739,47,India,126,0
6740,30,Australia,664,0
6741,48,Canada,859,0
6742,61,USA,383,0
6743,32,India,451,1
6744,55,Germany,929,0
6745,25,India,218,1
6746,65,UK,404,1
6747,36,Canada,952,1
6748,41,Australia,10,0
6749,51,UK,164,0
6750,53,Germany,656,0
6751,24,Australia,175,0
6752,60,India,339,0
6753,18,USA,419,1
6754,29,Australia,204,1
6755,36,Germany,447,1
6756,66,UK,624,0
6757,59,Australia,822,0
6758,68,India,416,1
6759,48,UK,636,0
6760,49,USA,958,1
6761,60,Germany,632,0
6762,55,Australia,926,0
6763,62,Germany,66,1
6764,37,Canada,549,0
6765,66,UK,787,0
6766,24,Canada,133,0
6767,41,Australia,176,1
6768,28,Germany,201,0
6769,58,India,3,0
6770,68,Canada,980,1
6771,24,India,764,0
6772,42,Canada,109,0
6773,41,UK,552,0
6774,65,UK,295,0
6775,29,Australia,721,0
6776,34,Germany,258,1
6777,28,UK,501,0
6778,57,Canada,89,0
6779,63,Canada,336,0
6780,29,India,553,0
6781,40,USA,469,0
6782,68,Canada,112,1
6783,43,India,229,1
6784,27,Germany,135,1
6785,63,UK,527,0
6786,63,UK,602,0
6787,61,Canada,732,0
6788,55,UK,524,0
6789,57,Germany,624,0
6790,56,USA,716,0
6791,31,Australia,286,0
6792,60,Canada,688,0
6793,60,Germany,242,0
6794,21,Australia,498,1
6795,53,India,447,1
6796,59,USA,950,0
6797,33,Canada,474,0
6798,56,UK,275,1
6799,49,Canada,177,0
6800,23,India,27,1
6801,48,UK,268,0
6802,19,Australia,133,0
6803,63,USA,82,1
6804,39,Australia,328,1
6805,24,Canada,542,0
6806,44,Germany,784,0
6807,46,India,559,1
6808,39,Canada,974,1
6809,52,Australia,472,0
6810,23,Germany,700,0
6811,51,Canada,301,1
6812,32,India,421,0
6813,49,Canada,853,0
6814,51,UK,736,0
6815,69,UK,535,0
6816,60,Germany,297,0
6817,50,Australia,281,0
6818,57,UK,597,1
6819,65,USA,870,0
6820,36,USA,859,1
6821,22,Canada,985,1
6822,47,Australia,484,0
6823,33,USA,768,1
6824,38,USA,799,0
6825,48,India,793,0
6826,18,India,318,1
6827,25,USA,531,1
6828,64,India,489,1
6829,55,USA,553,0
6830,69,Germany,706,1
6831,45,India,737,0
6832,57,USA,773,1
6833,38,USA,662,1
6834,28,Canada,44,0
6835,30,Australia,374,0
6836,20,Germany,525,0
6837,28,Australia,651,1
6838,38,Germany,903,0
6839,31,Canada,703,1
6840,28,Canada,205,0
6841,26,Australia,77,0
6842,47,Canada,425,1
6843,64,UK,135,0
6844,65,USA,255,0
6845,33,UK,499,0
6846,63,India,443,0
6847,41,Canada,579,0
6848,18,Australia,290,1
6849,29,USA,266,0
6850,61,USA,886,0
6851,40,India,262,0
6852,41,Australia,213,1
6853,48,Germany,623,0
6854,47,USA,952,0
6855,29,Germany,931,1
6856,57,Australia,601,0
6857,63,USA,464,1
6858,21,UK,413,1
6859,45,Canada,256,0
6860,25,Australia,831,0
6861,30,Germany,923,0
6862,30,UK,982,0
6863,28,Australia,103,0
6864,39,USA,484,0
6865,49,Canada,270,0
6866,46,UK,134,0
6867,21,Canada,651,1
6868,27,USA,375,0
6869,52,Australia,207,1
6870,67,USA,443,1
6871,46,UK,408,1
6872,52,USA,225,0
6873,33,India,585,0
6874,48,Canada,64,0
6875,40,USA,710,1
6876,24,USA,248,0
6877,59,Australia,971,0
6878,69,India,308,1
6879,44,Canada,140,0
6880,33,Germany,702,0
6881,52,India,60,0
6882,30,India,76,0
6883,19,Canada,417,0
6884,58,Australia,889,0
6885,66,India,800,0
6886,32,Canada,215,0
6887,38,Australia,694,0
6888,30,India,551,1
6889,63,Canada,619,0
6890,34,Australia,792,0
6891,51,Canada,691,0
6892,27,Germany,886,0
6893,54,Australia,7,0
6894,33,USA,286,0
6895,49,Australia,784,0
6896,39,Canada,960,0
6897,57,UK,293,0
6898,60,Australia,468,0
6899,32,Germany,760,0
6900,26,Australia,321,1
6901,37,Australia,631,0
6902,27,Germany,880,0
6903,33,USA,868,0
6904,48,India,322,0
6905,45,India,252,0
6906,18,Canada,239,0
6907,33,Germany,941,0
6908,19,Canada,180,0
6909,56,UK,215,0
6910,59,Australia,769,0
6911,27,India,142,1
6912,40,Canada,171,0
6913,53,Canada,411,1
6914,56,Germany,691,0
6915,24,UK,716,0
6916,64,UK,133,0
6917,53,Canada,71,0
6918,63,UK,224,0
6919,29,UK,74,0
6920,26,Germany,102,0
6921,18,Australia,193,0
6922,37,Germany,241,0
6923,61,Australia,195,1
6924,60,UK,637,1
6925,25,Canada,989,0
6926,41,India,302,0
6927,34,Canada,32,1
6928,41,Canada,759,0
6929,46,India,48,0
6930,51,Germany,272,0
6931,25,Canada,797,0
6932,42,Australia,746,0
6933,20,UK,606,0
6934,51,UK,160,1
6935,26,Germany,450,0
6936,24,Germany,622,1
6937,49,Germany,119,0
6938,55,USA,878,0
6939,58,Australia,749,0
6940,27,USA,874,0
6941,25,UK,367,0
6942,36,Canada,576,1
6943,68,USA,137,0
6944,34,Canada,744,0
6945,32,India,964,1
6946,33,UK,474,1
6947,40,USA,333,0
6948,44,UK,948,0
6949,36,India,935,0
6950,31,India,607,0
6951,63,UK,52,1
6952,31,USA,713,0
6953,24,Australia,796,1
6954,63,UK,505,0
6955,34,Canada,315,1
6956,30,Canada,978,1
6957,54,Canada,609,0
6958,25,Canada,35,0
6959,29,Canada,854,1
6960,34,India,574,0
6961,26,USA,333,1
6962,69,USA,279,0
6963,21,Germany,533,0
6964,24,UK,272,0
6965,40,India,31,1
6966,23,India,883,1
6967,65,UK,924,0
6968,30,UK,481,0
6969,54,Canada,992,0
6970,33,India,728,0
6971,31,India,395,0
6972,51,UK,700,0
6973,56,UK,300,0
6974,33,USA,562,0
6975,45,Canada,324,0
6976,29,Germany,528,1
6977,66,Canada,164,0
6978,43,India,312,0
6979,39,Australia,888,0
6980,34,USA,177,0
6981,24,Australia,767,0
6982,37,UK,478,0
6983,48,Germany,506,1
6984,19,India,496,1
6985,32,Germany,273,0
6986,24,Australia,368,0
6987,50,Australia,310,1
6988,33,Canada,741,0
6989,64,USA,48,1
6990,68,Canada,832,1
6991,58,Australia,456,0
6992,22,UK,657,0
6993,56,USA,809,1
6994,34,Australia,675,0
6995,62,Canada,688,0
6996,27,Germany,658,0
6997,33,USA,754,1
6998,47,USA,19,1
6999,40,UK,968,0
7000,43,UK,761,0
7001,56,Germany,417,0
7002,46,Germany,532,0
7003,27,USA,396,0
7004,42,India,153,0
7005,21,Australia,393,1
7006,43,Australia,847,0
7007,24,Canada,160,0
7008,69,USA,639,0
7009,31,Australia,525,0
7010,61,Australia,993,1
7011,47,Germany,400,0
7012,19,USA,530,0
7013,41,UK,358,0
7014,46,Canada,726,0
7015,60,USA,311,1
7016,51,UK,34,0
7017,21,Canada,998,0
7018,69,Canada,366,0
7019,32,India,583,1
7020,46,UK,919,0
7021,32,Canada,609,1
7022,37,Australia,317,0
7023,61,India,216,0
7024,54,India,391,0
7025,31,USA,836,0
7026,63,Australia,202,0
7027,47,Australia,508,0
7028,39,Germany,669,0
7029,31,Germany,590,0
7030,30,Canada,707,1
7031,53,Canada,277,0
7032,33,Canada,668,0
7033,32,USA,576,0
7034,64,India,144,0
7035,50,Germany,593,0
7036,22,UK,698,0
7037,61,Germany,164,0
7038,21,India,855,0
7039,38,India,390,1
7040,48,UK,595,1
7041,29,USA,78,0
7042,29,Germany,440,0
7043,36,Canada,988,0
7044,22,Australia,965,0
7045,20,USA,229,0
7046,38,Canada,852,1
7047,64,Germany,657,0
7048,43,UK,796,0
7049,30,USA,748,0
7050,55,Germany,153,1
7051,40,Canada,86,0
7052,47,Germany,971,0
7053,64,Australia,76,0
7054,28,India,229,1
7055,25,India,225,0
7056,20,Germany,360,0
7057,50,Canada,46,0
7058,44,India,614,0
7059,29,Germany,202,0
7060,41,Germany,511,0
7061,62,Australia,16,0
7062,53,Canada,830,0
7063,31,India,928,0
7064,36,Canada,214,0
7065,22,Canada,433,0
7066,36,Australia,420,1
7067,32,Canada,740,0
7068,41,India,539,1
7069,66,India,535,1
7070,63,USA,751,0
7071,48,UK,449,1
7072,35,Germany,774,0
7073,18,UK,239,0
7074,21,Australia,800,0
7075,22,Canada,265,0
7076,28,USA,867,1
7077,27,USA,615,1
7078,55,Australia,264,0
7079,56,Germany,161,1
7080,36,Germany,770,0
7081,52,UK,273,0
7082,20,UK,86,0
7083,42,India,871,0
7084,24,UK,404,1
7085,23,UK,567,0
7086,38,Canada,307,1
7087,53,Australia,264,1
7088,60,USA,400,0
7089,19,UK,769,0
7090,55,India,115,0
7091,22,UK,981,0
7092,41,Canada,160,0
7093,27,Germany,585,0
7094,50,Canada,455,1
7095,40,India,309,0
7096,33,Germany,494,1
7097,31,USA,359,0
7098,41,India,658,0
7099,54,India,553,0
7100,25,Australia,472,0
7101,47,UK,852,0
7102,21,India,176,0
7103,20,Australia,914,0
7104,35,USA,56,0
7105,23,USA,630,0
7106,38,Australia,573,0
7107,44,USA,32,1
7108,22,India,576,1
7109,39,Canada,667,1
7110,62,India,547,0
7111,30,UK,474,1
7112,19,USA,320,0
7113,53,UK,113,0
7114,55,Australia,886,1
7115,20,USA,876,0
7116,39,UK,285,1
7117,46,Germany,325,1
7118,26,Germany,382,0
7119,27,USA,358,0
7120,63,UK,510,0
7121,66,India,692,0
7122,52,Australia,871,1
7123,25,Canada,160,0
7124,25,India,942,1
7125,25,India,755,1
7126,30,Canada,54,0
7127,49,Canada,75,0
7128,28,UK,770,1
7129,61,Canada,239,1
7130,42,Germany,304,0
7131,34,Canada,965,0
7132,35,Australia,282,0
7133,23,India,169,1
7134,66,Australia,765,0
7135,29,Australia,297,0
7136,18,Australia,785,0
7137,46,USA,53,0
7138,48,Germany,958,0
7139,30,Canada,848,0
7140,35,Australia,867,0
7141,30,Canada,499,0
7142,67,USA,281,1
7143,48,UK,164,0
7144,56,India,831,1
7145,33,USA,315,0
7146,64,UK,727,0
7147,41,India,537,0
7148,36,Australia,647,0
7149,58,Canada,977,0
7150,56,UK,255,0
7151,56,USA,385,0
7152,38,Germany,382,0
7153,28,Australia,790,1
7154,42,USA,899,1
7155,62,USA,548,0
7156,25,Germany,960,0
7157,67,Australia,359,0
7158,46,UK,443,0
7159,58,Australia,585,1
7160,68,Australia,195,0
7161,29,UK,733,1
7162,69,USA,907,1
7163,43,USA,565,1
7164,33,UK,906,0
7165,53,Australia,266,0
7166,61,Germany,62,0
7167,26,India,71,0
7168,29,Germany,316,0
7169,31,Canada,726,0
7170,49,Australia,467,0
7171,60,USA,864,0
7172,37,UK,883,1
7173,25,Germany,634,1
7174,30,Canada,233,1
7175,33,Canada,69,1
7176,68,USA,994,1
7177,50,India,463,1
7178,56,India,63,0
7179,43,Canada,240,1
7180,64,Germany,180,0
7181,55,Canada,309,0
7182,50,Australia,605,0
7183,51,USA,354,1
7184,67,USA,905,0
7185,53,India,559,0
7186,37,Canada,596,1
7187,33,UK,63,0
7188,42,UK,926,0
7189,60,Germany,156,1
7190,55,Germany,426,0
7191,39,Australia,79,1
7192,51,India,889,1
7193,34,USA,156,0
7194,53,UK,951,0
7195,38,Australia,58,0
7196,46,UK,107,0
7197,50,UK,186,0
7198,18,Australia,917,1
7199,40,UK,249,1
7200,18,India,277,1
7201,21,Canada,577,0
7202,32,UK,756,0
7203,69,USA,686,1
7204,64,Australia,687,1
7205,33,UK,400,0
7206,58,Germany,961,1
7207,37,USA,965,0
7208,65,Canada,738,0
7209,35,UK,386,0
7210,50,India,144,0
7211,60,India,874,0
7212,66,UK,836,0
7213,50,Germany,334,1
7214,42,Australia,412,1
7215,53,India,778,0
7216,48,USA,723,0
7217,23,Australia,732,0
7218,29,Germany,681,0
7219,51,Canada,537,1
7220,50,Australia,343,0
7221,19,Canada,742,1
7222,33,Australia,473,0
7223,46,Australia,876,0
7224,43,India,38,0
7225,21,Germany,955,0
7226,64,India,103,0
7227,59,Canada,947,0
7228,64,India,193,0
7229,30,Germany,618,1
7230,49,UK,926,1
7231,50,Canada,108,1
7232,27,UK,57,0
7233,40,Germany,804,0
7234,18,Canada,456,1
7235,34,India,34,1
7236,22,India,238,1
7237,57,Australia,541,0
7238,57,India,304,0
7239,32,Canada,912,0
7240,27,Canada,403,1
7241,20,Australia,676,0
7242,58,India,929,0
7243,33,India,9,1
7244,66,UK,603,1
7245,39,Australia,360,0
7246,38,Australia,33,0
7247,46,Canada,565,0
7248,35,India,175,0
7249,44,Germany,446,0
7250,58,India,173,0
7251,44,Australia,183,0
7252,19,Canada,587,1
7253,56,India,759,0
7254,24,UK,143,0
7255,55,USA,27,0
7256,24,Canada,897,0
7257,32,Canada,670,0
7258,41,Australia,339,0
7259,32,USA,548,0
7260,59,India,50,0
7261,55,UK,723,0
7262,47,India,461,0
7263,29,Australia,226,0
7264,61,USA,728,0
7265,67,UK,816,0
7266,66,Germany,67,1
7267,30,Germany,905,1
7268,25,UK,721,0
7269,45,Germany,691,1
7270,63,Australia,308,0
7271,63,Australia,678,0
7272,65,Australia,639,0
7273,46,UK,67,0
7274,19,India,155,0
7275,27,India,168,1
7276,50,USA,774,1
7277,35,India,457,0
7278,48,India,554,1
7279,37,USA,796,1
7280,57,Canada,247,1
7281,64,Canada,525,0
7282,48,UK,754,0
7283,33,Canada,375,1
7284,27,Canada,378,0
7285,48,Canada,74,0
7286,51,India,819,1
7287,45,Canada,476,1
7288,58,India,524,0
7289,67,India,249,0
7290,19,Australia,776,1
7291,26,USA,700,0
7292,25,UK,755,0
7293,30,USA,905,0
7294,69,Australia,574,0
7295,25,Germany,239,0
7296,62,India,309,0
7297,48,Canada,849,0
7298,36,Canada,67,1
7299,27,Germany,369,1
7300,35,Australia,908,0
7301,28,Australia,841,1
7302,41,UK,601,0
7303,64,India,265,0
7304,66,Germany,166,0
7305,27,Germany,217,1
7306,67,Germany,107,0
7307,25,India,323,0
7308,63,India,995,1
7309,45,India,114,1
7310,36,India,124,0
7311,64,USA,711,0
7312,26,Germany,276,0
7313,19,USA,448,1
7314,53,UK,389,0
7315,23,Germany,632,0
7316,63,India,168,0
7317,63,Australia,724,1
7318,52,Australia,385,0
7319,26,India,22,0
7320,19,India,976,1
7321,23,USA,183,0
7322,36,India,463,0
7323,18,Germany,956,1
7324,46,Canada,17,1
7325,24,Germany,44,0
7326,23,Australia,482,1
7327,63,UK,441,0
7328,63,Germany,394,0
7329,42,India,471,0
7330,55,Germany,672,0
7331,57,Germany,549,0
7332,30,USA,162,1
7333,29,Canada,264,0
7334,45,Australia,334,0
7335,35,Germany,810,1
7336,50,Australia,741,0
7337,30,UK,310,1
7338,50,Germany,725,0
7339,53,Canada,145,0
7340,61,Australia,763,0
7341,31,Canada,761,0
7342,58,Canada,642,0
7343,60,Canada,857,1
7344,65,Canada,539,0
7345,47,Australia,947,1
7346,59,Australia,464,1
7347,67,USA,824,1
7348,67,Canada,607,0
7349,56,USA,917,1
7350,67,Germany,614,0
7351,23,Germany,850,0
7352,52,USA,347,1
7353,27,India,202,0
7354,45,Canada,804,1
7355,52,Canada,501,1
7356,65,Germany,148,1
7357,62,Australia,915,1
7358,62,USA,316,1
7359,54,Canada,723,0
7360,31,Germany,863,0
7361,53,Canada,428,0
7362,59,Australia,1,1
7363,45,USA,496,0
7364,35,India,959,0
7365,64,UK,627,1
7366,35,Germany,774,0
7367,29,Germany,281,0
7368,22,UK,449,1
7369,64,UK,555,1
7370,26,Germany,901,1
7371,61,India,861,0
7372,62,Germany,193,0
7373,25,UK,568,0
7374,65,Canada,628,1
7375,47,USA,80,0
7376,27,Australia,199,0
7377,68,Canada,244,0
7378,34,India,393,1
7379,41,Germany,807,0
7380,42,Australia,110,1
7381,41,Germany,976,0
7382,48,USA,907,1
7383,49,Australia,551,1
7384,20,Canada,952,0
7385,52,USA,934,0
7386,20,India,802,0
7387,23,Canada,746,0
7388,44,Australia,816,1
7389,44,Canada,54,0
7390,58,India,277,0
7391,51,Germany,632,0
7392,65,Germany,566,1
7393,41,UK,385,1
7394,39,Germany,371,0
7395,25,USA,197,0
7396,64,India,597,1
7397,21,Germany,120,0
7398,69,Canada,573,0
7399,37,Australia,208,1
7400,60,India,522,1
7401,68,Germany,409,1
7402,63,USA,447,1
7403,24,UK,943,1
7404,20,UK,239,0
7405,53,Australia,282,0
7406,31,Australia,264,0
7407,27,Australia,697,0
7408,54,India,342,0
7409,48,Australia,770,0
7410,31,Australia,842,0
7411,64,USA,616,0
7412,48,USA,157,0
7413,26,USA,276,0
7414,32,Australia,216,0
7415,33,Germany,356,0
7416,25,Australia,579,1
7417,58,UK,451,1
7418,53,USA,779,0
7419,33,Canada,183,0
7420,59,Australia,280,0
7421,37,Germany,726,1
7422,31,Australia,11,0
7423,22,Canada,901,0
7424,32,Canada,346,0
7425,47,India,24,0
7426,20,Germany,634,0
7427,24,Canada,150,1
7428,46,Germany,50,0
7429,51,USA,906,1
7430,44,India,335,1
7431,26,UK,327,1
7432,33,Canada,666,0
7433,40,Australia,776,0
7434,69,India,698,1
7435,49,India,605,0
7436,19,India,991,0
7437,66,India,357,0
7438,34,Australia,842,1
7439,23,USA,574,0
7440,48,Germany,702,0
7441,29,UK,191,0
7442,39,UK,91,0
7443,35,Australia,301,0
7444,21,Germany,652,0
7445,39,UK,447,1
7446,65,Australia,609,0
7447,36,India,240,0
7448,51,USA,856,1
7449,40,India,773,1
7450,53,India,566,0
7451,22,USA,551,0
7452,53,Canada,237,1
7453,69,UK,833,0
7454,56,USA,549,1
7455,48,Germany,219,0
7456,40,Germany,461,1
7457,68,Germany,916,0
7458,30,Canada,447,0
7459,58,USA,763,0
7460,60,Canada,650,0
7461,30,Germany,78,0
7462,19,India,103,0
7463,48,India,836,0
7464,54,Canada,201,0
7465,61,Australia,478,0
7466,27,Germany,691,1
7467,31,Germany,40,0
7468,37,Germany,516,0
7469,67,Germany,167,0
7470,49,USA,262,1
7471,23,Canada,126,0
7472,44,Canada,54,0
7473,25,USA,330,0
7474,43,India,136,0
7475,46,Canada,852,0
7476,34,UK,871,0
7477,69,Canada,669,0
7478,30,Australia,861,0
7479,63,Canada,545,1
7480,56,India,723,0
7481,31,USA,239,0
7482,41,India,610,0
7483,47,India,188,0
7484,26,USA,987,0
7485,43,Australia,530,0
7486,35,UK,468,0
7487,49,USA,861,1
7488,35,India,839,0
7489,50,USA,50,1
7490,37,Australia,885,1
7491,48,Canada,870,0
7492,23,Canada,685,0
7493,53,UK,833,0
7494,54,UK,557,0
7495,41,USA,870,0
7496,46,USA,357,0
7497,42,USA,266,0
7498,42,Germany,219,0
7499,29,India,516,1
7500,20,India,657,0
7501,18,Australia,82,0
7502,37,UK,441,0
7503,68,Canada,28,0
7504,33,Australia,277,0
7505,59,Australia,566,0
7506,55,Australia,454,0
7507,55,Canada,694,0
7508,63,Canada,245,1
7509,64,Canada,396,0
7510,50,India,924,0
7511,35,Germany,410,1
7512,19,Australia,68,0
7513,45,Canada,473,0
7514,64,UK,386,0
7515,47,USA,253,0
7516,54,USA,428,0
7517,19,UK,859,0
7518,39,UK,98,0
7519,43,UK,528,0
7520,61,Germany,535,1
7521,25,USA,902,0
7522,39,Germany,518,0
7523,34,Canada,806,0
7524,40,USA,689,1
7525,30,UK,416,0
7526,24,Germany,918,1
7527,31,India,912,0
7528,64,USA,341,1
7529,47,Australia,426,0
7530,40,UK,515,0
7531,54,UK,839,1
7532,66,Canada,323,0
7533,48,Germany,66,0
7534,48,Canada,885,0
7535,48,India,815,1
7536,27,Australia,500,1
7537,36,India,46,0
7538,63,Canada,257,0
7539,58,USA,337,0
7540,30,USA,511,1
7541,19,Canada,32,0
7542,57,Australia,312,0
7543,20,Australia,978,0
7544,55,Canada,235,0
7545,22,USA,408,0
7546,64,Germany,752,1
7547,41,Australia,740,1
7548,66,Australia,290,0
7549,24,Canada,786,0
7550,45,Australia,231,0
7551,58,UK,349,0
7552,31,Germany,69,0
7553,25,Canada,655,1
7554,28,UK,660,1
7555,35,UK,910,1
7556,42,Canada,208,1
7557,57,Canada,577,1
7558,38,Canada,381,0
7559,44,UK,394,0
7560,45,India,753,0
7561,25,Canada,234,1
7562,67,Canada,61,0
7563,19,Germany,867,1
7564,48,Canada,663,0
7565,68,Australia,924,0
7566,29,Australia,498,0
7567,28,Germany,172,0
7568,55,Germany,921,1
7569,59,India,420,0
7570,27,Canada,187,0
7571,50,India,69,1
7572,54,Australia,485,0
7573,46,UK,390,0
7574,49,India,892,0
7575,48,USA,446,0
7576,28,USA,666,1
7577,36,USA,953,0
7578,37,Germany,899,1
7579,61,Australia,93,0
7580,57,USA,119,0
7581,46,Australia,511,0
7582,63,India,800,1
7583,68,Canada,392,1
7584,59,Germany,55,0
7585,65,Germany,312,0
7586,37,USA,957,0
7587,62,UK,757,0
7588,42,UK,240,1
7589,66,Canada,735,0
7590,69,Australia,184,1
7591,57,India,276,0
7592,18,USA,90,0
7593,27,Australia,663,1
7594,41,India,269,0
7595,63,Australia,859,0
7596,27,UK,159,0
7597,41,UK,737,0
7598,62,USA,930,0
7599,49,UK,707,1
7600,25,UK,352,0
7601,47,Canada,777,0
7602,28,Canada,726,1
7603,35,UK,659,0
7604,54,USA,82,1
7605,64,USA,555,0
7606,22,Australia,134,0
7607,59,UK,568,0
7608,21,UK,864,0
7609,43,Germany,554,1
7610,28,Australia,194,0
7611,43,Canada,968,0
7612,38,Canada,277,0
7613,55,USA,698,1
7614,45,India,6,1
7615,65,India,228,1
7616,34,UK,585,0
7617,68,UK,692,0
7618,23,Australia,108,0
7619,54,Germany,629,0
7620,25,Germany,906,0
7621,59,USA,555,0
7622,31,Australia,997,1
7623,49,India,132,1
7624,50,Germany,981,0
7625,28,India,577,0
7626,28,Australia,637,1
7627,19,Germany,143,0
7628,69,Canada,377,0
7629,57,UK,42,0
7630,69,Germany,494,0
7631,38,Germany,124,0
7632,25,Australia,235,0
7633,61,USA,970,0
7634,21,Canada,176,1
7635,47,UK,489,1
7636,38,Canada,632,0
7637,34,Australia,217,0
7638,39,Australia,717,1
7639,51,UK,730,1
7640,20,Canada,2,1
7641,39,Canada,583,0
7642,55,USA,871,1
7643,26,India,308,0
7644,43,Canada,292,0
7645,22,Australia,883,0
7646,32,UK,697,0
7647,22,UK,293,0
7648,39,USA,406,0
7649,34,India,563,0
7650,45,UK,187,0
7651,59,USA,721,0
7652,34,UK,708,1
7653,42,Germany,869,0
7654,60,Australia,841,1
7655,26,Canada,535,1
7656,69,India,927,0
7657,56,Canada,826,1
7658,47,Canada,192,0
7659,57,Germany,677,0
7660,23,India,802,1
7661,42,Canada,371,0
7662,55,USA,102,0
7663,22,UK,203,1
7664,31,Australia,365,0
7665,64,UK,428,1
7666,22,Australia,870,0
7667,54,USA,886,1
7668,51,UK,331,0
7669,26,Germany,454,0
7670,64,USA,933,1
7671,29,Germany,749,1
7672,21,India,618,0
7673,65,UK,107,0
7674,56,Germany,179,1
7675,37,UK,167,0
7676,61,India,381,0
7677,65,Canada,743,0
7678,54,UK,569,0
7679,45,India,576,0
7680,66,USA,368,0
7681,38,UK,984,0
7682,68,USA,121,0
7683,68,India,764,1
7684,50,USA,379,1
7685,26,Germany,648,1
7686,40,Canada,838,0
7687,53,USA,110,1
7688,26,Germany,674,0
7689,43,Canada,129,1
7690,22,India,425,0
7691,21,India,944,1
7692,33,UK,565,0
7693,39,Germany,321,0
7694,41,Australia,580,0
7695,35,Canada,849,0
7696,62,UK,564,0
7697,27,UK,895,0
7698,66,India,790,0
7699,52,USA,977,0
7700,47,Canada,748,1
7701,59,Australia,327,0
7702,55,India,967,1
7703,47,India,524,0
7704,35,Australia,46,1
7705,50,USA,203,0
7706,52,Germany,564,0
7707,37,Germany,840,0
7708,50,Australia,446,0
7709,54,Canada,414,0
7710,28,USA,949,1
7711,19,USA,397,0
7712,43,UK,665,0
7713,22,USA,571,0
7714,69,Australia,834,0
7715,28,Canada,68,0
7716,27,USA,475,0
7717,59,UK,543,1
7718,23,Germany,289,0
7719,69,USA,862,1
7720,53,USA,567,1
7721,39,Canada,174,1
7722,69,Australia,60,0
7723,64,Australia,671,0
7724,30,UK,18,0
7725,34,USA,550,0
7726,32,Canada,525,0
7727,67,UK,267,0
7728,67,Australia,357,0
7729,56,India,27,1
7730,49,UK,937,1
7731,23,India,857,0
7732,35,India,150,0
7733,26,UK,302,0
7734,44,UK,765,0
7735,61,Canada,57,0
7736,32,UK,114,1
7737,45,Germany,205,0
7738,27,Australia,682,1
7739,39,USA,767,0
7740,69,UK,679,0
7741,27,India,602,0
7742,45,India,973,0
7743,23,UK,52,1
7744,49,USA,587,1
7745,19,USA,55,0
7746,53,Canada,69,0
7747,27,Canada,529,0
7748,41,Canada,330,0
7749,20,USA,563,0
7750,20,India,360,0
7751,61,Canada,462,1
7752,25,UK,869,0
7753,32,Canada,851,1
7754,63,UK,28,0
7755,24,UK,606,1
7756,23,India,698,0
7757,20,Australia,433,0
7758,64,UK,390,0
7759,68,Canada,550,0
7760,46,India,788,0
7761,65,India,859,1
7762,53,USA,187,1
7763,40,UK,341,0
7764,26,Canada,984,0
7765,34,UK,426,0
7766,20,Canada,853,0
7767,31,Germany,762,1
7768,35,USA,223,1
7769,37,India,629,0
7770,62,USA,4,0
7771,37,Germany,395,0
7772,61,Australia,914,0
7773,50,USA,118,0
7774,35,USA,175,0
7775,52,Germany,935,0
7776,64,USA,710,1
7777,39,USA,193,0
7778,41,Germany,597,0
7779,21,Germany,71,0
7780,30,India,438,0
7781,23,Australia,14,0
7782,48,Canada,740,0
7783,52,Canada,246,1
7784,68,Australia,670,0
7785,24,Australia,530,0
7786,56,Australia,342,0
7787,59,Germany,249,0
7788,47,Canada,532,0
7789,59,UK,345,0
7790,67,UK,809,0
7791,56,UK,313,0
7792,59,India,933,1
7793,32,Australia,51,0
7794,26,Australia,523,1
7795,39,Canada,354,0
7796,28,USA,956,1
7797,32,Germany,678,0
7798,67,Canada,856,1
7799,39,India,515,0
7800,49,USA,294,1
7801,59,Australia,646,0
7802,42,Germany,738,0
7803,54,USA,297,0
7804,63,Germany,635,0
7805,65,UK,63,0
7806,38,Australia,454,0
7807,51,Australia,443,0
7808,44,Australia,457,1
7809,48,Germany,849,0
7810,53,Germany,597,0
7811,45,India,272,0
7812,52,India,237,0
7813,38,India,122,0
7814,23,Canada,480,0
7815,52,UK,592,0
7816,42,UK,17,0
7817,45,Germany,459,0
7818,41,India,422,0
7819,34,Australia,953,0
7820,52,Australia,582,0
7821,33,UK,557,0
7822,49,UK,154,0
7823,42,Germany,31,1
7824,68,Germany,323,1
7825,57,USA,430,0
7826,42,USA,376,1
7827,53,Germany,420,0
7828,19,USA,977,0
7829,27,UK,227,1
7830,69,Germany,804,1
7831,18,Germany,978,1
7832,64,India,603,0
7833,45,UK,501,0
7834,42,UK,337,0
7835,61,Canada,180,0
7836,54,Canada,893,0
7837,48,India,847,0
7838,44,Canada,277,1
7839,59,USA,711,0
7840,21,Germany,43,0
7841,52,Australia,63,1
7842,35,USA,762,0
7843,60,UK,920,0
7844,19,Canada,130,1
7845,32,Australia,630,0
7846,60,USA,17,1
7847,34,UK,207,0
7848,33,Canada,544,0
7849,51,Germany,610,1
7850,57,Germany,382,1
7851,21,Canada,171,1
7852,24,Germany,274,0
7853,28,India,107,0
7854,32,Canada,430,0
7855,51,India,754,0
7856,59,Canada,796,0
7857,25,India,859,0
7858,41,Germany,322,1
7859,18,Germany,893,1
7860,53,USA,100,0
7861,22,UK,321,1
7862,50,India,618,1
7863,29,Australia,394,0
7864,57,Canada,430,1
7865,65,Germany,651,0
7866,53,Germany,414,1
7867,35,Canada,531,0
7868,23,UK,115,0
7869,33,Canada,75,0
7870,67,Australia,663,0
7871,48,India,93,1
7872,55,India,446,0
7873,51,Australia,268,0
7874,37,Australia,285,1
7875,62,USA,27,0
7876,34,Australia,133,0
7877,30,Australia,298,1
7878,35,Canada,818,0
7879,60,Germany,909,1
7880,64,USA,246,0
7881,28,Canada,946,1
7882,29,Canada,13,1
7883,62,Germany,742,0
7884,68,UK,507,1
7885,40,Canada,591,0
7886,57,USA,613,1
7887,62,Germany,435,0
7888,49,India,934,1
7889,63,UK,709,0
7890,56,Germany,41,0
7891,45,USA,77,0
7892,18,Canada,117,0
7893,51,USA,571,1
7894,20,Australia,425,1
7895,51,Canada,295,0
7896,36,Germany,618,0
7897,63,UK,228,0
7898,20,Germany,23,1
7899,43,Australia,619,0
7900,63,Australia,302,0
7901,46,USA,649,0
7902,34,USA,828,0
7903,53,India,436,0
7904,41,India,74,0
7905,47,Canada,157,0
7906,56,Australia,55,0
7907,58,USA,118,0
7908,28,India,577,1
7909,53,Australia,558,1
7910,62,India,444,0
7911,50,Germany,259,1
7912,67,Canada,198,0
7913,23,UK,605,0
7914,26,Germany,617,0
7915,34,Canada,54,0
7916,49,Canada,419,1
7917,33,Germany,85,1
7918,41,India,126,1
7919,61,India,405,0
7920,45,Australia,848,1
7921,32,UK,644,1
7922,32,UK,996,1
7923,60,Canada,511,1
7924,58,Australia,201,0
7925,45,UK,357,0
7926,26,Germany,130,1
7927,61,Australia,432,1
7928,45,UK,335,0
7929,40,USA,909,1
7930,57,Canada,456,0
7931,47,USA,337,1
7932,66,Canada,58,0
7933,66,Canada,345,1
7934,31,Germany,359,0
7935,50,India,145,1
7936,27,UK,838,0
7937,55,USA,933,0
7938,51,UK,18,0
7939,66,Canada,568,1
7940,44,USA,567,0
7941,36,USA,487,0
7942,65,Australia,620,0
7943,60,Canada,450,0
7944,37,UK,924,0
7945,32,USA,400,0
7946,29,UK,615,1
7947,37,USA,925,0
7948,20,India,624,0
7949,19,Germany,87,0
7950,43,Australia,839,0
7951,22,Canada,47,0
7952,59,Germany,31,1
7953,37,Australia,660,0
7954,64,UK,354,0
7955,55,Australia,565,1
7956,46,Germany,509,0
7957,64,Germany,685,0
7958,42,Germany,177,1
7959,52,Germany,127,0
7960,24,Canada,701,1
7961,41,India,160,1
7962,49,Australia,352,0
7963,63,India,594,1
7964,22,Germany,400,0
7965,52,India,112,1
7966,40,India,631,0
7967,34,Canada,138,0
7968,25,Germany,794,0
7969,69,UK,472,1
7970,19,Germany,483,0
7971,53,India,342,0
7972,51,UK,216,0
7973,63,Australia,890,0
7974,38,India,418,0
7975,24,India,918,0
7976,51,USA,279,0
7977,42,USA,961,0
7978,65,Australia,207,1
7979,58,USA,573,0
7980,64,India,250,0
7981,38,Australia,306,1
7982,32,Germany,783,0
7983,61,Australia,291,0
7984,31,Germany,183,1
7985,47,India,388,1
7986,56,USA,419,0
7987,19,India,748,1
7988,45,Australia,22,0
7989,48,Germany,339,1
7990,20,Germany,512,0
7991,19,Australia,88,0
7992,44,Canada,713,0
7993,31,Germany,819,0
7994,33,Canada,10,0
7995,51,India,121,0
7996,45,Germany,274,0
7997,24,Canada,941,1
7998,66,Germany,557,0
7999,52,Canada,948,0
8000,38,Germany,241,0
8001,61,Germany,592,0
8002,40,UK,944,1
8003,32,India,823,0
8004,23,India,512,0
8005,56,Germany,396,1
8006,48,Canada,330,0
8007,58,USA,266,1
8008,31,Canada,515,0
8009,24,Germany,772,0
8010,27,Australia,335,0
8011,21,India,4,1
8012,53,Australia,923,0
8013,34,Canada,493,0
8014,69,UK,70,1
8015,25,Germany,370,1
8016,53,Canada,5,0
8017,27,Canada,552,0
8018,29,UK,862,0
8019,60,USA,589,0
8020,39,USA,310,0
8021,25,Canada,390,1
8022,58,Germany,69,0
8023,64,Australia,885,0
8024,49,UK,979,0
8025,18,USA,182,0
8026,61,Canada,882,0
8027,49,Germany,30,0
8028,58,Australia,948,0
8029,51,USA,317,0
8030,42,India,234,1
8031,61,Australia,190,1
8032,65,Australia,202,1
8033,48,Canada,492,0
8034,63,UK,310,1
8035,51,Germany,340,0
8036,52,Canada,93,0
8037,22,USA,844,0
8038,37,Canada,805,1
8039,33,Canada,30,0
8040,27,USA,973,1
8041,37,India,861,0
8042,21,Germany,302,0
8043,54,Australia,77,0
8044,54,Australia,944,0
8045,36,Australia,785,0
8046,40,Australia,40,1
8047,46,USA,947,0
8048,19,Australia,636,1
8049,62,Australia,415,0
8050,65,Canada,820,0
8051,47,Canada,739,0
8052,37,UK,400,0
8053,43,Canada,468,0
8054,41,USA,875,0
8055,60,UK,73,1
8056,59,Canada,606,0
8057,48,USA,547,0
8058,57,Germany,765,0
8059,69,Germany,129,0
8060,55,Canada,930,1
8061,24,Germany,843,0
8062,37,Canada,319,1
8063,22,Australia,344,0
8064,56,UK,368,1
8065,50,Germany,596,0
8066,58,UK,701,0
8067,44,UK,614,1
8068,57,UK,316,0
8069,33,India,988,0
8070,20,USA,689,0
8071,55,Australia,798,0
8072,48,Canada,276,1
8073,19,Australia,552,1
8074,25,UK,365,1
8075,32,Australia,652,0
8076,24,Canada,17,0
8077,37,UK,650,0
8078,47,USA,414,1
8079,27,Australia,895,0
8080,49,Germany,163,1
8081,24,Canada,327,0
8082,50,India,939,0
8083,23,Canada,6,0
8084,30,USA,258,0
8085,36,Australia,377,1
8086,19,UK,51,0
8087,37,Australia,791,0
8088,23,Canada,220,0
8089,25,USA,569,1
8090,66,UK,115,0
8091,41,Germany,149,0
8092,53,USA,839,0
8093,46,India,16,0
8094,69,Canada,258,1
8095,67,USA,882,0
8096,35,UK,977,0
8097,29,UK,931,1
8098,18,India,510,0
8099,18,Canada,132,0
8100,18,UK,141,0
8101,34,UK,716,0
8102,68,UK,503,0
8103,43,USA,543,1
8104,43,Australia,963,0
8105,45,USA,44,0
8106,64,Canada,542,0
8107,31,India,357,0
8108,56,Canada,318,1
8109,32,Australia,194,0
8110,49,India,40,0
8111,60,Australia,17,1
8112,68,Germany,784,0
8113,39,UK,663,1
8114,67,India,626,0
8115,47,UK,653,0
8116,63,Australia,542,0
8117,52,India,962,0
8118,56,Germany,549,0
8119,42,India,930,0
8120,39,Canada,422,0
8121,56,USA,694,0
8122,60,UK,693,0
8123,25,USA,474,1
8124,67,India,447,1
8125,21,Canada,68,1
8126,28,India,178,1
8127,64,Germany,3,0
8128,34,Germany,534,0
8129,33,Germany,464,0
8130,69,India,367,0
8131,19,Australia,807,0
8132,65,Germany,27,0
8133,24,Australia,365,1
8134,26,Australia,361,0
8135,29,India,30,1
8136,37,India,566,0
8137,37,Canada,443,0
8138,57,Australia,222,0
8139,31,UK,394,0
8140,35,USA,528,0
8141,69,Australia,671,0
8142,40,UK,352,1
8143,30,USA,625,0
8144,34,USA,636,0
8145,61,India,476,1
8146,47,Germany,107,0
8147,27,Germany,459,1
8148,23,Germany,704,1
8149,61,UK,332,0
8150,18,Germany,62,0
8151,35,Australia,620,0
8152,20,Canada,605,0
8153,60,India,69,0
8154,25,Germany,462,1
8155,23,Australia,385,0
8156,57,Australia,971,0
8157,27,Germany,108,0
8158,33,Germany,869,1
8159,61,UK,863,1
8160,54,India,385,0
8161,42,Canada,639,1
8162,38,Germany,611,0
8163,66,USA,562,0
8164,26,UK,812,0
8165,52,Germany,193,0
8166,27,Germany,302,0
8167,54,Australia,52,0
8168,34,UK,13,0
8169,54,Canada,640,0
8170,28,Australia,81,0
8171,27,USA,373,0
8172,38,USA,810,0
8173,20,Canada,60,0
8174,46,Australia,561,0
8175,54,UK,810,0
8176,43,Germany,257,1
8177,21,Canada,615,1
8178,35,Australia,290,0
8179,39,UK,464,0
8180,67,UK,528,0
8181,39,UK,760,0
8182,59,UK,194,0
8183,34,USA,163,0
8184,19,UK,775,1
8185,36,Australia,460,1
8186,31,Canada,386,1
8187,68,Germany,469,0
8188,66,Germany,130,0
8189,57,Australia,88,0
8190,29,Australia,985,1
8191,67,India,507,0
8192,68,Australia,600,0
8193,42,Australia,701,0
8194,42,Canada,348,0
8195,65,India,364,0
8196,28,Canada,554,0
8197,58,UK,620,1
8198,65,Australia,437,0
8199,49,Australia,814,0
8200,35,India,586,0
8201,29,UK,115,1
8202,63,Canada,439,0
8203,19,USA,521,1
8204,22,Australia,98,1
8205,56,USA,810,0
8206,43,USA,430,1
8207,45,USA,916,1
8208,49,Germany,915,1
8209,36,USA,280,0
8210,34,Canada,120,1
8211,58,USA,855,0
8212,35,Australia,448,0
8213,53,Germany,919,0
8214,50,UK,24,1
8215,37,India,225,0
8216,25,Australia,74,1
8217,42,UK,96,1
8218,63,UK,110,0
8219,68,India,377,0
8220,26,USA,212,0
8221,57,USA,775,0
8222,55,Canada,751,1
8223,32,USA,582,1
8224,27,USA,512,0
8225,62,Canada,715,0
8226,25,Australia,604,0
8227,31,India,564,0
8228,64,Canada,515,1
8229,37,Australia,214,0
8230,50,USA,841,0
8231,21,Australia,784,0
8232,26,USA,313,1
8233,69,USA,210,0
8234,40,Canada,60,0
8235,20,India,15,0
8236,50,Germany,722,0
8237,20,Australia,670,1
8238,34,Australia,882,1
8239,49,Canada,878,0
8240,56,India,846,0
8241,32,USA,556,0
8242,33,Australia,809,0
8243,41,India,248,0
8244,22,UK,5,0
8245,67,UK,773,0
8246,52,Germany,305,0
8247,31,Australia,108,0
8248,35,USA,638,0
8249,24,Australia,175,1
8250,32,Germany,849,1
8251,44,UK,469,1
8252,21,Germany,681,0
8253,66,Australia,849,1
8254,65,Australia,340,1
8255,40,UK,463,1
8256,32,UK,41,0
8257,62,India,240,0
8258,60,USA,160,0
8259,43,UK,500,1
8260,66,USA,609,0
8261,54,Germany,583,0
8262,48,Germany,134,0
8263,30,UK,298,0
8264,28,USA,794,0
8265,57,UK,824,0
8266,37,UK,465,1
8267,59,India,5,1
8268,68,Germany,836,0
8269,41,USA,687,0
8270,20,Germany,887,0
8271,53,India,595,1
8272,26,Canada,481,0
8273,68,Germany,419,0
8274,35,India,462,0
8275,35,Australia,152,1
8276,32,Germany,200,0
8277,35,USA,912,1
8278,22,India,813,1
8279,24,Canada,624,1
8280,42,Germany,470,1
8281,34,India,745,1
8282,43,Canada,585,0
8283,50,Australia,388,0
8284,21,USA,16,1
8285,53,Germany,102,1
8286,52,Australia,25,1
8287,35,UK,754,0
8288,29,USA,889,0
8289,40,USA,831,0
8290,30,USA,163,0
8291,57,USA,835,1
8292,62,Canada,970,1
8293,20,Australia,918,0
8294,44,UK,42,0
8295,35,Germany,384,0
8296,23,USA,714,1
8297,23,Germany,39,0
8298,42,India,108,1
8299,37,Australia,58,1
8300,48,Australia,477,0
8301,49,USA,969,0
8302,40,USA,656,0
8303,61,Australia,386,0
8304,29,Germany,814,1
8305,55,UK,293,0
8306,65,India,462,0
8307,51,Australia,642,1
8308,36,UK,892,1
8309,65,Germany,862,1
8310,38,Canada,711,0
8311,55,USA,18,0
8312,49,Canada,890,1
8313,55,Australia,678,0
8314,35,Germany,266,0
8315,57,Germany,791,1
8316,35,Germany,719,1
8317,37,Germany,785,0
8318,30,Australia,985,0
8319,42,USA,682,1
8320,48,Canada,757,0
8321,33,India,496,0
8322,47,USA,635,0
8323,23,Germany,939,0
8324,50,Australia,75,0
8325,67,Germany,416,1
8326,64,USA,340,1
8327,69,Canada,615,0
8328,57,Canada,220,0
8329,33,UK,729,0
8330,63,UK,959,1
8331,43,Australia,992,0
8332,66,UK,693,0
8333,57,Germany,12,0
8334,53,USA,266,0
8335,48,Australia,859,1
8336,57,Australia,431,0
8337,18,USA,941,0
8338,32,UK,647,1
8339,42,Canada,195,0
8340,31,UK,116,0
8341,20,USA,645,0
8342,28,Germany,968,0
8343,45,UK,240,0
8344,27,Australia,562,1
8345,56,India,981,0
8346,50,India,509,0
8347,61,Canada,385,0
8348,50,USA,579,1
8349,58,Germany,270,0
8350,25,Australia,182,0
8351,69,India,134,1
8352,67,UK,678,0
8353,60,Australia,849,1
8354,24,Germany,46,0
8355,57,USA,432,0
8356,22,Australia,965,0
8357,24,Australia,181,0
8358,26,UK,735,0
8359,26,Germany,955,0
8360,51,USA,237,1
8361,29,Australia,932,0
8362,45,Germany,248,0
8363,23,Australia,388,1
8364,48,India,430,1
8365,38,India,37,1
8366,52,USA,874,0
8367,38,India,401,1
8368,48,USA,518,0
8369,67,Australia,165,1
8370,49,Canada,123,0
8371,52,India,595,0
8372,29,Germany,616,1
8373,60,Germany,404,0
8374,33,USA,766,1
8375,23,Canada,661,1
8376,57,Australia,822,0
8377,20,UK,996,0
8378,51,Germany,715,1
8379,64,Canada,347,1
8380,23,Germany,639,0
8381,59,USA,721,0
8382,65,USA,590,1
8383,50,UK,62,1
8384,49,USA,49,0
8385,22,UK,179,0
8386,49,Australia,493,0
8387,63,USA,964,1
8388,58,Germany,977,0
8389,61,USA,624,0
8390,40,India,995,1
8391,68,Australia,630,1
8392,56,Australia,290,0
8393,65,Canada,360,1
8394,57,Germany,653,0
8395,49,Australia,907,0
8396,39,Canada,879,0
8397,29,India,466,0
8398,63,Australia,386,1
8399,20,Canada,477,0
8400,28,India,972,0
8401,26,USA,600,1
8402,33,USA,977,0
8403,39,Australia,711,0
8404,53,India,24,1
8405,63,Germany,462,1
8406,63,Australia,22,0
8407,64,USA,791,0
8408,68,Germany,475,0
8409,36,Canada,531,0
8410,49,USA,797,0
8411,52,India,490,0
8412,24,Australia,681,0
8413,27,Australia,358,0
8414,44,India,163,0
8415,26,USA,532,0
8416,54,India,232,0
8417,48,Australia,895,0
8418,60,USA,250,0
8419,23,UK,416,0
8420,59,USA,151,1
8421,45,Germany,216,0
8422,41,Canada,335,0
8423,50,India,815,0
8424,39,Canada,157,1
8425,69,USA,303,0
8426,62,USA,350,1
8427,51,USA,661,1
8428,42,Germany,890,0
8429,22,Canada,757,1
8430,30,Canada,493,0
8431,38,India,518,0
8432,57,USA,9,0
8433,28,India,628,1
8434,41,Germany,56,0
8435,52,UK,721,1
8436,52,Australia,659,0
8437,34,Australia,503,0
8438,64,Germany,1,1
8439,27,UK,648,0
8440,43,USA,162,0
8441,25,Australia,243,1
8442,42,Canada,792,0
8443,47,Canada,325,0
8444,34,India,445,0
8445,28,UK,166,1
8446,36,India,871,1
8447,40,USA,913,1
8448,18,Canada,514,1
8449,62,India,225,1
8450,21,UK,400,0
8451,26,USA,625,0
8452,69,USA,380,0
8453,20,UK,599,0
8454,64,India,775,0
8455,50,Germany,113,0
8456,21,India,630,0
8457,58,Australia,602,1
8458,45,UK,469,0
8459,68,Canada,627,0
8460,34,India,615,0
8461,33,Germany,407,0
8462,26,India,33,1
8463,57,Canada,50,0
8464,67,USA,152,0
8465,42,India,756,1
8466,55,USA,665,0
8467,28,Australia,453,1
8468,36,Canada,363,0
8469,33,Germany,739,0
8470,27,India,98,1
8471,40,USA,439,1
8472,57,Germany,973,0
8473,51,USA,12,0
8474,38,USA,639,0
8475,40,USA,545,0
8476,30,India,965,1
8477,27,USA,63,0
8478,28,Australia,686,0
8479,46,Australia,53,0
8480,47,Canada,625,0
8481,24,UK,721,0
8482,28,Germany,281,0
8483,19,Australia,667,1
8484,46,Germany,997,0
8485,36,Australia,348,0
8486,43,India,982,1
8487,31,India,316,0
8488,57,India,297,0
8489,60,Australia,572,0
8490,56,UK,900,0
8491,63,Canada,570,0
8492,41,Germany,570,0
8493,36,Germany,384,1
8494,57,India,875,1
8495,32,India,596,0
8496,38,Canada,10,0
8497,65,Australia,55,1
8498,69,USA,744,0
8499,20,Canada,93,0
8500,27,India,965,0
8501,66,Australia,954,1
8502,57,Germany,766,0
8503,38,Canada,784,0
8504,65,USA,767,0
8505,18,Australia,193,1
8506,32,UK,244,1
8507,31,UK,841,0
8508,51,Germany,516,0
8509,54,USA,450,0
8510,34,Canada,625,0
8511,48,India,319,1
8512,69,India,351,0
8513,20,USA,353,0
8514,30,Canada,917,0
8515,33,USA,85,0
8516,61,Canada,653,1
8517,26,UK,368,0
8518,54,Canada,408,0
8519,58,Canada,541,0
8520,68,India,306,0
8521,32,Germany,621,0
8522,37,Australia,901,0
8523,57,Australia,769,0
8524,43,India,497,0
8525,51,UK,723,1
8526,35,USA,706,0
8527,23,India,487,1
8528,23,USA,543,1
8529,47,India,824,1
8530,58,Australia,748,0
8531,55,Germany,23,0
8532,42,Germany,519,1
8533,37,India,133,1
8534,57,India,545,0
8535,64,Australia,110,0
8536,38,USA,328,1
8537,67,USA,384,1
8538,57,Australia,414,1
8539,19,UK,174,0
8540,21,UK,293,0
8541,26,India,685,0
8542,41,Germany,16,0
8543,36,UK,670,1
8544,30,UK,581,0
8545,55,Canada,415,1
8546,34,Germany,896,0
8547,20,USA,922,1
8548,55,USA,150,1
8549,62,Australia,174,0
8550,31,USA,594,0
8551,56,Canada,404,1
8552,62,India,708,0
8553,69,India,808,0
8554,64,USA,548,0
8555,39,Germany,764,1
8556,53,Canada,329,0
8557,63,USA,699,0
8558,35,USA,524,0
8559,64,India,513,1
8560,44,Australia,464,0
8561,46,Germany,451,0
8562,45,Canada,551,0
8563,48,Canada,698,0
8564,64,UK,104,0
8565,46,Germany,89,0
8566,68,India,364,1
8567,53,Australia,796,0
8568,55,Australia,101,0
8569,58,UK,291,1
8570,46,India,588,0
8571,34,USA,588,0
8572,67,UK,868,0
8573,47,India,328,0
8574,30,USA,735,0
8575,24,India,508,0
8576,60,Australia,241,0
8577,61,Germany,725,0
8578,44,India,539,0
8579,46,Germany,935,0
8580,45,India,165,0
8581,65,USA,662,1
8582,45,Germany,151,0
8583,20,Canada,256,0
8584,21,Germany,833,1
8585,51,USA,380,1
8586,46,Germany,969,0
8587,30,India,438,1
8588,67,India,135,1
8589,25,Canada,311,0
8590,47,Germany,59,0
8591,21,India,167,0
8592,19,Germany,791,0
8593,39,UK,957,0
8594,49,India,777,1
8595,43,Germany,199,1
8596,41,Australia,89,0
8597,22,India,294,0
8598,49,Australia,832,0
8599,51,UK,879,1
8600,19,UK,533,0
8601,23,India,773,1
8602,20,UK,747,0
8603,52,India,329,0
8604,60,USA,110,1
8605,27,Australia,202,0
8606,23,Canada,693,0
8607,19,USA,806,0
8608,53,UK,589,1
8609,62,India,662,0
8610,34,USA,261,0
8611,41,Germany,863,0
8612,47,Germany,938,0
8613,24,Germany,603,0
8614,58,India,418,0
8615,68,UK,219,1
8616,62,India,351,0
8617,27,UK,202,1
8618,39,Canada,68,0
8619,24,India,50,1
8620,67,Australia,392,0
8621,61,Canada,504,0
8622,42,India,981,0
8623,43,Canada,541,0
8624,54,Canada,878,1
8625,62,India,797,0
8626,32,USA,838,0
8627,51,Germany,676,0
8628,29,Canada,355,0
8629,34,Germany,539,1
8630,28,India,576,1
8631,19,Canada,115,0
8632,46,Germany,45,1
8633,33,Germany,415,0
8634,26,UK,923,0
8635,31,USA,301,1
8636,61,Australia,406,0
8637,44,Germany,552,1
8638,62,Australia,999,1
8639,23,India,835,0
8640,20,India,525,0
8641,30,UK,897,0
8642,54,Germany,31,0
8643,26,Canada,877,0
8644,30,India,677,1
8645,42,Canada,223,0
8646,24,India,600,0
8647,59,Canada,938,0
8648,61,USA,425,0
8649,61,Germany,858,0
8650,18,USA,975,0
8651,24,USA,524,0
8652,55,Germany,182,0
8653,43,Australia,990,0
8654,62,Canada,179,1
8655,35,USA,769,1
8656,45,Germany,368,0
8657,45,Canada,406,0
8658,18,Germany,223,0
8659,59,Germany,354,0
8660,23,Australia,604,0
8661,33,USA,81,0
8662,68,Germany,536,0
8663,52,Germany,397,1
8664,37,India,123,0
8665,69,USA,130,1
8666,42,Canada,900,0
8667,34,USA,897,0
8668,22,Australia,118,0
8669,49,Australia,294,1
8670,62,Germany,552,1
8671,29,India,367,1
8672,36,India,285,0
8673,69,UK,732,1
8674,38,UK,754,1
8675,28,India,375,0
8676,67,Australia,495,0
8677,46,USA,129,0
8678,39,USA,712,0
8679,47,Germany,98,0
8680,58,Australia,884,0
8681,52,UK,23,0
8682,38,India,92,0
8683,55,Australia,582,0
8684,22,Germany,759,0
8685,23,Canada,277,0
8686,40,Australia,200,0
8687,28,Canada,50,0
8688,45,USA,532,1
8689,45,Germany,861,0
8690,65,Germany,635,1
8691,26,India,4,0
8692,51,Australia,73,1
8693,28,Germany,653,0
8694,33,India,260,1
8695,32,UK,505,0
8696,49,Australia,347,0
8697,34,Germany,356,0
8698,60,Australia,45,1
8699,38,Australia,412,0
8700,19,USA,797,0
8701,62,Australia,45,1
8702,63,USA,652,1
8703,49,Germany,786,0
8704,40,Australia,62,0
8705,22,UK,242,0
8706,51,Canada,796,0
8707,48,USA,71,0
8708,53,UK,61,0
8709,26,Germany,631,1
8710,37,UK,78,0
8711,30,Australia,740,0
8712,34,Canada,815,1
8713,60,Canada,68,1
8714,28,Canada,726,0
8715,25,India,284,0
8716,47,Australia,225,1
8717,53,USA,603,1
8718,42,Canada,491,0
8719,38,UK,618,0
8720,20,Australia,142,0
8721,59,USA,470,0
8722,64,Canada,803,1
8723,49,Australia,951,1
8724,68,UK,720,1
8725,31,USA,402,1
8726,47,USA,737,0
8727,61,Germany,817,0
8728,66,UK,181,0
8729,23,Germany,598,1
8730,32,Canada,922,1
8731,27,USA,3,0
8732,39,UK,67,1
8733,36,UK,996,0
8734,48,India,107,1
8735,30,Australia,656,0
8736,69,Canada,724,0
8737,44,Australia,39,1
8738,49,USA,621,0
8739,56,Canada,43,0
8740,46,Australia,686,0
8741,62,India,559,0
8742,42,India,553,0
8743,30,UK,95,1
8744,35,India,805,1
8745,34,Canada,823,0
8746,53,USA,950,0
8747,69,Australia,488,0
8748,45,Germany,651,0
8749,45,Australia,611,0
8750,33,Canada,199,0
8751,48,Australia,332,0
8752,61,India,434,0
8753,38,Australia,986,0
8754,31,India,366,0
8755,64,UK,624,0
8756,66,UK,823,0
8757,64,UK,849,0
8758,68,Canada,75,0
8759,64,Australia,869,0
8760,65,Germany,228,1
8761,59,UK,342,0
8762,64,USA,612,0
8763,47,USA,955,0
8764,29,UK,515,1
8765,49,UK,8,0
8766,47,Germany,399,0
8767,55,Germany,143,0
8768,43,Canada,371,0
8769,20,Canada,36,0
8770,31,USA,415,1
8771,57,Germany,842,1
8772,57,Australia,619,0
8773,53,Canada,420,0
8774,57,Australia,3,0
8775,48,Canada,321,1
8776,30,UK,477,1
8777,52,Germany,783,0
8778,36,Canada,924,0
8779,30,UK,975,0
8780,56,Australia,480,1
8781,37,Australia,130,0
8782,28,USA,257,0
8783,65,India,394,1
8784,52,Germany,882,1
8785,51,USA,288,0
8786,34,USA,134,0
8787,56,Germany,598,0
8788,24,India,813,1
8789,18,UK,350,1
8790,64,USA,302,0
8791,37,USA,356,0
8792,18,India,663,0
8793,68,UK,191,0
8794,64,USA,237,1
8795,24,Australia,545,0
8796,53,India,44,0
8797,44,Germany,130,1
8798,63,India,798,0
8799,50,India,922,0
8800,28,Canada,711,0
8801,58,Australia,287,0
8802,50,USA,563,0
8803,38,UK,696,1
8804,66,Germany,403,0
8805,38,Australia,590,0
8806,24,Canada,477,1
8807,25,India,103,1
8808,36,Germany,459,1
8809,23,UK,157,0
8810,22,Germany,937,0
8811,56,Germany,190,1
8812,67,Australia,978,1
8813,53,Australia,444,1
8814,33,USA,566,1
8815,26,UK,674,0
8816,48,India,404,1
8817,45,USA,597,0
8818,20,USA,414,0
8819,23,India,259,1
8820,41,Canada,300,0
8821,68,Australia,438,0
8822,32,UK,294,0
8823,40,Germany,687,0
8824,58,Canada,470,0
8825,62,UK,816,0
8826,67,Australia,278,0
8827,39,Australia,901,0
8828,23,UK,693,0
8829,34,Germany,315,0
8830,65,Canada,933,1
8831,60,Australia,334,0
8832,44,Australia,856,0
8833,69,Canada,559,1
8834,38,Canada,883,0
8835,28,Germany,95,0
8836,63,Germany,944,1
8837,25,UK,929,0
8838,51,Canada,656,0
8839,29,India,731,0
8840,37,UK,725,0
8841,37,India,648,0
8842,35,UK,402,0
8843,29,India,480,0
8844,68,Germany,650,0
8845,43,UK,815,0
8846,59,UK,132,1
8847,41,USA,502,0
8848,54,India,506,0
8849,38,UK,965,0
8850,21,UK,126,0
8851,58,Germany,612,0
8852,39,India,349,0
8853,43,Canada,908,1
8854,25,India,929,0
8855,68,Australia,452,0
8856,46,Canada,910,1
8857,43,UK,433,1
8858,34,India,68,0
8859,63,India,131,1
8860,38,Australia,652,0
8861,18,Australia,685,0
8862,24,Australia,266,0
8863,28,India,952,0
8864,40,India,141,0
8865,34,India,50,1
8866,30,USA,140,1
8867,37,USA,276,0
8868,41,UK,715,0
8869,59,Canada,655,0
8870,49,India,907,0
8871,36,Germany,947,0
8872,24,UK,444,0
8873,29,UK,702,0
8874,39,India,361,1
8875,41,India,946,0
8876,41,Canada,299,0
8877,36,Australia,232,0
8878,51,USA,367,0
8879,68,Australia,484,0
8880,26,UK,547,0
8881,35,UK,402,0
8882,60,India,32,0
8883,40,UK,558,0
8884,24,Germany,808,1
8885,67,Canada,261,1
8886,39,India,954,0
8887,43,Canada,847,1
8888,59,UK,375,0
8889,31,USA,804,0
8890,51,USA,35,1
8891,40,Germany,430,0
8892,35,Germany,79,0
8893,18,India,729,0
8894,32,Germany,191,1
8895,59,UK,486,0
8896,18,India,790,1
8897,55,USA,165,0
8898,68,Australia,987,0
8899,24,Canada,648,0
8900,68,Canada,663,1
8901,44,UK,9,0
8902,64,Australia,13,0
8903,27,Australia,225,0
8904,20,UK,809,0
8905,62,Germany,208,0
8906,67,UK,241,1
8907,55,Canada,902,1
8908,69,Australia,563,0
8909,63,India,246,0
8910,66,Canada,284,0
8911,49,Australia,243,0
8912,56,Germany,292,0
8913,40,UK,578,1
8914,25,Australia,335,1
8915,45,USA,278,0
8916,50,Australia,399,0
8917,43,Germany,562,1
8918,54,USA,59,1
8919,57,India,831,1
8920,55,Australia,335,0
8921,62,Canada,654,0
8922,38,USA,492,0
8923,20,UK,360,0
8924,64,USA,343,1
8925,42,Germany,96,1
8926,25,Canada,248,1
8927,55,India,402,0
8928,28,Germany,908,0
8929,19,UK,699,0
8930,21,USA,169,0
8931,64,UK,290,1
8932,24,USA,800,0
8933,25,Canada,242,0
8934,54,Australia,738,1
8935,54,India,535,1
8936,61,Canada,773,0
8937,28,Canada,334,0
8938,59,India,898,0
8939,66,UK,123,1
8940,45,India,840,1
8941,62,USA,637,0
8942,65,USA,347,1
8943,34,Canada,970,0
8944,31,Germany,773,1
8945,41,Australia,18,0
8946,46,Australia,651,0
8947,65,USA,117,1
8948,31,Canada,236,0
8949,49,Germany,764,0
8950,21,India,276,0
8951,42,Germany,836,0
8952,64,UK,715,0
8953,53,Canada,902,0
8954,30,Canada,919,0
8955,54,Canada,426,0
8956,50,USA,893,1
8957,46,Australia,741,1
8958,37,UK,416,1
8959,33,Germany,901,1
8960,29,India,685,1
8961,54,Australia,406,0
8962,22,Germany,575,0
8963,47,UK,594,1
8964,69,Germany,321,0
8965,34,UK,771,0
8966,44,USA,412,0
8967,48,UK,783,1
8968,65,UK,72,0
8969,21,UK,862,0
8970,51,UK,380,0
8971,52,Germany,743,0
8972,19,Canada,136,0
8973,44,USA,848,0
8974,27,India,519,1
8975,29,Australia,977,0
8976,32,Germany,558,0
8977,49,Australia,115,0
8978,67,Germany,126,1
8979,22,Germany,500,0
8980,67,UK,174,1
8981,18,India,205,0
8982,66,Australia,498,0
8983,33,Germany,981,0
8984,61,Australia,420,0
8985,36,Germany,303,0
8986,29,India,788,1
8987,29,Canada,624,1
8988,69,Canada,75,0
8989,63,USA,546,0
8990,55,India,396,0
8991,45,India,475,1
8992,60,UK,872,1
8993,48,Germany,258,0
8994,43,Canada,757,1
8995,55,UK,824,1
8996,36,USA,128,0
8997,67,Canada,413,1
8998,67,Germany,191,0
8999,18,USA,68,0
9000,28,USA,782,0
9001,57,Germany,387,0
9002,46,Australia,754,0
9003,60,UK,905,0
9004,44,Germany,229,0
9005,42,India,557,1
9006,67,Canada,593,1
9007,50,Germany,103,0
9008,35,Australia,183,0
9009,59,Canada,399,0
9010,53,India,655,1
9011,65,India,606,0
9012,66,India,343,1
9013,65,Germany,59,0
9014,28,UK,749,0
9015,48,Canada,73,0
9016,34,Germany,737,0
9017,56,USA,904,1
9018,21,UK,420,0
9019,58,Canada,305,1
9020,63,UK,804,1
9021,31,Germany,647,0
9022,44,Canada,176,0
9023,53,Australia,572,0
9024,25,Germany,903,1
9025,34,India,342,0
9026,37,USA,117,1
9027,44,USA,738,0
9028,22,India,102,0
9029,36,UK,773,0
9030,31,UK,266,1
9031,39,Australia,293,1
9032,48,Australia,171,0
9033,47,Germany,994,0
9034,64,USA,68,0
9035,21,Australia,126,0
9036,45,Australia,798,0
9037,61,UK,423,0
9038,61,Germany,655,1
9039,55,India,416,0
9040,23,Germany,730,0
9041,45,Australia,901,1
9042,65,Australia,310,0
9043,35,India,205,0
9044,27,USA,157,1
9045,33,USA,601,0
9046,54,UK,34,0
9047,21,Germany,428,0
9048,48,USA,336,0
9049,19,Canada,292,0
9050,40,Australia,871,1
9051,69,UK,492,1
9052,33,Canada,619,1
9053,66,Germany,510,0
9054,44,Canada,647,1
9055,31,Germany,634,0
9056,32,UK,588,1
9057,46,Australia,535,0
9058,41,Australia,615,0
9059,27,Germany,253,0
9060,64,Australia,399,1
9061,40,USA,417,0
9062,47,UK,329,0
9063,42,Canada,893,0
9064,49,Australia,583,1
9065,37,Canada,593,0
9066,43,USA,19,0
9067,65,UK,899,0
9068,45,India,726,0
9069,63,Canada,848,0
9070,54,USA,287,0
9071,65,India,802,0
9072,28,UK,996,1
9073,24,Germany,561,0
9074,50,Australia,303,0
9075,32,India,375,1
9076,39,UK,559,1
9077,65,India,670,1
9078,64,USA,27,1
9079,38,UK,397,0
9080,28,UK,699,0
9081,50,Germany,462,1
9082,25,Australia,673,1
9083,24,UK,391,1
9084,53,USA,823,0
9085,35,UK,171,0
9086,57,UK,309,0
9087,66,Canada,763,1
9088,63,Australia,922,0
9089,22,USA,682,1
9090,59,Canada,171,0
9091,49,India,728,0
9092,63,Australia,244,0
9093,46,India,290,0
9094,30,USA,314,1
9095,26,Canada,45,0
9096,34,India,200,0
9097,57,Canada,240,1
9098,24,UK,657,1
9099,22,UK,721,0
9100,18,Australia,720,0
9101,48,UK,675,0
9102,65,UK,504,1
9103,56,Australia,597,0
9104,51,Australia,312,0
9105,19,Australia,74,1
9106,44,UK,324,1
9107,34,USA,341,1
9108,67,Canada,892,0
9109,26,Canada,293,0
9110,40,UK,162,0
9111,24,India,885,1
9112,21,USA,834,0
9113,44,India,417,0
9114,61,Canada,109,1
9115,44,UK,988,0
9116,53,UK,561,1
9117,60,Germany,8,0
9118,67,Germany,41,0
9119,66,UK,877,1
9120,39,India,78,1
9121,63,USA,196,1
9122,29,India,886,0
9123,67,India,209,0
9124,65,Canada,967,1
9125,42,India,647,0
9126,41,India,721,0
9127,48,Canada,524,1
9128,19,Canada,652,0
9129,24,Australia,829,0
9130,30,Canada,949,1
9131,66,Canada,803,0
9132,34,Australia,584,0
9133,27,Canada,674,0
9134,49,Australia,381,0
9135,28,USA,942,0
9136,21,Germany,322,1
9137,39,Germany,389,1
9138,38,USA,383,0
9139,45,USA,594,0
9140,69,India,206,1
9141,36,USA,745,1
9142,56,Germany,580,0
9143,41,UK,169,0
9144,32,UK,703,0
9145,60,Australia,412,1
9146,24,UK,161,0
9147,43,India,381,1
9148,33,Germany,124,0
9149,39,Canada,994,0
9150,63,Canada,36,0
9151,24,UK,116,0
9152,60,India,220,0
9153,26,Australia,134,0
9154,18,UK,899,0
9155,54,USA,895,0
9156,50,Australia,649,0
9157,45,USA,51,0
9158,33,India,40,1
9159,68,India,551,0
9160,53,Australia,746,0
9161,66,India,597,0
9162,43,Australia,685,0
9163,40,India,641,1
9164,60,UK,412,0
9165,58,India,965,0
9166,25,India,930,0
9167,49,India,442,1
9168,64,USA,25,0
9169,67,Germany,436,1
9170,52,Australia,352,0
9171,69,USA,197,0
9172,45,USA,776,0
9173,35,USA,537,0
9174,18,Germany,8,0
9175,51,Germany,728,0
9176,64,USA,462,0
9177,47,India,259,1
9178,28,USA,416,0
9179,29,USA,847,1
9180,41,Australia,65,0
9181,24,Canada,873,0
9182,48,Canada,353,1
9183,48,USA,674,0
9184,33,Germany,406,1
9185,44,USA,17,0
9186,52,UK,489,0
9187,69,USA,419,0
9188,69,USA,232,0
9189,30,UK,303,1
9190,44,Australia,287,0
9191,69,USA,670,1
9192,33,USA,163,0
9193,26,USA,830,0
9194,54,Canada,883,0
9195,29,India,72,0
9196,36,Canada,379,0
9197,43,India,621,0
9198,27,India,530,1
9199,43,Australia,523,0
9200,24,UK,573,1
9201,57,USA,904,0
9202,29,USA,547,0
9203,68,India,555,1
9204,19,Australia,527,0
9205,56,UK,538,1
9206,65,Canada,473,0
9207,64,UK,388,0
9208,59,UK,56,1
9209,35,India,957,1
9210,67,Canada,340,0
9211,37,Australia,174,0
9212,49,Canada,10,0
9213,58,India,652,1
9214,41,Canada,373,0
9215,63,Canada,729,1
9216,31,USA,491,0
9217,33,USA,660,0
9218,32,Canada,78,1
9219,51,USA,840,1
9220,22,Canada,376,0
9221,58,India,973,1
9222,58,Australia,110,0
9223,24,India,944,0
9224,40,UK,799,1
9225,25,India,568,0
9226,38,Canada,799,0
9227,28,USA,861,0
9228,32,Australia,699,0
9229,68,USA,925,0
9230,23,India,927,0
9231,57,Canada,657,0
9232,29,Australia,261,1
9233,58,Germany,660,1
9234,23,UK,312,0
9235,20,Australia,351,0
9236,60,Canada,632,0
9237,43,India,528,0
9238,45,Germany,903,0
9239,56,Australia,227,0
9240,29,USA,117,0
9241,46,India,735,0
9242,51,UK,33,1
9243,19,Germany,398,1
9244,22,Germany,34,0
9245,36,India,30,1
9246,33,Canada,180,1
9247,57,India,738,0
9248,31,Germany,496,0
9249,52,USA,762,0
9250,61,UK,310,0
9251,41,USA,227,1
9252,25,Germany,48,1
9253,46,USA,894,0
9254,43,Canada,421,0
9255,55,India,761,0
9256,34,Germany,588,0
9257,31,UK,546,1
9258,35,Australia,740,0
9259,55,UK,911,0
9260,26,Canada,821,0
9261,19,Australia,592,0
9262,47,USA,380,0
9263,18,USA,167,0
9264,65,UK,368,1
9265,39,Germany,982,0
9266,52,USA,671,0
9267,53,Germany,381,1
9268,66,UK,886,1
9269,48,Germany,334,0
9270,29,Canada,283,0
9271,47,Australia,594,0
9272,36,UK,342,0
9273,45,Australia,678,1
9274,35,Germany,441,0
9275,40,India,375,0
9276,49,Canada,197,0
9277,60,Germany,76,0
9278,48,UK,973,0
9279,62,Germany,292,0
9280,24,India,23,0
9281,67,USA,864,0
9282,23,Germany,464,0
9283,64,Australia,309,1
9284,58,UK,203,0
9285,31,India,856,0
9286,60,USA,991,0
9287,26,Australia,854,0
9288,65,Germany,291,0
9289,34,Australia,668,0
9290,26,USA,183,0
9291,30,Germany,559,0
9292,45,Germany,565,1
9293,25,Canada,892,0
9294,27,Australia,101,1
9295,68,Australia,289,1
9296,24,USA,609,0
9297,63,USA,96,0
9298,63,India,785,0
9299,29,Germany,318,0
9300,38,Germany,597,1
9301,38,Australia,399,0
9302,35,Canada,151,0
9303,43,USA,821,0
9304,24,Australia,472,0
9305,43,India,343,1
9306,42,USA,184,1
9307,19,UK,215,0
9308,28,India,797,1
9309,52,UK,561,0
9310,47,India,15,0
9311,68,Canada,17,0
9312,47,Germany,81,0
9313,25,USA,960,0
9314,48,India,780,0
9315,29,Germany,793,0
9316,35,Australia,83,0
9317,52,Germany,325,0
9318,44,UK,677,0
9319,33,Australia,988,0
9320,34,Canada,171,0
9321,21,Canada,66,0
9322,48,UK,857,0
9323,22,Australia,664,1
9324,67,Germany,941,0
9325,36,UK,791,1
9326,67,Germany,262,0
9327,54,Australia,798,0
9328,25,Canada,540,1
9329,55,Germany,308,0
9330,19,Germany,53,0
9331,21,Canada,461,0
9332,20,UK,137,1
9333,28,India,37,0
9334,25,Germany,251,0
9335,24,USA,632,1
9336,20,USA,530,0
9337,54,UK,92,0
9338,32,Germany,925,0
9339,66,Germany,238,1
9340,46,India,966,1
9341,64,Australia,765,0
9342,24,India,91,0
9343,34,USA,169,0
9344,19,USA,623,1
9345,59,Australia,362,1
9346,27,USA,28,0
9347,30,USA,965,1
9348,59,Germany,136,0
9349,22,Australia,267,0
9350,65,USA,138,1
9351,64,India,989,0
9352,23,Germany,523,0
9353,33,Canada,824,0
9354,36,Australia,934,0
9355,28,UK,768,1
9356,20,India,994,1
9357,42,UK,438,0
9358,32,Canada,350,1
9359,48,Canada,882,0
9360,52,USA,525,0
9361,53,USA,786,0
9362,42,Australia,44,1
9363,29,Canada,104,0
9364,45,Germany,931,0
9365,20,Germany,811,0
9366,26,India,36,0
9367,27,UK,306,0
9368,29,Australia,83,0
9369,39,Germany,963,1
9370,36,Germany,713,0
9371,66,Canada,717,0
9372,46,UK,896,1
9373,21,Canada,452,0
9374,18,UK,601,0
9375,40,Canada,514,0
9376,57,Canada,119,1
9377,33,USA,623,1
9378,44,USA,517,1
9379,66,Germany,707,1
9380,43,USA,518,0
9381,34,Germany,510,0
9382,59,Germany,560,0
9383,37,UK,966,1
9384,29,Germany,432,0
9385,21,Germany,377,0
9386,21,Germany,644,0
9387,61,USA,66,0
9388,36,USA,481,0
9389,34,India,731,1
9390,29,Canada,185,1
9391,28,Australia,909,0
9392,55,UK,538,0
9393,39,Australia,902,0
9394,27,India,83,0
9395,24,Germany,549,0
9396,61,Germany,996,0
9397,45,India,242,1
9398,25,UK,719,0
9399,66,Australia,243,1
9400,43,Germany,301,0
9401,21,Germany,588,0
9402,58,USA,26,1
9403,69,Canada,994,0
9404,26,Australia,334,0
9405,55,Germany,421,1
9406,34,Australia,141,1
9407,68,Canada,987,0
9408,38,Australia,337,1
9409,20,Canada,731,0
9410,29,Canada,911,0
9411,39,Germany,258,0
9412,30,Germany,311,0
9413,39,Canada,857,1
9414,34,India,966,0
9415,33,Canada,136,0
9416,27,USA,994,0
9417,31,Germany,323,0
9418,58,UK,727,1
9419,64,Germany,646,0
9420,52,Canada,985,0
9421,40,Germany,210,0
9422,19,Canada,415,0
9423,45,Australia,233,0
9424,58,UK,443,0
9425,56,UK,150,0
9426,19,UK,381,0
9427,36,USA,617,1
9428,49,USA,62,0
9429,47,Canada,150,0
9430,18,USA,429,1
9431,39,India,430,0
9432,32,UK,306,0
9433,57,UK,551,1
9434,28,Australia,580,0
9435,24,Canada,132,1
9436,44,USA,955,1
9437,48,Australia,253,1
9438,52,UK,713,1
9439,65,Germany,584,0
9440,33,USA,947,0
9441,64,Germany,824,0
9442,31,UK,440,0
9443,57,UK,400,0
9444,28,Germany,126,0
9445,49,UK,502,0
9446,22,USA,387,0
9447,40,Australia,94,0
9448,46,India,461,0
9449,39,India,494,0
9450,24,India,279,0
9451,32,Australia,424,0
9452,46,UK,656,0
9453,27,Canada,559,0
9454,29,USA,810,1
9455,37,Australia,860,0
9456,31,USA,759,0
9457,18,UK,147,1
9458,30,USA,904,1
9459,52,UK,855,0
9460,43,India,233,0
9461,19,USA,538,1
9462,53,Canada,281,1
9463,24,UK,283,0
9464,25,USA,523,1
9465,47,Germany,606,0
9466,69,Australia,271,0
9467,56,Germany,24,1
9468,59,Canada,340,0
9469,43,Canada,692,0
9470,22,Germany,143,0
9471,46,UK,719,0
9472,25,USA,60,1
9473,36,Australia,991,0
9474,54,Germany,394,0
9475,42,Canada,313,0
9476,21,USA,965,1
9477,22,UK,756,1
9478,18,Germany,118,0
9479,52,Canada,884,0
9480,35,Germany,970,0
9481,59,UK,417,1
9482,62,Canada,153,0
9483,52,USA,725,1
9484,28,Germany,189,0
9485,28,USA,662,0
9486,35,Australia,190,0
9487,57,Australia,358,1
9488,68,India,429,1
9489,50,UK,213,0
9490,19,Germany,909,1
9491,60,Canada,813,1
9492,40,Australia,214,0
9493,50,UK,543,0
9494,35,India,11,0
9495,20,Canada,642,0
9496,48,UK,904,0
9497,19,UK,22,0
9498,24,Germany,532,1
9499,19,India,32,0
9500,58,Germany,298,0
9501,38,Australia,685,1
9502,24,USA,401,0
9503,64,Canada,990,0
9504,24,India,891,1
9505,67,UK,42,1
9506,44,UK,462,0
9507,65,USA,627,0
9508,20,UK,711,1
9509,52,Canada,665,1
9510,36,Germany,956,0
9511,40,India,523,0
9512,69,Canada,674,0
9513,24,Australia,362,1
9514,44,USA,192,0
9515,55,Australia,314,0
9516,25,Canada,869,1
9517,39,USA,582,1
9518,53,Canada,108,0
9519,34,UK,22,1
9520,26,UK,716,0
9521,48,USA,593,1
9522,47,Canada,147,0
9523,28,Canada,276,1
9524,62,Germany,964,0
9525,42,Germany,760,1
9526,39,India,839,1
9527,49,UK,981,0
9528,25,USA,755,0
9529,38,Australia,392,1
9530,45,UK,92,0
9531,69,Canada,228,1
9532,58,UK,37,0
9533,68,Germany,844,0
9534,48,Australia,190,1
9535,43,Canada,6,0
9536,48,UK,631,0
9537,19,India,123,0
9538,68,Germany,490,0
9539,40,Germany,996,1
9540,30,UK,234,0
9541,53,Canada,464,1
9542,60,Canada,467,0
9543,52,Germany,719,0
9544,46,Australia,965,0
9545,35,Canada,691,1
9546,44,India,576,1
9547,42,USA,681,0
9548,69,Australia,245,1
9549,38,Australia,599,0
9550,19,Canada,852,0
9551,42,India,549,1
9552,41,Canada,271,1
9553,48,Germany,448,0
9554,47,India,745,1
9555,61,Australia,286,0
9556,64,Australia,488,1
9557,45,Germany,487,1
9558,69,UK,146,0
9559,45,Australia,828,0
9560,32,Canada,272,1
9561,66,Canada,95,0
9562,18,Germany,843,0
9563,26,Canada,436,0
9564,55,Australia,108,0
9565,30,Australia,379,0
9566,26,USA,750,0
9567,54,Canada,799,0
9568,36,India,447,0
9569,49,UK,555,0
9570,38,Germany,189,1
9571,61,India,903,0
9572,47,India,146,1
9573,37,India,998,0
9574,48,Australia,968,0
9575,67,Australia,345,0
9576,63,UK,850,0
9577,59,Germany,64,0
9578,23,Germany,529,0
9579,25,UK,886,1
9580,54,USA,951,1
9581,23,Australia,710,0
9582,39,India,808,0
9583,19,Germany,137,1
9584,69,UK,555,1
9585,31,UK,410,0
9586,53,Australia,230,0
9587,23,India,131,0
9588,35,UK,663,0
9589,40,Australia,384,1
9590,34,Canada,466,1
9591,51,India,556,0
9592,53,Germany,240,0
9593,42,India,586,0
9594,56,USA,140,1
9595,60,India,3,0
9596,39,India,516,0
9597,37,USA,216,0
9598,33,India,928,0
9599,29,UK,16,1
9600,22,Germany,908,1
9601,59,Germany,17,1
9602,57,Canada,488,0
9603,37,Germany,749,0
9604,58,Germany,144,0
9605,40,Australia,470,0
9606,63,USA,685,1
9607,55,India,536,1
9608,57,India,302,0
9609,63,UK,503,0
9610,35,India,652,0
9611,35,USA,189,0
9612,29,UK,104,0
9613,41,UK,371,0
9614,33,Australia,178,0
9615,54,Canada,821,0
9616,25,India,870,0
9617,37,Australia,570,0
9618,62,USA,322,0
9619,40,Australia,749,0
9620,25,Germany,400,1
9621,35,USA,548,0
9622,18,USA,64,0
9623,53,USA,843,1
9624,34,UK,792,1
9625,52,Canada,975,0
9626,68,UK,479,1
9627,42,USA,179,0
9628,31,Germany,234,0
9629,57,UK,578,0
9630,37,Australia,448,0
9631,54,Australia,49,1
9632,54,USA,689,0
9633,39,Germany,582,1
9634,41,Australia,260,0
9635,63,India,817,0
9636,52,India,423,0
9637,27,USA,712,1
9638,51,Canada,636,1
9639,49,Australia,272,1
9640,45,Canada,368,0
9641,31,USA,588,1
9642,65,Canada,80,1
9643,19,Australia,279,0
9644,63,Canada,491,1
9645,24,Canada,733,0
9646,34,UK,521,1
9647,37,Germany,842,1
9648,50,USA,544,0
9649,50,India,320,0
9650,67,Canada,114,0
9651,62,USA,310,0
9652,54,UK,265,0
9653,65,UK,316,0
9654,33,Canada,384,1
9655,48,Australia,316,0
9656,68,Germany,299,0
9657,28,Australia,718,0
9658,24,Australia,463,0
9659,48,India,984,1
9660,25,Germany,286,0
9661,31,India,797,0
9662,67,India,548,0
9663,51,USA,21,0
9664,50,India,719,0
9665,67,India,382,1
9666,28,UK,120,0
9667,18,Germany,721,0
9668,33,Germany,154,1
9669,68,UK,504,1
9670,25,Canada,606,0
9671,59,USA,7,0
9672,19,Germany,946,0
9673,24,Canada,500,0
9674,37,UK,57,0
9675,58,Australia,791,0
9676,48,USA,820,0
9677,36,UK,147,1
9678,61,Canada,745,0
9679,49,Germany,340,0
9680,65,Germany,705,0
9681,20,Australia,140,0
9682,48,India,553,1
9683,39,UK,150,0
9684,69,India,632,1
9685,46,UK,291,0
9686,64,Germany,630,0
9687,44,Australia,522,1
9688,62,UK,737,0
9689,26,UK,903,0
9690,36,USA,276,0
9691,42,Australia,773,0
9692,44,Canada,601,0
9693,65,USA,4,1
9694,66,Australia,465,0
9695,43,Australia,137,0
9696,32,USA,931,0
9697,68,Australia,246,1
9698,31,Australia,741,0
9699,35,India,342,1
9700,19,UK,96,0
9701,18,Canada,521,0
9702,54,Germany,186,0
9703,40,UK,319,0
9704,27,Australia,857,0
9705,43,Australia,794,1
9706,34,UK,424,0
9707,52,Australia,459,0
9708,32,USA,557,0
9709,36,Canada,331,0
9710,67,India,27,0
9711,29,Germany,521,0
9712,30,Germany,852,0
9713,44,USA,730,0
9714,46,Germany,662,0
9715,59,UK,915,1
9716,56,UK,399,0
9717,49,USA,243,0
9718,65,India,686,1
9719,69,UK,162,1
9720,23,India,37,0
9721,64,India,370,0
9722,36,Germany,983,1
9723,45,Australia,336,0
9724,57,UK,537,1
9725,22,Australia,327,1
9726,18,Germany,662,0
9727,21,USA,570,0
9728,31,UK,865,0
9729,28,USA,487,0
9730,18,Germany,26,0
9731,44,Germany,42,0
9732,42,Australia,72,0
9733,21,Germany,268,0
9734,28,UK,869,0
9735,53,Australia,877,0
9736,67,Germany,772,0
9737,42,USA,732,1
9738,53,India,996,0
9739,58,Australia,430,0
9740,55,UK,254,1
9741,20,Canada,567,1
9742,18,USA,331,0
9743,39,UK,62,0
9744,30,Germany,624,1
9745,48,Canada,739,0
9746,52,Australia,126,0
9747,30,Canada,950,0
9748,46,Australia,456,1
9749,24,UK,339,0
9750,40,Germany,100,0
9751,62,Australia,196,0
9752,59,USA,295,0
9753,39,USA,156,0
9754,39,Australia,738,0
9755,59,Australia,572,1
9756,24,India,202,0
9757,49,Australia,854,0
9758,37,Germany,262,0
9759,30,Australia,543,0
9760,31,India,726,1
9761,62,USA,88,0
9762,68,Germany,489,1
9763,42,India,223,0
9764,40,Australia,266,1
9765,30,UK,544,0
9766,62,UK,937,1
9767,54,Canada,936,0
9768,48,USA,566,0
9769,64,USA,436,0
9770,26,India,470,1
9771,43,India,372,0
9772,64,Canada,515,0
9773,54,Australia,696,1
9774,49,Australia,524,0
9775,65,India,666,0
9776,69,Canada,90,1
9777,25,Australia,433,0
9778,24,Germany,271,1
9779,58,UK,420,1
9780,32,Germany,503,0
9781,63,Germany,741,0
9782,68,Australia,43,1
9783,19,India,311,1
9784,54,UK,423,1
9785,65,India,911,0
9786,53,Australia,102,1
9787,42,Canada,22,0
9788,54,UK,930,0
9789,23,UK,699,1
9790,55,India,397,0
9791,18,USA,240,0
9792,35,Germany,560,1
9793,60,UK,774,0
9794,31,India,542,0
9795,25,Germany,438,1
9796,21,Germany,714,0
9797,52,Canada,496,0
9798,45,India,655,0
9799,39,USA,219,1
9800,27,USA,980,1
9801,65,Canada,629,0
9802,68,Australia,480,1
9803,36,Canada,872,1
9804,54,Australia,482,0
9805,27,India,767,0
9806,38,USA,502,0
9807,51,Germany,434,0
9808,38,India,249,0
9809,67,UK,365,1
9810,29,Australia,425,0
9811,33,India,512,0
9812,64,USA,449,0
9813,52,Germany,973,0
9814,59,Canada,991,0
9815,24,Germany,569,0
9816,45,Canada,626,0
9817,61,UK,724,0
9818,51,India,270,0
9819,32,USA,767,1
9820,55,UK,137,0
9821,32,India,933,0
9822,21,Canada,725,0
9823,36,USA,549,1
9824,54,USA,179,1
9825,65,Australia,524,0
9826,33,Canada,14,1
9827,18,Germany,372,0
9828,49,Germany,533,0
9829,68,Australia,46,0
9830,47,Germany,94,0
9831,53,USA,71,0
9832,31,India,367,1
9833,55,Australia,410,0
9834,62,India,528,1
9835,49,India,765,0
9836,33,UK,247,1
9837,31,UK,345,0
9838,24,Australia,908,0
9839,63,Germany,979,1
9840,62,Germany,444,0
9841,66,India,848,0
9842,66,Germany,973,0
9843,37,India,146,0
9844,37,Canada,992,0
9845,46,India,772,0
9846,37,UK,674,0
9847,50,Australia,143,0
9848,39,Australia,632,1
9849,42,India,901,0
9850,52,Germany,834,1
9851,33,India,942,1
9852,66,Germany,995,0
9853,22,India,448,1
9854,64,USA,119,1
9855,20,UK,774,1
9856,19,UK,594,0
9857,22,India,686,0
9858,18,Canada,650,1
9859,61,Germany,858,0
9860,67,India,908,0
9861,18,UK,377,0
9862,39,Canada,972,0
9863,38,Australia,84,1
9864,64,Australia,735,1
9865,31,Germany,346,1
9866,24,USA,55,1
9867,29,USA,831,1
9868,26,Germany,355,0
9869,59,India,864,0
9870,45,UK,126,0
9871,68,Australia,925,0
9872,22,Germany,773,1
9873,45,Australia,809,1
9874,46,India,718,0
9875,69,Australia,104,0
9876,54,Germany,945,0
9877,35,Australia,801,0
9878,45,Germany,612,0
9879,54,Australia,87,0
9880,28,Canada,32,0
9881,21,UK,551,1
9882,40,USA,408,1
9883,22,USA,357,0
9884,36,Canada,357,0
9885,24,USA,296,0
9886,44,USA,594,0
9887,19,UK,784,0
9888,34,India,572,0
9889,34,Germany,557,0
9890,57,UK,64,1
9891,23,Canada,956,1
9892,66,Australia,277,0
9893,29,Canada,697,1
9894,44,Australia,390,0
9895,60,Australia,681,0
9896,32,USA,405,1
9897,22,USA,647,0
9898,32,UK,220,0
9899,22,Canada,583,1
9900,48,Canada,416,1
9901,59,Germany,331,1
9902,57,UK,339,1
9903,59,Germany,760,0
9904,24,Australia,743,1
9905,39,UK,795,1
9906,55,India,880,0
9907,19,Canada,445,0
9908,61,USA,811,0
9909,44,Canada,685,0
9910,57,India,721,0
9911,30,UK,452,0
9912,42,India,893,0
9913,65,Canada,317,0
9914,28,Germany,345,0
9915,43,UK,208,1
9916,38,Germany,96,0
9917,25,India,73,0
9918,58,USA,333,0
9919,44,UK,106,1
9920,60,Australia,792,1
9921,59,Canada,395,0
9922,25,Germany,273,1
9923,65,India,207,0
9924,62,UK,306,0
9925,54,USA,462,0
9926,52,UK,209,0
9927,44,USA,835,0
9928,19,India,580,0
9929,38,Germany,831,1
9930,19,UK,986,0
9931,45,Australia,669,0
9932,45,UK,188,0
9933,43,Germany,507,1
9934,63,UK,73,0
9935,43,UK,293,1
9936,21,Canada,757,0
9937,37,UK,667,0
9938,39,Canada,704,0
9939,48,UK,785,0
9940,24,Germany,638,1
9941,27,India,283,0
9942,39,UK,763,0
9943,60,Australia,581,1
9944,52,Germany,193,0
9945,53,India,327,0
9946,28,Canada,402,0
9947,41,Australia,779,0
9948,68,Australia,698,0
9949,32,Germany,835,0
9950,51,USA,926,0
9951,26,India,936,1
9952,44,India,623,0
9953,24,USA,821,0
9954,37,India,309,0
9955,60,India,740,0
9956,51,USA,248,0
9957,26,Germany,438,0
9958,45,UK,311,0
9959,38,India,271,0
9960,19,Australia,942,0
9961,26,Germany,194,1
9962,34,Germany,489,0
9963,51,USA,965,0
9964,46,Germany,958,1
9965,31,USA,52,1
9966,57,Germany,61,1
9967,69,UK,809,1
9968,43,Australia,155,1
9969,51,Canada,95,0
9970,25,Germany,524,0
9971,51,Germany,205,1
9972,64,Germany,256,0
9973,58,USA,459,0
9974,45,Australia,195,0
9975,32,India,585,1
9976,24,USA,76,0
9977,35,UK,525,0
9978,55,USA,85,0
9979,62,India,371,0
9980,40,UK,1,1
9981,45,India,635,0
9982,43,India,398,0
9983,46,Australia,580,1
9984,31,Canada,923,0
9985,20,UK,94,1
9986,40,Canada,18,0
9987,57,Australia,508,1
9988,29,Canada,169,0
9989,34,India,681,0
9990,31,Canada,869,0
9991,43,USA,304,0
9992,40,Canada,95,1
9993,19,Canada,626,0
9994,46,India,715,0
9995,21,Germany,743,1
9996,63,USA,679,1
9997,58,India,967,1
9998,40,Germany,971,0
9999,66,Australia,924,0
